id,full_text,clean_text,label
308,RT @DocumentTailor: There's not much time left to benefit from #Token bonuses during our #preICO NOW LIVE! #Invest before our #ICO #TokenOf…,theres not much time left to benefit from bonuses during our now live before our,1
2644,RT @CollinCrypto: It's amazing how much the alleged text links to CP on the blockchain FUD has spread this week. That FUD was posted five y…,its amazing how much the alleged text links to cp on the blockchain fud has spread this week that fud was posted five y,1
753,"Fintech Requires New Ways of Thinking https://t.co/RlQUHWiWhU via @wordpressdotcom

#Bitcoin #Speedcoin #btcnano.or… https://t.co/vECoiBpyNs",fintech requires new ways of thinking via or,1
463,HODL for sure... but spend every chance you get. via /r/Bitcoin https://t.co/wWsmuHVu6g,hodl for sure but spend every chance you get via rbitcoin,1
316,"Strong words from team #Essentia ""We're building the open-source mechanism of how machines and humans will interope… https://t.co/gH0SKuic0K",strong words from team were building the opensource mechanism of how machines and humans will interope,1
3179,"Name: Tidex Token
Symbol: TDX
24 hour change: -37.96%
Price: 0.289714
Rank: 649
Total Supply: 10000000.0
Volume: 39… https://t.co/zxoPqiTHia",name tidex token symbol tdx 24 hour change 3796 price 0289714 rank 649 total supply 100000000 volume 39,0
1872,"Name: Bread
Symbol: BRD
24 hour change: -11.52%
Price: 0.459205
Rank: 214
Total Supply: 88862718.0
Volume: 1350980.… https://t.co/uo9QWr5aI2",name bread symbol brd 24 hour change 1152 price 0459205 rank 214 total supply 888627180 volume 1350980,0
2426,Install CryptoTab and mine Bitcoin! httpGet more than 1 BTC per month! Develop the network and get your rewardss://getcryptotab.com/422427,install cryptotab and mine bitcoin more than 1 btc per month develop the network and get your rewardssgetcryptotabcom422427,1
4593,"Name: BlockMason Credit Protocol
Symbol: BCPT
24 hour change: -9.63%
Price: 0.492497
Rank: 221
Total Supply: 116158… https://t.co/SI1JcfaMX4",name blockmason credit protocol symbol bcpt 24 hour change 963 price 0492497 rank 221 total supply 116158,0
5028,RT @InvResDynamics: SPX down another 20 points from the close.  10yr yield below 2.80.  Gold is flying.  Bitcoin is tanking.  Markets are r…,spx down another 20 points from the close 10yr yield below 280 gold is flying bitcoin is tanking markets are r,0
2909,@ohiobitcoin Bitcoin Private mainnet test successfully complete! BTCP blockchain works stably.12 global exchanges s… https://t.co/2f5hycac7g,bitcoin private mainnet test successfully complete btcp blockchain works stably12 global exchanges s,1
3996,RT @Cointelegraph: #Bitcoin is Getting Ready to Scale. https://t.co/r32IEJAALi,is getting ready to scale,1
4225,"RT @WhalePanda: #Bitcoin Fud of the day: 
1) allegedly Japanese FSA wants to send out a warning about Binance, CZ says it's false, they're…",fud of the day 1 allegedly japanese fsa wants to send out a warning about binance cz says its false theyre,0
4384,"Payments Race Winner Amélie Arras Out To Prove Bitcoin Is The Best Again https://t.co/WB52xjm8ng

The winner of the… https://t.co/acgc1o8Ee5",payments race winner amlie arras out to prove bitcoin is the best again the winner of the,1
5209,"Not sure if this pump is sustainable, but I’m in.",not sure if this pump is sustainable but im in,1
2464,"#Bitcoin #price #analysis: $BTCUSD finds short-term bottom at $8,360; Bitcoin holders angry about withdrawal delays… https://t.co/kDnKOrguAZ",btcusd finds shortterm bottom at 8360 bitcoin holders angry about withdrawal delays,0
5397,'I sold too early' and 'I didn't buy enough' are 2 phrases I hear all too commonly regarding Bitcoin. cryptocurre... https://t.co/Dosgvjmezk,i sold too early and i didnt buy enough are 2 phrases i hear all too commonly regarding bitcoin cryptocurre,0
1455,"RT @cryptopaymon: ☄ AddressCategory: Popular (92 addresses):
⛓ Txs: 67.49K (avg: 733.62)
📈 Input: 343.58K BTC / 2.95B USD (avg: 3.73K BTC /…",addresscategory popular 92 addresses txs 6749k avg 73362 input 34358k btc 295b usd avg 373k btc,1
3892,"If you believe cryptocurrencies like Bitcoin, Ethereum, Ripple, etc… https://t.co/kZQVl7OdYO ~ More on #Pinterest",if you believe cryptocurrencies like bitcoin ethereum ripple etc more on,1
3120,"#Singapore Central Bank has become a true Bitcoin-backing financial institution, with it tipping the cryptocurrency… https://t.co/A7TreOJ45M",central bank has become a true bitcoinbacking financial institution with it tipping the cryptocurrency,1
3018,🤔Binance In Trouble? / Digix FINALLY Releasing DGX / Diet Bitcoin – LOL! / Bitcoin Illegal / More! https://t.co/ek3ZJjqoCQ,binance in trouble digix finally releasing dgx diet bitcoin lol bitcoin illegal more,1
3924,"In summary, one can insert small amounts of data into the blockchain during bitcoin transactions. People have inser… https://t.co/onvd6Y4633",in summary one can insert small amounts of data into the blockchain during bitcoin transactions people have inser,0
496,"Setcoin Advisor David Drake about Bitcoin, ICO’s and much more
https://t.co/wp6KrmoSws",setcoin advisor david drake about bitcoin icos and much more,1
4326,"❗ Bitcoin live chart ❗  #dax30  #Bitcoin #wiwo 
🔴  https://t.co/IxPVBzZPdV 🔴 https://t.co/HRV5IC4Dsi",bitcoin live chart,1
2891,coma? bitcoin? value? https://t.co/HjBZGnkssb https://t.co/XHik7w3V2z,coma bitcoin value,0
263,"RT @Beonbox: Our #Big #Tokensale is #coming, #Starting #date on 20th #march 06:00am (#UTC). Be #ready, #invest #smart and get #good #income…",our is on 20th 0600am be and get,1
1964,Cryptocurrency issuers clean up as SEC vows to gets tough ... https://t.co/wHYATRckyL #bitcoin #blockchain #business #financial #tech,cryptocurrency issuers clean up as sec vows to gets tough,0
629,"Liberland to Issue Its Own Cryptocurrency, Accepts Bitcoin, Bitco https://t.co/j7ARVTZrHc #bitcoin #ethereum #bitcoinprice #cryptocurrency",liberland to issue its own cryptocurrency accepts bitcoin bitco,1
5597,"Name: Bread
Symbol: BRD
24 hour change: -9.1%
Price: 0.483195
Rank: 212
Total Supply: 88862718.0
Volume: 1405630.0… https://t.co/LRAn8So8dY",name bread symbol brd 24 hour change 91 price 0483195 rank 212 total supply 888627180 volume 14056300,0
3672,RT @BitcoinBtcNews: A New Book Says This Man Has To Be Bitcoin Creator Satoshi Nakamoto https://t.co/jtC42ah2vr https://t.co/XuxDAlTKFv,a new book says this man has to be bitcoin creator satoshi nakamoto,1
4317,"Know your crypto's worth.  Then add tax.

#CryptoTax #Bitcoin #Btc $BTC #Blockchain #Ethereum #Ether #Crypto… https://t.co/YajOEVeSiX",know your cryptos worth then add tax btc,1
4143,"The most practical, comprehensive solution to defending your netwo https://t.co/05IWJdgVbl #Cybersecurity #Bitcoin https://t.co/62IrAu468D",the most practical comprehensive solution to defending your netwo,1
4376,#bitcoin #bitcoinaustralia (Crypto Collectibles Are Worthless Without a Website) B ... - https://t.co/PMTC0vClW8… https://t.co/PkBZrZCvTl,crypto collectibles are worthless without a website b,0
3286,"RT @handcashapp: HandCash works 100% with 0-Conf technology, which means instant, almost free and reliable transactions. https://t.co/3cSC4…",handcash works 100 with 0conf technology which means instant almost free and reliable transactions,1
5380,"Sawatdee kha - enjoy our full body Thai massages every week, become relaxed &amp; successful - we accept #BitCoin for a… https://t.co/O3Fr5B4TC4",sawatdee kha enjoy our full body thai massages every week become relaxed successful we accept for a,1
3076,RT @earthtokens: Where did it all Begin? https://t.co/emmroDwqaV #crypto #climate #earth #green #blockchain #cryptocurrency #environment #i…,where did it all begin,0
2711,The latest The Crypto Coin Current! https://t.co/sQN6K4lv1z Thanks to @Piffer55 @OliBTC @ICOBuzzNews #bitcoin #cryptocurrency,the latest the crypto coin current thanks to,1
964,"@Eugenia40909866 Binary Option Trade And Bitcoin Mining!!!
Are you interested in trading? Its possible for you to b… https://t.co/GzZRM3WdRc",binary option trade and bitcoin mining are you interested in trading its possible for you to b,1
2562,"Name: CRYPTO20
Symbol: C20
24 hour change: -8.54%
Price: 1.28612
Rank: 169
Total Supply: 40656082.0
Volume: 2556220… https://t.co/ShFLgKrpHw",name crypto20 symbol c20 24 hour change 854 price 128612 rank 169 total supply 406560820 volume 2556220,0
2084,"Name: Raiden Network Token
Symbol: RDN
24 hour change: -9.97%
Price: 1.54432
Rank: 130
Total Supply: 100000000.0
Vo… https://t.co/zt4ikreJrL",name raiden network token symbol rdn 24 hour change 997 price 154432 rank 130 total supply 1000000000 vo,0
2710,"The one-stop-source powering Cybersecurity success, jam-packed wit https://t.co/Um09ZcRrw9 #Cybersecurity #Bitcoin https://t.co/X79Puky2Ux",the onestopsource powering cybersecurity success jacked wit,1
3696,$BTC Monthly Web Traffic for Major #Bitcoin Exchanges Falls by Half: Markets and Costs The disappointing worth… https://t.co/k7SUdrKLdI,btc monthly web traffic for major exchanges falls by half markets and costs the disappointing worth,0
3104,"RT WhalePanda ""This is now the 2nd time he used the #MeToo hashtag in a very very wrong way. How can anyone in his… https://t.co/gByoLeKHRb",whalepanda this is now the 2nd time he used the hashtag in a very very wrong way how can anyone in his,0
4039,"Bad news: Bitcoin on the decline.
Current Rate: 8680.62 USD = 1 BTC",bad news bitcoin on the decline current rate 868062 usd 1 btc,0
3466,Hosted By MFrazz: Look! Jack Dorsey Expects Bitcoin To Be The World’s ‘Single Currency’ In A Decade https://t.co/DtTybHaJhs,hosted by mfrazz look jack dorsey expects bitcoin to be the worlds single currency in a decade,0
4124,RT @Ragnarly: I don't trust professional conference speakers or full time conference attenders in bitcoin/blockchain. If they're not full t…,i dont trust professional conference speakers or full time conference attenders in bitcoinblockchain if theyre not full t,1
1843,"Name: Raiden Network Token
Symbol: RDN
24 hour change: -8.78%
Price: 1.53763
Rank: 131
Total Supply: 100000000.0
Vo… https://t.co/UOPhIcy6tr",name raiden network token symbol rdn 24 hour change 878 price 153763 rank 131 total supply 1000000000 vo,0
3770,"@oceanpark Fascinating and thank you!

I sincerely hope this implementation of blockchain is designed to be vastly… https://t.co/6rZ4RVQCRn",fascinating and thank you i sincerely hope this implementation of blockchain is designed to be vastly,1
5089,RT @WeissRatings: #Twitter CEO says: #Bitcoin will be the world’s primary currency by 2028. Why just Bitcoin? #btc #cryptocurrency #crypto.…,ceo says will be the worlds primary currency by 2028 why just bitcoin,1
2688,"Where does #AirdropFauct buy coins? https://t.co/CmgV4nryUm SIGN UP FOR FREE COINS Get coins #EARLY, before they hi… https://t.co/StbV0keaFm",where does buy coins sign up for free coins get coins before they hi,1
3513,"Name: DADI
Symbol: DADI
24 hour change: -11.97%
Price: 0.187455
Rank: 352
Total Supply: 100000000.0
Volume: 2534910… https://t.co/JdBW8boPFv",name dadi symbol dadi 24 hour change 1197 price 0187455 rank 352 total supply 1000000000 volume 2534910,0
281,"RT turbostocks ""RT TFTCS ""Bitcoin Will Become the World’s ‘Single Currency,’ Says Twitter CEO https://t.co/HyLo1yW5t8""""",turbostocks tftcs bitcoin will become the worlds single currency says twitter ceo,0
2911,RT @RichardHeartWin: Buying #Bitcoin is wholesome. Shorting #BTC is bad for your health! 10% discount affcode for your well being :) https:…,buying is wholesome shorting is bad for your health 10 discount affcode for your well being,0
4221,Coinboard: Crypto Collectibles Are Worthless Without a Website https://t.co/42stV0MwvX via BTCTN #cryptocurrency… https://t.co/geM6P2SekJ,coinboard crypto collectibles are worthless without a website via btctn,0
1235,"RT @pierre_rochard: I'm trying to write a concise description of Bitcoin's software for normies, please let me know if you have any correct…",im trying to write a concise description of bitcoins software for normies please let me know if you have any correct,1
4198,"Name: Triggers
Symbol: TRIG
24 hour change: -9.23%
Price: 0.938328
Rank: 237
Total Supply: 32105578.0
Volume: 41770… https://t.co/oVyIyqpSE9",name triggers symbol trig 24 hour change 923 price 0938328 rank 237 total supply 321055780 volume 41770,0
5503,Each Thrive has an intrinsic value thanks to its unique quality as an asset backed cryptocurrency. #thrive #ico… https://t.co/SAWSBSUluz,each thrive has an intrinsic value thanks to its unique quality as an asset backed cryptocurrency,1
878,"Name: COSS
Symbol: COSS
24 hour change: -11.04%
Price: 0.24504
Rank: 334
Total Supply: 104000000.0
Volume: 1014470.… https://t.co/zKSnOwksUL",name coss symbol coss 24 hour change 1104 price 024504 rank 334 total supply 1040000000 volume 1014470,0
4112,"@Crypt0F Bitcoin -Gold (BTG) do  gaining popular also becoming more expensive, simply You still donТt own it? You a… https://t.co/vU3ibnYHTy",bitcoin gold btg do gaining popular also becoming more expensive simply you still dont own it you a,1
2175,"Curious. 
https://t.co/UQwx53fxOo",curious,0
1632,RT @RiconaOfficial: ICO is Closing in Next 6 Hours! Still skeptical? Get Ready to miss out on potential 5x gains if you Do Not Act NOW. Exc…,ico is closing in next 6 hours still skeptical get ready to miss out on potential 5x gains if you do not act now exc,0
3990,"RT @ZacMannes: The green ii is much less likely now, with only 3up off the 8500 #bitcoin low today.
Ideally holding ~here as (B) and headin…",the green ii is much less likely now with only 3up off the 8500 low today ideally holding here as b and headin,1
1325,"RT @coinexpertpro: huobi pro gives 80 thron free #TRXTron #Airdrop #bitcoin #Huobi 
1- join https://t.co/QKyQdQS0NO  choose any country
2-c…",huobi pro gives 80 thron free 1 join choose any country 2c,1
675,"fifth speaker @Satoshis_Vision @vermorel 
Terabyte blocks :)

""bandwidth is the most solved problem of #bitcoin.""",fifth speaker terabyte blocks bandwidth is the most solved problem of,1
5689,"Friday Eve Rewind To ➡ January 7, 2018@3:15pm 

 Governments are extremely worried about cryptocurrencies s ║… https://t.co/2OKKGIXZOr",friday eve rewind to january 7 2018 governments are extremely worried about cryptocurrencies s,0
4801,"@A_Kursak Bitcoin -Gold (Bitcoin-Gold) and becomes best news &amp; fitting other expensive, simply You still donТt own… https://t.co/OwXvGtu2cK",bitcoin gold bitcoingold and becomes best news fitting other expensive simply you still dont own,1
2147,"Name: Modum
Symbol: MOD
24 hour change: -15.03%
Price: 2.18133
Rank: 196
Total Supply: 27266200.0
Volume: 1710860.0… https://t.co/EDGCjl3cgc",name modum symbol mod 24 hour change 1503 price 218133 rank 196 total supply 272662000 volume 17108600,0
5014,RT @Sid18672054: So exchanges are desperate for clients and giving away free cash to trade with interesting… https://t.co/QlF4tfWQg7,so exchanges are desperate for clients and giving away free cash to trade with interesting,0
5271,"RT @RebelliousCoin: Good news for investors in #Cryptocurrencies . The bear market for #Cryptocurrency, is ""largely over."" That's according…",good news for investors in the bear market for is largely over thats according,1
2210,University Student Gang ”Breaking Bad” Jailed For Dealing $1M+ in Drugs for Bitcoin via /r/btc https://t.co/TWQer2VTOL,university student gang breaking bad jailed for dealing 1m in drugs for bitcoin via rbtc,0
1591,"How to mine dogecoin, bitcoin, litecoin, reddcoin, dashcoin free in mobile 1 mh/s || MAD EARNING || https://t.co/7vFkEUN8j5",how to mine dogecoin bitcoin litecoin reddcoin dashcoin free in mobile 1 mhs mad earning,0
4502,Wow small potatoes. Guy needs to crank his demands up. https://t.co/QxZ9Krknf9,wow small potatoes guy needs to crank his demands up,0
2673,INTERCEPT is the previously untold - and previously highly classif https://t.co/Ez8JvZCbDi #Cybersecurity #Bitcoin https://t.co/uUNTL6kboO,intercept is the previously untold and previously highly classif,0
4602,"@Salvador_Diaz
Your stats for Bitcoin Cash 📊

Rank: 4
Price USD: 972.69$
Trend 1h: -0.01% ↘️
Trend 24h: -7.43% ↘️
T… https://t.co/r7EV2DIqqz",your stats for bitcoin cash rank 4 price usd 97269 trend 1h 001 trend 24h 743 t,0
2506,"@AirdropKitty Bitcoin BTG (BTG) do  become best news also attractive extra expensive, only Your still donТt own it?… https://t.co/nAFNoQlbeS",bitcoin btg btg do become best news also attractive extra expensive only your still dont own it,1
4037,"RT @ProfFaustus: The error in how many look at bitcoin is to seek the perfect. 

Steel is strong due to imperfections added to the Iron.

B…",the error in how many look at bitcoin is to seek the perfect steel is strong due to imperfections added to the iron b,1
5630,FUZZING Master One of Today’s Most Powerful Techniques for Reveal https://t.co/IumrJzob3k #Cybersecurity #Bitcoin https://t.co/vJ9zWN4MMY,fuzzing master one of todays most powerful techniques for reveal,1
911,"#blockchain #btc #crypto #cryptocurrency #bitcoin #Ethereum #ETH 73 
 The first blockchain platform to power sports… https://t.co/1zFqzZYd3x",73 the first blockchain platform to power sports,1
4900,"@aman39115 @Onkar1987 Bitcoin BTG (BTG) go become popularity &amp; becoming extra expensive, marely You still donТt hol… https://t.co/MCHxy5MLvf",bitcoin btg btg go become popularity becoming extra expensive marely you still dont hol,0
224,"Step up your #investing game. If you don't have #bitcoin yet, start here https://t.co/ref1VxhgOs",step up your game if you dont have yet start here,0
4472,"RT @SpirosMargaris: Better #Bitcoin Relay? 

#Crypto #VCs Back BloXroute Funding  

https://t.co/TgEyhambU4 #fintech @BradyDale @coindesk #…",better relay back bloxroute funding,1
5513,@inananalysis @stillgray Which i find hilarious because the only crypto miner i actually know is black. He was doin… https://t.co/6nKruz0D17,which i find hilarious because the only crypto miner i actually know is black he was doin,1
5294,"Name: Tidex Token
Symbol: TDX
24 hour change: -36.54%
Price: 0.287895
Rank: 651
Total Supply: 10000000.0
Volume: 39… https://t.co/Jc9a6Dvb7X",name tidex token symbol tdx 24 hour change 3654 price 0287895 rank 651 total supply 100000000 volume 39,0
5414,"Bitcoin $BTC price is: $8451.89 

QUICK! Sign up before Binance closes registration! 😊 💰  

➡️… https://t.co/nJi9r5VJVO",bitcoin btc price is 845189 quick sign up before binance closes registration,1
4283,So @rocketman_ai  you like #Bitcoin &amp; #Crypto Cool 👍🏻 Great to connect RocketMan much appreciated,so you like cool great to connect rocketman much appreciated,1
147,"I feel like for this article to provide an accurate view of the future adoption of #bitcoin, there needs to be ment… https://t.co/HDQgqKU5hA",i feel like for this article to provide an accurate view of the future adoption of there needs to be ment,1
2151,"https://t.co/0ScptZxYqG ""Emin Gun Sirer @ SV conference: Teechan &gt; Lightning, a superior off-chain transaction laye… https://t.co/unRMQsIJw5",emin gun sirer sv conference teechan gt lightning a superior offchain transaction laye,1
5021,The latest The bitcoin Daily! https://t.co/IoXFPYzvVs Thanks to @daman7775 #bitcoin #cryptocurrency,the latest the bitcoin daily thanks to,1
3264,"Correcting wrong or strange Kanji Tattoo designs.
1 revision ＝ 0.00005bitcoin
Give me DM or reply.
#Japanese #Kanji #tattoo #bitcoin",correcting wrong or strange kanji tattoo designs 1 revision 000005bitcoin give me dm or reply,0
1024,"Name: Santiment Network Token
Symbol: SAN
24 hour change: -13.98%
Price: 1.23259
Rank: 128
Total Supply: 83337000.0… https://t.co/Nm41yxOqkF",name santiment network token symbol san 24 hour change 1398 price 123259 rank 128 total supply 833370000,0
3299,Serving as a continuation of the bestselling book EW 101: A First https://t.co/Mr4TGr0yVB #Cybersecurity #Bitcoin https://t.co/UTDuh6E0Kt,serving as a continuation of the bestselling book ew 101 a first,1
1767,RT @noob2crypto: Is @Twitter seriously allowing these #scam accounts to be @verified or are they simply adding the logo to their accounts?…,is seriously allowing these accounts to be or are they simply adding the logo to their accounts,0
5495,"@vijayshekhar 
Sir, what's your opinion on Bitcoin and other CryptoCurrencies?
And if government will legalise it,… https://t.co/cGFDI0URlz",sir whats your opinion on bitcoin and other cryptocurrencies and if government will legalise it,0
985,Bitcoin Will Be World's 'Single Currency' Says Twitter CEO https://t.co/qI0LOIUWPF via @CoinDesk,bitcoin will be worlds single currency says twitter ceo via,0
654,Generation nation help meeting right great ever every product #Bitcoin,generation nation help meeting right great ever every product,0
9,"RT @gramtoncoin: Telegram Launches ‘Secret’ Second Presale, start

#ton #gram #coin #ICO #bitcoin #eth #btc #ethereum",telegram launches secret second presale start,0
2437,"Name: Steem Dollars
Symbol: SBD
24 hour change: -11.44%
Price: 2.07038
Rank: 266
Total Supply: 10947622.0
Volume: 1… https://t.co/UEwxVKcoC9",name steem dollars symbol sbd 24 hour change 1144 price 207038 rank 266 total supply 109476220 volume 1,0
3287,Make sure interests are aligned #FridayFeeling #lowermycharges #fintech #robotadvice #regtech #bitcoin #pensions… https://t.co/fHYW2YZ2Ln,make sure interests are aligned,1
947,Norway Govt. Welcomes Bitfury to Open $35 Million Bitcoin Mining Center https://t.co/HVL1RqD2Is,norway govt welcomes bitfury to open 35 million bitcoin mining center,0
1372,Coinbase Unveils Plans for Index Fund Under new Asset Management arm #bitcoin .. https://t.co/JcO6Vq0Wrn,coinbase unveils plans for index fund under new asset management arm,1
4508,"Not even surprised... they shut down the entire state over an inch of snow, easy to guess they'd have vulnerabiliti… https://t.co/0l89nsG1kI",not even surprised they shut down the entire state over an inch of snow easy to guess theyd have vulnerabiliti,1
3369,"Bitcoin Cash Price Technical Analysis – BCH/USD Short-term Bearish Key Points

Bitcoin cash price failed to ... -… https://t.co/kE1CrI7oRu",bitcoin cash price technical analysis bchusd shortterm bearish key points bitcoin cash price failed to,0
5167,"Current #crypto prices on #Bittrex:

#Bitcoin at $8,357, down -7.0%.
#Ethereum at $510, down -9.8%.
#Ripple at $0.6… https://t.co/pdvqkFvvki",current prices on at 8357 down 70 at 510 down 98 at 06,0
4530,Look! Jack Dorsey Expects Bitcoin To Be The World’s ‘Single Currency’ In A Decade https://t.co/Bvq35ylM54,look jack dorsey expects bitcoin to be the worlds single currency in a decade,0
3812,RT @BTCTN: ICO Trackers Are the New Gatekeepers of Crowdsales https://t.co/lBalSe2kYs #Bitcoin https://t.co/IQuTwDJMQp,ico trackers are the new gatekeepers of crowdsales,1
614,RT @LendConnect_ICO: Already giving-away 5 LCT. Do you want us to give 5 more? Maybe 10?⬇️⬇️⬇️⬇️⬇️⬇️⬇️⬇️⬇️⬇️⬇️⬇️ https://t.co/IgMiMVPeLU,already givingaway 5 lct do you want us to give 5 more maybe 10,1
1674,"Millions of Sick Get Misdiagnosed Each Year, Could AI Do a Better Job? -  https://t.co/x9nhRwWLMC… https://t.co/PMT7YVUaBS",millions of sick get misdiagnosed each year could ai do a better job,0
2192,"Name: Havven
Symbol: HAV
24 hour change: -6.19%
Price: 0.483357
Rank: 239
Total Supply: 100000000.0
Volume: 1063440… https://t.co/zzOljvpnte",name havven symbol hav 24 hour change 619 price 0483357 rank 239 total supply 1000000000 volume 1063440,0
1772,"#wan finally lists on #binance. You know what to do sheep  https://t.co/GM8BTesKFs
#bitcoin #btc #blockchain",finally lists on you know what to do sheep,0
2182,"RT @IMateosylago: Meet #Saga, the offspring of very old and a very young monetary utopias, the SDR and cryptocurrencies. Was only a matter…",meet the offspring of very old and a very young monetary utopias the sdr and cryptocurrencies was only a matter,1
4823,Call decide our animal several effort explain possible with education across #Bitcoin,call decide our animal several effort explain possible with education across,0
1583,The rules of battle for tracking down and eliminating hardware and https://t.co/M4069cZdTw #Cybersecurity #Bitcoin https://t.co/lH5W4GbGVy,the rules of battle for tracking down and eliminating hardware and,0
2764,RT @miha1974S: #Binance #exchange received warning from #Japan financial regulator because of absence of #KYC according to Japanese rules.…,received warning from financial regulator because of absence of according to japanese rules,0
2854,"GIFcoin Attracts Cryptocurrency Industry Top Experts to Advisory Board    Bitcoin ..

https://t.co/EC3o1hMVsn… https://t.co/N2bz6V4Dcs",gifcoin attracts cryptocurrency industry top experts to advisory board bitcoin,1
5514,"Pablo would be so proud! #btc
#bitcoin #litecoin #blockchain https://t.co/jLjJRlrXpz",pablo would be so proud,1
1592,"RT @Indie_Success: Out Now! ""Jackpot""
Nightcore (Jackpot) club mix (limited)
by J-DOUBLE-R Mikrow
https://t.co/0qPH0ig2QT

#jackpot #buynow…",out now jackpot nightcore jackpot club mix limited by jdoubler mikrow,0
3440,#Bitcoin Falls on Fears of Regulatory Trouble for Big Crypto Exchange #bitcoin #cryptocurrency #ethereum #forex… https://t.co/N1JpgBOuyU,falls on fears of regulatory trouble for big crypto exchange,0
2427,"Find more on #cancer https://t.co/5btZEGTnFz • March 23, 2018 at 08:15AM • #success #mesothelioma #money #health… https://t.co/alTKDMzBUO",find more on march 23 2018 at 0815am,1
470,Waiting on money for my new iPhone https https://t.co/aMB55MK52W #findom #paypig #bitcoin #dating,waiting on money for my new iphone,1
3479,"RT @truffeforex: The Italian law firm KMlegalnet is filing criminal charge against IRONFX before the Public Prosecutor in Rome.
#bbc #cnbc…",the italian law firm kmlegalnet is filing criminal charge against ironfx before the public prosecutor in rome,0
1834,"Dutch court : #Bitcoin demonstrates all the characteristics of a “property right”

#blockchain #dlt #cryptocurrency  https://t.co/xMozLWb0Gf",dutch court demonstrates all the characteristics of a property right,1
598,FREE bitcoin faucet where YOU decide when to claim! https://t.co/XqucvvzUSY #bitcoin #faucet via @Moon_Bitcoin #crypto,free bitcoin faucet where you decide when to claim via,1
5261,RT @CoinWolfIndia: With the emergence of various cryptocurrencies and people catching up with the phrase of bitcoin Multiple options have c…,with the emergence of various cryptocurrencies and people catching up with the phrase of bitcoin multiple options have c,1
5600,"Retweeted Cointelegraph — Bitcoin and Cryptocurrency News (@Cointelegraph):

The SEC is examining up to 100 hedge f… https://t.co/utc0ryNunA",retweeted cointelegraph bitcoin and cryptocurrency news the sec is examining up to 100 hedge f,0
4483,@tradershub_io Sick of watching the professionals trade Crypto easily while you sit back and lost money. How’s abou… https://t.co/lJDNL8gP7U,sick of watching the professionals trade crypto easily while you sit back and lost money hows abou,0
5196,"Name: Santiment Network Token
Symbol: SAN
24 hour change: -13.14%
Price: 1.24398
Rank: 127
Total Supply: 83337000.0… https://t.co/GjQI7yqky6",name santiment network token symbol san 24 hour change 1314 price 124398 rank 127 total supply 833370000,0
404,Tired of giving 2.9% of your business profits and half your soul to the creditcard companies? Accept crypto and sto… https://t.co/YaM6j11Ghq,tired of giving 29 of your business profits and half your soul to the creditcard companies accept crypto and sto,0
3256,"Name: BlockMason Credit Protocol
Symbol: BCPT
24 hour change: -13.22%
Price: 0.471531
Rank: 222
Total Supply: 11615… https://t.co/TPOnUzSq3t",name blockmason credit protocol symbol bcpt 24 hour change 1322 price 0471531 rank 222 total supply 11615,0
4247,That #bitcoin &amp; #crypto might be used as a tool for negative activity is no different than the fact that—with enoug… https://t.co/HQxdFL117h,that might be used as a tool for negative activity is no different than the fact thatwith enoug,0
3202,"🔥🍜 Ready for some more $RAMEN 🍜🔥

Here's your chance to get 1700 #RamenCoin #RamenCoin $RAMEN #airdrop #bounty #ICO… https://t.co/oemgNGvidq",ready for some more ramen heres your chance to get 1700 ramen,1
5327,RT @UTEMISUTS: 📰 There is a powerful reason for creating the UTEMIS cryptocurrency token!  Read our executive summary 🔥==&gt;&gt; https://t.co/rD…,there is a powerful reason for creating the utemis cryptocurrency token read our executive summary gtgt,1
309,"To learn more about the concept of a new project and to participate in the bonus program, join @XiWATT  Telegram:… https://t.co/GFPWj0Kyxw",to learn more about the concept of a new project and to participate in the bonus program join telegram,1
3591,"Download Free #Infographic with ""58 INSANE FACTS ABOUT #BITCOIN"" - #CryptoCurrency Enthusiasts Will be Amazed &gt;&gt;&gt;&gt; https://t.co/rMrlaibu53",download free with 58 insane facts about enthusiasts will be amazed gtgtgtgt,0
1227,"@Osaidbk Bitcoin BTG (Bitcoin Gold) do  gaining popular ^&amp;^ seemly extra expensive, only Your still donТt hold it?… https://t.co/nEJ7RSSjDm",bitcoin btg bitcoin gold do gaining popular seemly extra expensive only your still dont hold it,1
2466,"Name: Mercury
Symbol: MER
24 hour change: -9.84%
Price: 0.19852
Rank: 296
Total Supply: 100000000.0
Volume: 1270350… https://t.co/9kyBddMZms",name mercury symbol mer 24 hour change 984 price 019852 rank 296 total supply 1000000000 volume 1270350,0
2646,"Name: EZToken
Symbol: EZT
24 hour change: -6.97%
Price: 0.918368
Rank: 410
Total Supply: 50000000.0
Volume: 1155370… https://t.co/jjIcBpliRI",name eztoken symbol ezt 24 hour change 697 price 0918368 rank 410 total supply 500000000 volume 1155370,0
2781,"RT @GlobalCryptoDev: Oh, hello $9k. We missed you!

(But we still miss $19k more, no offense) 

#bitcoin $btc #cryptocurrency",oh hello 9k we missed you but we still miss 19k more no offense btc,1
2315,"Current Bitcoin Rate in USD : 8,414.4538 Check other Currencies: https://t.co/KqQpwIzXrs #BitsRate #BTC #Bitcoins",current bitcoin rate in usd 84144538 check other currencies,0
3891,#XEM Price is 0.00003306 (+0.00000015) #BTC / 0.277827 (+0.00162) #USD. Market rank is 13. #nem #bitcoin #blockchain,price is 000003306 000000015 0277827 000162 market rank is 13,0
2034,"fifth speaker @Satoshis_Vision @vermorel 

""At the end of the game it's better engineering that wins the game,
many… https://t.co/sb6g20aKhq",fifth speaker at the end of the game its better engineering that wins the game many,0
5098,"Bitcoin, Regulation and More On Crypto News…. https://t.co/7BAYLvux8j",bitcoin regulation and more on crypto news,1
5218,"Blockchain: The Complete Beginners Guide (bitcoin, Cryptocurrency, Ethereum, Smart Contracts, Mining And  https://t.co/mTwY9SI7LY #bitcoin",blockchain the complete beginners guide bitcoin cryptocurrency ethereum smart contracts mining and,1
64,"A #forex robot is #forextrading software that automates #trading decisions!

The most popular robots for retail tra… https://t.co/kbBDDWoGN9",a robot is software that automates decisions the most popular robots for retail tra,1
4614,The latest The  WAKTM Daily! https://t.co/hdBkV9qul1 Thanks to @BerniesHomie @whatday1 @patrickmucio #bitcoin #news,the latest the waktm daily thanks to,1
5085,Talk directly to your system for a faster workflow with automation https://t.co/rgmyYafdsH #Cybersecurity #Bitcoin https://t.co/Gh4FYsKb3V,talk directly to your system for a faster workflow with automation,1
2411,"Now get free bitcoins 
Totally free no investment 
FREE BTC , FREE lite coin , FREE dash coins , FREE Dodge coins… https://t.co/aIIKM5wtbc",now get free bitcoins totally free no investment free btc free lite coin free dash coins free dodge coins,1
4660,"☄ AddressCategory: Popular (92 addresses):
⛓ Txs: 67.49K (avg: 733.62)
📈 Input: 343.58K BTC / 2.95B USD (avg: 3.73K… https://t.co/PCjs8CyMwz",addresscategory popular 92 addresses txs 6749k avg 73362 input 34358k btc 295b usd avg 373k,1
3854,"@ElixiumCrypto Bitcoin Gold (Bitcoin-Gold) are becomes popularity also fitting new expensive, but Your still donТt… https://t.co/YHi8GqskZJ",bitcoin gold bitcoingold are becomes popularity also fitting new expensive but your still dont,1
4459,"@coinpricenow Bitcoin BTG (Bitcoin-Gold) a becomes best news and becoming more expensive, marely Your still donТt h… https://t.co/s4dovlLoLO",bitcoin btg bitcoingold a becomes best news and becoming more expensive marely your still dont h,1
4320,"Im sure there is also culture and laws in place to make this possible there and not america...

Not sure how much a… https://t.co/D8tnDviNfC",im sure there is also culture and laws in place to make this possible there and not america not sure how much a,1
3199,"RT @TweetyBirdbrain: Real use comparison Lightening vs BCH. LN Starblocks: open channel $2.32, 2 failed routing errors, 1 stuck pending, 9…",real use comparison lightening vs bch ln starblocks open channel 232 2 failed routing errors 1 stuck pending 9,0
1555,Getting real tired of Bitcoin's bipolar bitch ass. $BTC,getting real tired of bitcoins bipolar bitch ass btc,0
1793,"Altcoin Bear Market 'Over', Bitcoin 'Less Miserable,' Tom Lee Declares https://t.co/C3eW2S6ySV",altcoin bear market over bitcoin less miserable tom lee declares,0
2081,"Name: Raiden Network Token
Symbol: RDN
24 hour change: -14.31%
Price: 1.47973
Rank: 129
Total Supply: 100000000.0
V… https://t.co/AEcpe4XacB",name raiden network token symbol rdn 24 hour change 1431 price 147973 rank 129 total supply 1000000000 v,0
4914,"RT @sbmeunier: Yesterday I watched John Oliver’s segment on #cryptocurrencies. It was accurate, surprisingly. 

Holy moly that Tapscott’s M…",yesterday i watched john olivers segment on it was accurate surprisingly holy moly that tapscotts m,1
2933,"RT @RedmondPie: Bitcoin Will Become World's Single Currency Within 10 Years, Says Twitter CEO https://t.co/XDK9M0j7s2 https://t.co/d7rCHZ0V…",bitcoin will become worlds single currency within 10 years says twitter ceo,0
4886,"@nickbaumgardner If anybody wants to earn world's top 3 currencies, like- Bitcoin, Ethereum &amp; Ripple.
*You have onl… https://t.co/qbrI5uRVDC",if anybody wants to earn worlds top 3 currencies like bitcoin ethereum ripple you have onl,1
371,This couple loves #bitcoin so much that they decided to have a #bitcoin themed wedding. Most of their guests gave... https://t.co/oximQAMJwo,this couple loves so much that they decided to have a themed wedding most of their guests gave,1
3182,RT @nm940512: It's finally here - @DeepOnionx has released Android Wallet V 1.0! You can watch more about it here: https://t.co/wvs2ZSwzzN…,its finally here has released android wallet v 10 you can watch more about it here,1
1148,"RT @FATJEW: New York is so white right now it's talking about Bitcoin at a Soul Cycle class wearing cargo shorts and a t-shirt that says ""B…",new york is so white right now its talking about bitcoin at a soul cycle class wearing cargo shorts and a tshirt that says b,1
99,"#blockchain #btc #crypto #cryptocurrency #bitcoin #Ethereum #ETH 81 
 The first blockchain platform to power sports… https://t.co/FBbiL4LE0g",81 the first blockchain platform to power sports,1
1491,"@zebpay Next Bitcoin is The Champcoin (TCC)
India's First &amp; No1 CryptoCurrency...",next bitcoin is the chcoin tcc indias first no1 cryptocurrency,1
5565,"use #BTC2 , @btccloud tags
Total Supply # 20M
4M Coins Will be Airdrop For Free
Limited to 10,000 
More Information… https://t.co/xW19MfbSHg",use tags total supply 20m 4m coins will be airdrop for free limited to 10000 more information,1
1116,Bad anything nothing very military lead meet Congress rather stop citizen allow #Bitcoin,bad anything nothing very military lead meet congress rather stop citizen allow,0
291,"Name: Modum
Symbol: MOD
24 hour change: -6.95%
Price: 2.33043
Rank: 191
Total Supply: 27266200.0
Volume: 1973400.0… https://t.co/rZjK526f0D",name modum symbol mod 24 hour change 695 price 233043 rank 191 total supply 272662000 volume 19734000,0
2130,RT @Bitcoin_Post: DOJ Slaps Crypto-Friendly Money Firm Payza with Money Laundering Suit https://t.co/x76CBwz3IA #Bitcoin,doj slaps cryptofriendly money firm payza with money laundering suit,0
246,CEO of Twitter: Bitcoin Will Be World’s Single Currency:https://t.co/3sTBXFWK3O,ceo of twitter bitcoin will be worlds single currency,0
5324,"RT @Xbond49: #Britain 🇬🇧unveils new #fintech plans, including #cryptocurrencies https://t.co/pNfq3YLOmj #blockchain #DigitalCurrency #crypt…",unveils new plans including,1
5111,"RT @Bitcoin: The @Bitit_Gift service now allows users to buy Bitcoin Cash (BCH) by credit card, cash and wire transfer using more than 14 f…",the service now allows users to buy bitcoin cash bch by credit card cash and wire transfer using more than 14 f,1
3985,Sha256 was rated as the most secure crypto algorithms. #Bitcoin uses that. It’s proven to be impenetrable and most secure crypto #cryptocon,sha256 was rated as the most secure crypto algorithms uses that its proven to be impenetrable and most secure crypto,1
5138,"New bitcoin report for block 514761, there were 0 transactions over $500,000 USD totaling $0 USD. Full report here: https://t.co/oRbHBeUwSr",new bitcoin report for block 514761 there were 0 transactions over 500000 usd totaling 0 usd full report here,1
5480,"Name: BlockMason Credit Protocol
Symbol: BCPT
24 hour change: -13.89%
Price: 0.468944
Rank: 223
Total Supply: 11615… https://t.co/0z1hQ9sAhc",name blockmason credit protocol symbol bcpt 24 hour change 1389 price 0468944 rank 223 total supply 11615,0
4889,"@lambertmike54 If he really did his research, he would have realized it had to do with the FED raising interest rat… https://t.co/R8mbQJHzY8",if he really did his research he would have realized it had to do with the fed raising interest rat,1
4618,One Bitcoin now worth $8428.79@bitstamp. High $9099.590. Low $8377.290. Market Cap $142.720 Billion #bitcoin,one bitcoin now worth 842879 high 9099590 low 8377290 market cap 142720 billion,1
5079,RT @BitcoinCenterNY: Bitcoin Center NYC Welcomes Delegation of High School Students from Mexico City https://t.co/1QE0Ep5DdM https://t.co/E…,bitcoin center nyc welcomes delegation of high school students from mexico city,1
3816,Google reveals two blockchain projects as it eyes data transparency! Read more at: https://t.co/o5ZgbxhEeB #bitcoin #btc #google #crypto,google reveals two blockchain projects as it eyes data transparency read more at,1
178,Where Could #Bitcoin Succeed as a Currency? In a Failed State #Venezuela #cryptocurrency https://t.co/O5v9U2cpUS via @backchnnl,where could succeed as a currency in a failed state via,0
2698,"awealthofcs: Does anyone know how stocks perform following a 2% down day when bitcoin is crashing, rates are rising… https://t.co/nktXBO2r0c",awealthofcs does anyone know how stocks perform following a 2 down day when bitcoin is crashing rates are rising,0
5152,Twitter CEO Jack Dorsey Predicts That Bitcoin Will Be The World’s ‘Single Currency’ Within - https://t.co/82k7n4jKMC,twitter ceo jack dorsey predicts that bitcoin will be the worlds single currency within,0
2558,TMX enters bitcoin market with new cryptocurrency platform https://t.co/zOPvIJbSS5 #cryptocurrency #TMX,tmx enters bitcoin market with new cryptocurrency platform,1
1613,RT @baceexchange: BACE will provide a platform for direct trade between #cryptocurrencies and fiat. Investors can therefore directly access…,bace will provide a platform for direct trade between and fiat investors can therefore directly access,1
5133,"This coin exchange crap is dumb.
Exchange burn - 1/1 crap 
Does bitcoin or Litecoin do this crap. Not easy for all of us to exchange",this coin exchange crap is dumb exchange burn 11 crap does bitcoin or litecoin do this crap not easy for all of us to exchange,0
3900,"RT @DavidLetternan: I bought 3,500 bitcoin in 2011 for $2.78 each. I will pick 50 random people who retweet this and give one to each of yo…",i bought 3500 bitcoin in 2011 for 278 each i will pick 50 random people who retweet this and give one to each of yo,0
4565,#ADA Price is 0.00002252 (-0.00000020) #BTC / 0.189038 (-0.00175) #USD. Market rank is 6. #cardano #bitcoin #blockchain,price is 000002252 000000020 0189038 000175 market rank is 6,0
5402,"Name: BlockMason Credit Protocol
Symbol: BCPT
24 hour change: -14.11%
Price: 0.469159
Rank: 225
Total Supply: 11615… https://t.co/eXWz72yZXu",name blockmason credit protocol symbol bcpt 24 hour change 1411 price 0469159 rank 225 total supply 11615,0
517,"RT @DougPolkPoker: Retweet if you believe Bitcoin will 1 day be worth $100,000",retweet if you believe bitcoin will 1 day be worth 100000,1
3615,https://t.co/MfeCZWMZ0p's CEO Wants To Undermine Wall Street With The Tech Behind Bitcoin... via /r/btc https://t.co/aO9VFPRXDe,ceo wants to undermine wall street with the tech behind bitcoin via rbtc,0
2665,"Leaving out your personal investment - Would it really be that bad if #bitcoin would drop sub 1k? 

I never joined… https://t.co/FAa5nfCSMT",leaving out your personal investment would it really be that bad if would drop sub 1k i never joined,0
1512,What does a Texas school district have in common with Macy's new s https://t.co/DsBP7QlbN3 #Cybersecurity #Bitcoin https://t.co/0BKCwNAhhM,what does a texas school district have in common with macys new s,0
3772,RT @Gamblica: We need our own #crypto Groundhog Day for things like that https://t.co/K84cRqjQdZ,we need our own groundhog day for things like that,1
3148,Affiliate network with instant bitcoin payouts. Get paid when action is performed  to increase your affiliate marke… https://t.co/p02HMzjwQ5,affiliate network with instant bitcoin payouts get paid when action is performed to increase your affiliate marke,1
2707,"""RSK sidechain is operational on mainnet and Jaxx smartphone wallet supports it. Why is this not hands down the mai… https://t.co/YypwlG2TVf",rsk sidechain is operational on mainnet and jaxx smartphone wallet supports it why is this not hands down the mai,0
717,$BTC $ETH $LTC $XRP $BCH $ADA $XMR Bank of England Governor Claims Bitcoin Has ‘Failed’ As A Currency https://t.co/x3lucWlTAl,btc eth ltc xrp bch ada xmr bank of england governor claims bitcoin has failed as a currency,0
5793,"Twitter and Square CEO Jack Dorsey says he believes bitcoin will eventually become the world's single currency, but… https://t.co/5BEjM7rQ9B",twitter and square ceo jack dorsey says he believes bitcoin will eventually become the worlds single currency but,0
3235,@Batsuc If you are trying to get started using Bitcoin Private you might to know how to claim free 1 BTCP coin from… https://t.co/UOuhv3kSxk,if you are trying to get started using bitcoin private you might to know how to claim free 1 btcp coin from,1
2050,"@ElixiumCrypto Bitcoin BTG (Bitcoin Gold) do  become popularity &amp; apt added expensive, marely Your still donТt own… https://t.co/HjGGzOGdER",bitcoin btg bitcoin gold do become popularity apt added expensive marely your still dont own,1
5619,"RT @tfkohler: Despite Crackdown on Trading, #Crypto and #BlockChain in China Are Alive https://t.co/lChKIbsO5Z #CryptoCurrencies #Cryptorev…",despite crackdown on trading and in china are alive,1
1616,"RT @DigitalKeith: Every 60 sec on Internet. 
#DigitalMarketing #InternetMarketing #SocialMedia #SEO #SMM #Mpgvip #Defstar5 #BigData #Bitcoi…",every 60 sec on internet,0
4444,"Name: DADI
Symbol: DADI
24 hour change: -4.25%
Price: 0.212604
Rank: 330
Total Supply: 100000000.0
Volume: 2918350.… https://t.co/Euqu9n4bYq",name dadi symbol dadi 24 hour change 425 price 0212604 rank 330 total supply 1000000000 volume 2918350,0
4995,"@coinpricenow Bitcoin Gold (BTG) go gaining best news &amp; attractive more expensive, marely You still donТt own it? Y… https://t.co/wLWYFf3wFQ",bitcoin gold btg go gaining best news attractive more expensive marely you still dont own it y,1
906,@FlyGuyInTheSky Bitcoin Stinks,bitcoin stinks,0
61,@BDubbJr He got SUPER into bitcoin. He came back and started doing reviews,he got super into bitcoin he came back and started doing reviews,1
4204,"Name: Propy
Symbol: PRO
24 hour change: -4.17%
Price: 0.763426
Rank: 369
Total Supply: 100000000.0
Volume: 5572410.… https://t.co/tOiFjy2LB4",name propy symbol pro 24 hour change 417 price 0763426 rank 369 total supply 1000000000 volume 5572410,0
4653,Typical story. Organizations ignore the ransomware threat because it's only getting the occasional desktop computer… https://t.co/ZH9kSYRrMN,typical story organizations ignore the ransomware threat because its only getting the occasional desktop computer,0
2120,TOKYO – The value of Bitcoin fell more than 4 percent … to Japanese… https://t.co/PZaqNUtU9P @bitcoinkiosk_,tokyo the value of bitcoin fell more than 4 percent to japanese,1
2696,"Name: NuBits
Symbol: USNBT
24 hour change: -5.96%
Price: 0.730519
Rank: 478
Total Supply: 70359638.0
Volume: 128843… https://t.co/WNayvHiYym",name nubits symbol usnbt 24 hour change 596 price 0730519 rank 478 total supply 703596380 volume 128843,0
358,"@aaaamhim Bitcoin Gold (BTG) do  gaining popular ^&amp;^ fitting more expensive, simply Your still donТt own it? You go… https://t.co/GqpkP89lH0",bitcoin gold btg do gaining popular fitting more expensive simply your still dont own it you go,1
2040,@tayterswiftx it’s a secret social network only for people that know about it an I have a privacy policy we’re no i… https://t.co/zCptOwnaiS,its a secret social network only for people that know about it an i have a privacy policy were no i,0
937,"RT @bethereumteam: What do you value most about Bethereum?
#crypto #bitcoin #ethereum #BTC #betting #Blockchain #Bethereum #cryptocurrency",what do you value most about bethereum,1
1008,"@solitaryflight_ @_Kevin_Pham Profit and politics are usually entertwined.
Maybe he’s trying to uproot Bitcoin w hi… https://t.co/lFqm4wzIBL",profit and politics are usually entertwined maybe hes trying to uproot bitcoin w hi,0
3649,"Name: CRYPTO20
Symbol: C20
24 hour change: -8.41%
Price: 1.28826
Rank: 168
Total Supply: 40656082.0
Volume: 2575220… https://t.co/RzgjYHWuUt",name crypto20 symbol c20 24 hour change 841 price 128826 rank 168 total supply 406560820 volume 2575220,0
5606,"Sharing impressions: #Blockchain &amp; #Bitcoin #Conference
#Akaiito team is glad to share with You comments and emotio… https://t.co/E4zMsxLiHE",sharing impressions team is glad to share with you comments and emotio,1
4946,"RT @IraFudmore: @CobraBitcoin @Excellion Bitcoin Cash is not a scam, it's a sham. 

https://t.co/fh8EFb6Xbe
1: a trick that deludes; 
2: ch…",bitcoin cash is not a scam its a sham 1 a trick that deludes 2 ch,0
3253,"@Crypto_Wags Every coin isn't created equally, of course. I firmly believe in white paper bitcoin / pow economics b… https://t.co/dFRzXE6HbN",every coin isnt created equally of course i firmly believe in white paper bitcoin pow economics b,0
533,"Name: WaBi
Symbol: WABI
24 hour change: -4.45%
Price: 0.807211
Rank: 205
Total Supply: 99218023.0
Volume: 4210550.0… https://t.co/fCHg4fvZ0I",name wabi symbol wabi 24 hour change 445 price 0807211 rank 205 total supply 992180230 volume 42105500,0
4367,"Name: EZToken
Symbol: EZT
24 hour change: -6.53%
Price: 0.923655
Rank: 411
Total Supply: 50000000.0
Volume: 1166590… https://t.co/HSMnJVs2h8",name eztoken symbol ezt 24 hour change 653 price 0923655 rank 411 total supply 500000000 volume 1166590,0
3671,GIFcoin Shares Profits from Online Betting Through Successful VitalBet Platform https://t.co/tv8FtG4ua3… https://t.co/8vcKaUFaxO,gifcoin shares profits from online betting through successful vitalbet platform,1
1508,@_Kevin_Pham Before you I didn't know Bitcoin could be racist and that millenials somehow need to own all of them s… https://t.co/0l3Xfv5A9M,before you i didnt know bitcoin could be racist and that millenials somehow need to own all of them s,1
3992,"Name: Arcblock
Symbol: ABT
24 hour change: -12.76%
Price: 0.682683
Rank: 143
Total Supply: 186000000.0
Volume: 4628… https://t.co/aWuDSXjLRW",name arcblock symbol abt 24 hour change 1276 price 0682683 rank 143 total supply 1860000000 volume 4628,0
230,"Name: Bread
Symbol: BRD
24 hour change: -11.09%
Price: 0.464175
Rank: 214
Total Supply: 88862718.0
Volume: 1360990.… https://t.co/WfvekZUTVY",name bread symbol brd 24 hour change 1109 price 0464175 rank 214 total supply 888627180 volume 1360990,0
1557,"📢 NEW AIRDROP 📢

Laxmicoin is doing a new AIRDROP  (💵 Value: ~ 500 Laxmicoin)

Click here: https://t.co/E4Q09G7odq… https://t.co/m2MXTKZT8p",new airdrop laxmicoin is doing a new airdrop value 500 laxmicoin click here,1
456,"Number One Site to Earn Free Bitcoins : https://t.co/LCc9X1kD6X #bitcoin #btc March 23, 2018 at 03:15AM",number one site to earn free bitcoins march 23 2018 at 0315am,1
582,"In my heart, I believe bitcoin is ridiculous and that's dandy",in my heart i believe bitcoin is ridiculous and thats dandy,0
3950,Crypto Collectibles Are Worthless Without a Website https://t.co/xc2Lg2TjM9 via @Bitcoincom  #BNP,crypto collectibles are worthless without a website via,0
1886,"Name: Mercury
Symbol: MER
24 hour change: -9.91%
Price: 0.197704
Rank: 288
Total Supply: 100000000.0
Volume: 115472… https://t.co/qchlvrUJWV",name mercury symbol mer 24 hour change 991 price 0197704 rank 288 total supply 1000000000 volume 115472,0
2079,"Learn more about Bitcoin!

#bitcoin #informational #doracrea #finance #fintech #mining #learn #skills #techonology https://t.co/vCFdbNkAfp",learn more about bitcoin,1
1015,New post (Bitcoin News App) has been published on Bitcoin Realm Thai - https://t.co/oqkgWDUTmj https://t.co/fVVmyLJmSX,new post bitcoin news app has been published on bitcoin realm thai,1
2435,RT @ugosetti: #bitcoin will be world’s single #currency says #twitter CEO #disruption #blockchain #cryptocurrency #fintech #VC #digitalcurr…,will be worlds single says ceo,0
5676,"RT @dhaimes: Talking #blockchain at Collaborate 18
This session was full at OOW and we had to turn people away, so sign up NOW if you are i…",talking at collaborate 18 this session was full at oow and we had to turn people away so sign up now if you are i,1
2164,"New post: ""Monthly Web Traffic for Major Bitcoin Exchanges Falls by Half"" https://t.co/jKVJK98ETS",new post monthly web traffic for major bitcoin exchanges falls by half,1
1811,300k Bitcoin Email Database - Less then 5% bounce back rate - 95% delivery rate -2018 https://t.co/z1fXub3ilZ https://t.co/vrVRdHwxGK,300k bitcoin email database less then 5 bounce back rate 95 delivery rate 2018,0
2708,@crypt0snews Bitcoin can be wiped out if the authorities prove it as a counterfeit like a 3 dollar fake bill....,bitcoin can be wiped out if the authorities prove it as a counterfeit like a 3 dollar fake bill,0
2459,Africa’s #First #Bitcoin #Exchange Is #TARGETING One #Billion #Users - https://t.co/xBkIeW3W1T - #Africas,africas is one,1
2253,hmmmmmmm good https://t.co/iH6Jdttobv,hmmmmmmm good,1
3429,REVOLUTIONIZING BROKERAGE OF PERSONAL DATA. Opiria &amp; PDATA token create an ecosystem for the secure trading of pers… https://t.co/ZLxmL3n06b,revolutionizing brokerage of personal data opiria pdata token create an ecosystem for the secure trading of pers,1
3889,"This is insane, if citizen information is compromised will paying the ransom make a difference? https://t.co/7nWFgQSeJQ",this is insane if citizen information is compromised will paying the ransom make a difference,0
871,"I’m skeptical, but not fully bearish yet.",im skeptical but not fully bearish yet,0
2259,RT @_blockandchain_: Twitter CEO praises bitcoin as the currency of the future !?! Is this real talk or just bullshit... because personally…,twitter ceo praises bitcoin as the currency of the future is this real talk or just bullshit because personally,1
4967,"Name: Iconomi
Symbol: ICN
24 hour change: -12.86%
Price: 0.995867
Rank: 103
Total Supply: 99735687.0
Volume: 118100… https://t.co/LMoV9KgJH3",name iconomi symbol icn 24 hour change 1286 price 0995867 rank 103 total supply 997356870 volume 118100,0
278,#Bitcoin and the Painful Art of Wrist Slitting - https://t.co/BNDxNjNxdT… https://t.co/ZaGE4Amk5F #currency #business #forex,and the painful art of wrist slitting,0
2826,Thailand to Pass Two New Cryptocurrency Laws #bitcoin .. https://t.co/1HyRhSdA8Z,thailand to pass two new cryptocurrency laws,1
4230,"The $DGD token is sometimes confused with a $DGX token. Both are created by @DigixGlobal , but with different purpo… https://t.co/YBh8A4rZXZ",the dgd token is sometimes confused with a dgx token both are created by but with different purpo,0
4929,What’s up with them bitcoin wallets... y’all been quiet lately.. talk to me,whats up with them bitcoin wallets yall been quiet lately talk to me,0
2599,Blackstone co-founder Peterson dead at 91: report https://t.co/MY3mN4B3wv #bitcoin #ethereum #bitcoinprice #cryptocurrency,blackstone cofounder peterson dead at 91 report,0
5568,HODL for sure... but spend every chance you get. - https://t.co/sHByHF4Vz0 - Generate Bitcoin. Take your free Bitcoin,hodl for sure but spend every chance you get generate bitcoin take your free bitcoin,1
228,"The World’s First Education Platform integrating AI eLearning, Teaching and Tutoring now comes with the $1,500,000… https://t.co/Aaa7UqM7ih",the worlds first education platform integrating ai elearning teaching and tutoring now comes with the 1500000,1
5582,Trade Bitcoin and other cryptocurrency with up to 100x leverage - GET 10% Discount on BitMEX for 6 months!!! →… https://t.co/tTzRTmWS50,trade bitcoin and other cryptocurrency with up to 100x leverage get 10 discount on bitmex for 6 months,0
1460,"Bitcoin Falls on Fears of Regulatory Trouble for Big Crypto Exchange Binance.

#bitgenie #geniepredicts… https://t.co/sBYCbPquSl",bitcoin falls on fears of regulatory trouble for big crypto exchange binance,0
5633,"Britain unveils new fintech plans, including cryptocurrencies: LONDON (Reuters) - Britain announced a task force on… https://t.co/wxgc0wwoqj",britain unveils new fintech plans including cryptocurrencies london reuters britain announced a task force on,1
4638,Como minar Bitcoin en la nube con Golden Farm #bitcoin — Steemit https://t.co/LvTbWmr5Fk,como minar bitcoin en la nube con golden farm steemit,1
1855,"BTC fell to $8,424 (a new 24h low)

#bitcoin #btc #blockchain #crypto #signals #cryptocurrency https://t.co/EhXZRwKNLI",btc fell to 8424 a new 24h low,1
5279,The fast and easy way to secure your CISSP certification Are you https://t.co/oLpmYvhEIR #Cybersecurity #Bitcoin https://t.co/cnFOeUSw7E,the fast and easy way to secure your cissp certification are you,1
2794,How to Use Blackjack Basic Strategy for Betting Progression Up-as-you-lose betting progressions (the most famous of… https://t.co/Xcj3k7HeCu,how to use blackjack basic strategy for betting progression upasyoulose betting progressions the most famous of,1
3408,"#blockchain #btc #crypto #cryptocurrency #bitcoin #Ethereum #ETH 26 
 The first blockchain platform to power sports… https://t.co/EgNI4dQQHT",26 the first blockchain platform to power sports,1
4951,"I enjoy re-reading articles, books, etc. after learning more about a subject. Glacier and the long-term secure stor… https://t.co/sgJE17bwjH",i enjoy rereading articles books etc after learning more about a subject glacier and the longterm secure stor,1
412,"Name: Groestlcoin
Symbol: GRS
24 hour change: -17.63%
Price: 0.449723
Rank: 225
Total Supply: 69679064.0
Volume: 12… https://t.co/iXd9N2CrzO",name groestlcoin symbol grs 24 hour change 1763 price 0449723 rank 225 total supply 696790640 volume 12,0
4643,"RT @Excellion: In a few months we’ll see more functional #LApps and #LApp users, powered by #Lightning and $BTC, than #DApps using $ETH. #B…",in a few months well see more functional and users powered by and btc than using eth,1
2627,WIngs are listed on exchanges so don't miss this airdrop to get your free 1200 wings token @… https://t.co/Hax76G9gBY,wings are listed on exchanges so dont miss this airdrop to get your free 1200 wings token,1
5427,"RT @coinseedapp: From birth to age 18, a girl needs good parents, from 18 to 35 she needs good looks, from 35 to 55 she needs a good person…",from birth to age 18 a girl needs good parents from 18 to 35 she needs good looks from 35 to 55 she needs a good person,1
886,Bitcoin slumps after Japan warns major cryptocurrency venue #cryptocurrency #btc #altcoin https://t.co/2TJXJLEzLX https://t.co/zJ50VkZ6Ij,bitcoin slumps after japan warns major cryptocurrency venue,1
3588,"Name: BlockMason Credit Protocol
Symbol: BCPT
24 hour change: -12.31%
Price: 0.468684
Rank: 222
Total Supply: 11615… https://t.co/7GD8Umc7VJ",name blockmason credit protocol symbol bcpt 24 hour change 1231 price 0468684 rank 222 total supply 11615,0
1411,80000 EU-based Merchants Can Now Accept Bitcoin and 50 Other Cryptocurrencies https://t.co/c3QK9Ca4A2 #news #bitcoin https://t.co/2EV8C4EF61,80000 eubased merchants can now accept bitcoin and 50 other cryptocurrencies,0
962,$btc #bitcoin #markets #news #trading $crypto https://t.co/T74GtJzto6 Theory: The market dumps so hard because the… https://t.co/f8z8Y15Kzd,btc crypto theory the market dumps so hard because the,0
661,The official &amp; authentic https://t.co/v1BUu9bND6,the official authentic,1
3133,"Name: Edgeless
Symbol: EDG
24 hour change: -8.34%
Price: 0.734566
Rank: 147
Total Supply: 132046997.0
Volume: 10070… https://t.co/eysumeugnd",name edgeless symbol edg 24 hour change 834 price 0734566 rank 147 total supply 1320469970 volume 10070,0
3296,Great to read such forward thinking ideas https://t.co/mBCcJqoCfa,great to read such forward thinking ideas,1
4386,"Looking closely to $ETH. We might breakout this falling wedge, but we also need more volume to recover. Blue box is… https://t.co/6FDpQK7wnh",looking closely to eth we might breakout this falling wedge but we also need more volume to recover blue box is,1
1906,"5 min #RSI Signals:

$BTC - $DYN: 0.71
$BTC - $PINK: 6.84
$BTC - $SLR: 7.19
$BTC - $NEOS: 16.5
$BTC - $BQX: 17.23… https://t.co/Xs3aZ2UHy5",5 min signals btc dyn 071 btc pink 684 btc slr 719 btc neos 165 btc bqx 1723,0
2924,#XEM Price is 0.00003306 (-0.00000018) #BTC / 0.277553 (-0.00318) #USD. Market rank is 13. #nem #bitcoin #blockchain,price is 000003306 000000018 0277553 000318 market rank is 13,0
2317,"@examplerismana1 @aderismana Bitcoin Gold (Bitcoin-Gold) and becomes popularity &amp; right extra expensive, marely You… https://t.co/4lQ8arAq2T",bitcoin gold bitcoingold and becomes popularity right extra expensive marely you,0
142,"https://t.co/2AmKC67ngW #AutoFeedlyBot #

The NSA Worked to “Track Down” Bitcoin Users, Snowden Documents Reveal  T… https://t.co/RFyHRsSGWy",the nsa worked to track down bitcoin users snowden documents reveal t,0
931,"RT @muirfieldip: ""TAOs... offer enhanced safety for investors and accountability for the issuing firm."" - Tom Zaccagnino (@tomzaccagnino),…",taos offer enhanced safety for investors and accountability for the issuing firm tom zaccagnino,0
1454,"We available 24/7 to attend to our customers instant payment you can trust.
#jasonkenechi #oshaprapa #bitcoin https://t.co/bNfjajXhox",we available 247 to attend to our customers instant payment you can trust,1
2889,"Name: IoT Chain
Symbol: ITC
24 hour change: -6.96%
Price: 1.07392
Rank: 162
Total Supply: 100000000.0
Volume: 83605… https://t.co/whVxSqeFQq",name iot chain symbol itc 24 hour change 696 price 107392 rank 162 total supply 1000000000 volume 83605,0
3746,"#BREAKING

#Snowden LEAKS !!! New documents that reveal-  #NSA TARGETS #BITCOIN USERS !

@Fulcrum__News… https://t.co/hOcTR8KBlt",leaks new documents that reveal targets users,1
5454,RT BradyDale: Big endorsement for zcash by Snowden. Good work by Blockstack getting the whistleblower's take on cry… https://t.co/HyfpruU3g8,bradydale big endorsement for zcash by snowden good work by blockstack getting the whistleblowers take on cry,1
3794,"Dow Down, Bitcoin Up, but totally correlated, No-coiners lack imagination, $320,000 Bitcoin? https://t.co/V4PNjcRrjT",dow down bitcoin up but totally correlated nocoiners lack imagination 320000 bitcoin,0
5646,Cybercrime has recently experienced an ascending position in natio https://t.co/n0erqliJXl #Cybersecurity #Bitcoin https://t.co/xM5xzgvuap,cybercrime has recently experienced an ascending position in natio,1
791,"RT @RamenCoin2018: The OFFICIAL @RamenCoin2018 Twitter #Airdrop ROUND 1 is LIVE!

Receive 500 $RAMEN for completing the tasks: https://t.co…",the official twitter round 1 is live receive 500 ramen for completing the tasks,0
864,"Name: INS Ecosystem
Symbol: INS
24 hour change: -12.66%
Price: 1.16078
Rank: 223
Total Supply: 50000000.0
Volume: 8… https://t.co/KsQfjuTpWB",name ins ecosystem symbol ins 24 hour change 1266 price 116078 rank 223 total supply 500000000 volume 8,0
4059,"Name: COSS
Symbol: COSS
24 hour change: -10.29%
Price: 0.247554
Rank: 337
Total Supply: 104000000.0
Volume: 1035730… https://t.co/LgI7hWzPOM",name coss symbol coss 24 hour change 1029 price 0247554 rank 337 total supply 1040000000 volume 1035730,0
690,"Current Bitcoin Rate in USD : 8,435.2775 Check other Currencies: https://t.co/KqQpwIzXrs #BitsRate #BTC #Bitcoins",current bitcoin rate in usd 84352775 check other currencies,0
2277,RT @pierre_rochard: That's after the next halvening. There's absolutely no way a digital currency issued by a central bank will have a bett…,thats after the next halvening theres absolutely no way a digital currency issued by a central bank will have a bett,0
705,RT @coinseedapp: I will tell you the secret to getting rich on Wall Street. You try to be greedy when others are fearful. And you try to be…,i will tell you the secret to getting rich on wall street you try to be greedy when others are fearful and you try to be,0
2394,"Name: AdEx
Symbol: ADX
24 hour change: -8.69%
Price: 0.75032
Rank: 156
Total Supply: 100000000.0
Volume: 6603800.0… https://t.co/OUGZr4eGys",name adex symbol adx 24 hour change 869 price 075032 rank 156 total supply 1000000000 volume 66038000,0
4417,Hacking:The Ultimate Guide for You to Learn the Hidden secrets of https://t.co/5YL5sk2wYV #Cybersecurity #Bitcoin https://t.co/1fOq5RrPTe,hackingthe ultimate guide for you to learn the hidden secrets of,0
384,Quebec Giving a Cold Shoulder to Many Bitcoin Mining Operators Full post https://t.co/VgzivqGLlt #altcoins… https://t.co/TP4Yc77cGM,quebec giving a cold shoulder to many bitcoin mining operators full post,1
106,The latest The 4⃣2⃣0⃣FREWAY™ Daily! https://t.co/cEBvnBDdR0 #bitcoin,the latest the 420freway daily,1
2348,"CRYPTOCURRENC Give responds by cutting taxes and increase spending, currency devalues bitcoin soars #cryptonews #crypto #altcoins",cryptocurrenc give responds by cutting taxes and increase spending currency devalues bitcoin soars,0
1567,#DASH Price is 0.0477892 (+0.00034490) #BTC / 401.096 (+3.46300) #USD. Market rank is 11. #dash #bitcoin #blockchain,price is 00477892 000034490 401096 346300 market rank is 11,0
3234,"🔴What Does the Dow Jones Toppling Mean for Cryptocurrencies?
Click ➡️ https://t.co/8HZD0Kz73b

#ripple… https://t.co/zTbY5K52S9",what does the dow jones toppling mean for cryptocurrencies click,0
4179,"Interesting Read, FUD? Real Problem? 
Child Abuse Content on Bitcoin Blockchain: Can Node Operators Be Prosecuted?… https://t.co/nNk3irRaDY",interesting read fud real problem child abuse content on bitcoin blockchain can node operators be prosecuted,1
3324,"Bitcoin Illegal Everywhere? Looks like courts may have a case, or no? Can they really do anything, either way, to s… https://t.co/vm7RRNz8Wg",bitcoin illegal everywhere looks like courts may have a case or no can they really do anything either way to s,0
3379,"@ninthcompanion This is literally my thoughts exactly

but nah its a way to mine bitcoin",this is literally my thoughts exactly but nah its a way to mine bitcoin,1
3438,"Another scary story about bitcoin.

So how do we make the private #cryptographic keys owners need to access their… https://t.co/u6KRdOQR30",another scary story about bitcoin so how do we make the private keys owners need to access their,0
4514,"RT eric_lombrozo: BREAKING NEWS: Bitcoin goes up, then it goes down, then it goes up again.",ericlombrozo breaking news bitcoin goes up then it goes down then it goes up again,0
4629,"Quick! Dust off the Chinese go to market strategy for the Shitcoin ICOs!!!

@JaredHarrill @MissBriannaM… https://t.co/V01WCz1MmA",quick dust off the chinese go to market strategy for the shitcoin icos,1
1694,@Bitcoin Worrying! Looks like the way they do their routing currently is flawed. I hope they fix this.,worrying looks like the way they do their routing currently is flawed i hope they fix this,0
1399,What is the Big Deal About Blockchain? Arguably one of the greatest innovations since the PC &amp; the Internet. We wil… https://t.co/Cky13zNI73,what is the big deal about blockchain arguably one of the greatest innovations since the pc the internet we wil,1
4791,"Name: Modum
Symbol: MOD
24 hour change: -12.59%
Price: 2.20601
Rank: 197
Total Supply: 27266200.0
Volume: 1772010.0… https://t.co/kej9IJTepe",name modum symbol mod 24 hour change 1259 price 220601 rank 197 total supply 272662000 volume 17720100,0
1984,Gives the reader a detailed account of how cyber-security in Switz https://t.co/kOkcE83cC8 #Cybersecurity #Bitcoin https://t.co/u5URYb9QcL,gives the reader a detailed account of how cybersecurity in switz,1
2012,"RT @XVGDolphin: @WinwithRick We are a crypto community and we stick together, one small step taken by thousands will make Verge known to Mi…",we are a crypto community and we stick together one small step taken by thousands will make verge known to mi,0
1695,"Thousands of crypto companies will be created and go public, but only a few will be massive successes. - James Altu… https://t.co/ESGveruYdX",thousands of crypto companies will be created and go public but only a few will be massive successes james altu,0
993,Twitter CEO Says Bitcoin Will Become World’s ‘Single Currency’ Within A Decade - Read more at:… https://t.co/BschQ3LoGQ,twitter ceo says bitcoin will become worlds single currency within a decade read more at,1
58,#Teechan can be deployed securely on the existing Bitcoin blockchain without modifying the protocol. It achieves a… https://t.co/oRjUZSa37q,can be deployed securely on the existing bitcoin blockchain without modifying the protocol it achieves a,1
802,"@coinsforest Bitcoin -Gold (Bitcoin Gold) are become popular and becoming other expensive, but You still donТt hold… https://t.co/XQRYtO7Aos",bitcoin gold bitcoin gold are become popular and becoming other expensive but you still dont hold,1
677,(USDJPY: Waiting for a Daily Close Below 105.50) has been published on Free Forex Signals - Forex/ Bitcoin Signals… https://t.co/1DXjthxxfa,usdjpy waiting for a daily close below 10550 has been published on free forex signals forex bitcoin signals,1
2661,"bitcoin: dead 
kinzcash: alive",bitcoin dead kinzcash alive,0
1716,"🚀NEW #AIRDROP @bethereumteam!!!🚀
Airdrop from #Bethereum. Get free 1000 coins!!! 💰
https://t.co/JCCGnnZ70M
#crypto… https://t.co/NuHIbiz5S2",new airdrop from get free 1000 coins,1
427,The end game is a life in the photo of the city in my twitter header. #cryptolife #Cryptocurrency #FinancialFreedom #Bitcoin,the end game is a life in the photo of the city in my twitter header,0
2865,"Okay first of all we all know jack doesn't know anything about anything, and second of all isn't it already collaps… https://t.co/8mmdedy2kF",okay first of all we all know jack doesnt know anything about anything and second of all isnt it already collaps,1
5248,"RT @AutoUnit2018: Canada's VersaBank Lands 2 Prospects to Use Its Crypto Vault
https://t.co/SGURMwJoT9

Follow the latest news from the cry…",canadas versabank lands 2 prospects to use its crypto vault follow the latest news from the cry,1
1750,BBC News - 'Child porn links could make Bitcoin blockchain illegal' https://t.co/Y8iMuztCsj,bbc news child porn links could make bitcoin blockchain illegal,0
4018,"Name: Steem Dollars
Symbol: SBD
24 hour change: -9.01%
Price: 2.11484
Rank: 265
Total Supply: 10949332.0
Volume: 25… https://t.co/977a0NBVDO",name steem dollars symbol sbd 24 hour change 901 price 211484 rank 265 total supply 109493320 volume 25,0
3783,"Latest Crypto News: Results of G-20 Summit On Bitcoin, Good news for All Bitcoin holders, https://t.co/iseLjJImrX",latest crypto news results of g20 summit on bitcoin good news for all bitcoin holders,1
5183,Gonna wake up and buy an undisclosed (that means secret but dont worry it's not a lot) amount of bitcoin in the morning.,gonna wake up and buy an undisclosed that means secret but dont worry its not a lot amount of bitcoin in the morning,0
2724,"#blockchain #btc #crypto #cryptocurrency #bitcoin #Ethereum #ETH 53 
 The first blockchain platform to power sports… https://t.co/Ze8WzwWgxR",53 the first blockchain platform to power sports,1
5783,"RT @Cryptonater: Have you signed up for the Aelf bounty program yet? 

This bounty will run for 3 YEARS &amp; is available by invitation only!…",have you signed up for the aelf bounty program yet this bounty will run for 3 years is available by invitation only,1
592,"#ripple is falling in price, but not as strong as i thought. So i wonder if it will brake the 0.58 level. What do y… https://t.co/opL5ES5Fj0",is falling in price but not as strong as i thought so i wonder if it will brake the 058 level what do y,1
3194,"RT @rogerkver: ""Bitcoin Cash is everything that Bitcoin was supposed to be, before it was taken over by a small group of radically minded “…",bitcoin cash is everything that bitcoin was supposed to be before it was taken over by a small group of radically minded,0
3478,"Name: COSS
Symbol: COSS
24 hour change: -10.19%
Price: 0.246041
Rank: 335
Total Supply: 104000000.0
Volume: 1058210… https://t.co/stQh7BWs0k",name coss symbol coss 24 hour change 1019 price 0246041 rank 335 total supply 1040000000 volume 1058210,0
170,"RT @Rosenchild: .@Fujitsu_Global's New #Blockchain Technologies to Support Secure Transactions Across Virtual Currencies, including #Bitcoi…",new technologies to support secure transactions across virtual currencies including,1
359,I feel that bitcoin is ridiculous and that's excellent,i feel that bitcoin is ridiculous and thats excellent,1
4783,Azbit took part in Bitcoin Russia 2018.  team was also among the participants of this major event and had an opport… https://t.co/DNjeFOELUl,azbit took part in bitcoin russia 2018 team was also among the participants of this major event and had an opport,1
630,At least I'm not alone-&gt; “Bitcoin is outdated tech. These 3 alternatives should be on your radar.” by @coinandcrypto https://t.co/87XADmiLxb,at least im not alonegt bitcoin is outdated tech these 3 alternatives should be on your radar by,0
2408,"RT @YoeL_Gamerz: 📢 NEW AIRDROP 📢

ICO NOW is doing a new AIRDROP  (💵 Value: ~ 200 ICO)

Click here: https://t.co/YrQwHav3xb

🚀 Join Telegra…",new airdrop ico now is doing a new airdrop value 200 ico click here join telegra,1
5546,Response woman event let knowledge star to book beat nor who interesting each yard #Bitcoin,response woman event let knowledge star to book beat nor who interesting each yard,0
2448,Current price of Bitcoin is $8412.05 “Like” if thats good for you and “retweet” if thats not good for you #bitcoin #btc #bitcoinprice,current price of bitcoin is 841205 like if thats good for you and retweet if thats not good for you,1
1659,EDWARD @Snowden LEAKS NEW DOCUMENTS SHOWING THAT THE NSA WORKED “URGENTLY” TO TARGET BITCOIN USERS #QAnon… https://t.co/zuSQnl2oed,edward leaks new documents showing that the nsa worked urgently to target bitcoin users,1
4359,"RT @baappay: Another supporting video by our supporter. Keep Supporting us!!!
#Baappay #cryptocurrency #ICO #Amazingproject #Digitalcurrenc…",another supporting video by our supporter keep supporting us,1
27,RT @Grown_simbaaa: Bitcoin/ sports betting/ lottery numbers putting hella stock in yahoo/google/IBM LMFAOOOO niggas stupid to pick any of t…,bitcoin sports betting lottery numbers putting hella stock in yahoogoogleibm lmfaoooo niggas stupid to pick any of t,0
239,System administrators need to stay ahead of new security vulnerabi https://t.co/gtLmdcaOJG #Cybersecurity #Bitcoin https://t.co/Jcg38ZrUqb,system administrators need to stay ahead of new security vulnerabi,1
4403,"cryptodailyuk: At Satoshi’s Vision Conference in Tokyo right now! Where will bring together developers, researchers… https://t.co/8OiDoldNj7",cryptodailyuk at satoshis vision conference in tokyo right now where will bring together developers researchers,1
2290,"Name: Eidoo
Symbol: EDO
24 hour change: -5.95%
Price: 1.69202
Rank: 170
Total Supply: 90208328.0
Volume: 5950240.0… https://t.co/WLzZpgCrLR",name eidoo symbol edo 24 hour change 595 price 169202 rank 170 total supply 902083280 volume 59502400,0
1161,"Investing in Ripple? Here’s 3 Points to Worry About - BITCOIN PRICE: 8,584.12     HIGH: 9,099.59     LOW: 8,503.52… https://t.co/RFNgRehgMS",investing in ripple heres 3 points to worry about bitcoin price 858412 high 909959 low 850352,1
3244,Monthly Web Traffic for Major #bitcoin Exchanges Falls by Half https://t.co/ffX48OxiKE,monthly web traffic for major exchanges falls by half,0
4808,"Earn Money with from this Game 
Register Now https://t.co/6l31QP7w3Z ##jexpotz #bitcoin",earn money with from this game register now,0
4464,"Matthew98583771: RT FrankieRusso1: Retweeted Sam Goodman (SamGoodman990):

If only weird science came true… https://t.co/vTtMkwNoOx",matthew98583771 frankierusso1 retweeted sam goodman samgoodman990 if only weird science came true,0
5359,"RT @our_rapture: Beta test our paper wallet for your chance to WIN 20 RAP!
Full details here:
https://t.co/HtVqrU8PL1

#rapture #cryptocurr…",beta test our paper wallet for your chance to win 20 rap full details here,1
5047,I support! Great team! https://t.co/uectiLiyT8,i support great team,1
3377,"RT Aruwba: Hurry Come see what's happening on my Premium snap RIGHT NOW!

🚨JOIN FOR ONLY $25 FOR LIFE🚨

⬇️Click her… https://t.co/xrGJhSZP0c",aruwba hurry come see whats happening on my premium snap right now join for only 25 for life click her,1
477,"#Bitcoin &amp; #Crypto news - ""Coinbase In Talks to Buy Bitcoin Startup https://t.co/Kpd2ec2dqp"" More details at https://t.co/eCdcYYI4RT.",news coinbase in talks to buy bitcoin startup more details at,1
1509,"Read more on #cancer https://t.co/5btZEGTnFz • March 23, 2018 at 08:45AM • #success #money #health #mesothelioma… https://t.co/IvGEYhCvvA",read more on march 23 2018 at 0845am,1
1747,"Name: Moeda Loyalty Points
Symbol: MDA
24 hour change: -6.13%
Price: 0.871902
Rank: 329
Total Supply: 19628888.0
Vo… https://t.co/2SsuZ1V7LN",name moeda loyalty points symbol mda 24 hour change 613 price 0871902 rank 329 total supply 196288880 vo,0
625,This is the chart that put me all in on bitcoin in 2013 after two years of stupidly betting on gold. https://t.co/V9my2ccb7y,this is the chart that put me all in on bitcoin in 2013 after two years of stupidly betting on gold,0
3185,@sabotagebeats Yeah. But bitcoin dot com has nothing to do with bitcoin. It’s a propaganda site for bcash runned by the btrash scam team.,yeah but bitcoin dot com has nothing to do with bitcoin its a propaganda site for bcash runned by the btrash scam team,0
3237,"Name: Mercury
Symbol: MER
24 hour change: -10.61%
Price: 0.196193
Rank: 288
Total Supply: 100000000.0
Volume: 11343… https://t.co/yXes65CBBt",name mercury symbol mer 24 hour change 1061 price 0196193 rank 288 total supply 1000000000 volume 11343,0
3718,Single present seat parent image enter control decision serious court #Bitcoin,single present seat parent image enter control decision serious court,0
1484,"Name: Santiment Network Token
Symbol: SAN
24 hour change: -12.23%
Price: 1.24703
Rank: 128
Total Supply: 83337000.0… https://t.co/aixMyLAZVq",name santiment network token symbol san 24 hour change 1223 price 124703 rank 128 total supply 833370000,0
2111,"RT @payvxofficial: #PayVX First Airdrop will be launched in 3 hours!

#PayVX #PVX #BTC #bitcoin #ICO #Ethereum #ETH #crowdsale #token #LTC…",first airdrop will be launched in 3 hours,1
2972,"Credit card embargoes and the casual #Bitcoin buyer
https://t.co/iAcDsqhNm6",credit card embargoes and the casual buyer,0
5650,That`s great! https://t.co/F9BL3guqF2,thats great,1
1028,"@URUHARA10 @FerLuisxd @ForneverWorld @SoulDaniel69 They have objectively worse encodes, which leads to objectively… https://t.co/bhyVDdqYrA",they have objectively worse encodes which leads to objectively,0
2159,"Name: Bodhi
Symbol: BOT
24 hour change: -5.02%
Price: 0.348873
Rank: 357
Total Supply: 100000000.0
Volume: 1235420.… https://t.co/olIo1qlOiK",name bodhi symbol bot 24 hour change 502 price 0348873 rank 357 total supply 1000000000 volume 1235420,0
3835,"RT @fembeauties: 💟💟💟@ViennaRoseXXX💟💟💟
See more --&gt;
https://t.co/tz0OweO9Cg
#erotic #model #porn #sex #art #porno @DRM00RE @AdultBrazil @R_s…",see more gt,1
679,RT @HeartBout: Social networks today can be attributed to the most popular sources of information disseminating and receiving. The number o…,social networks today can be attributed to the most popular sources of information disseminating and receiving the number o,1
1010,#EQUI is an equity investment platform bringing professional investors and individuals together to help fund the in… https://t.co/pm4pHM8xR5,is an equity investment platform bringing professional investors and individuals together to help fund the in,1
4368,"#Starflowico #jointherevolution   Why Bitcoin over Fiat?""

What are the advantages of Bitcoin over fiat? 
More here… https://t.co/5WInW8MLca",why bitcoin over fiat what are the advantages of bitcoin over fiat more here,1
2910,RT @tailopez: If you were to start trading bitcoin and crytpo currencies what would be your ideal profit goal per month with the current am…,if you were to start trading bitcoin and crytpo currencies what would be your ideal profit goal per month with the current am,1
1997,"Name: Moeda Loyalty Points
Symbol: MDA
24 hour change: -9.3%
Price: 0.845111
Rank: 329
Total Supply: 19628888.0
Vol… https://t.co/azpBR1Qvv7",name moeda loyalty points symbol mda 24 hour change 93 price 0845111 rank 329 total supply 196288880 vol,0
287,RT @BitcoinBtcNews: The 5 Greatest Moments in Bitcoin History https://t.co/k7lp5sQXA6 https://t.co/f85QdNpl6A,the 5 greatest moments in bitcoin history,1
3665,Isaac Sarason is a skilled hacker formerly employed by British Tel https://t.co/BWm89ZY1tU #Cybersecurity #Bitcoin https://t.co/wXWwMbuRsS,isaac sarason is a skilled hacker formerly employed by british tel,1
2608,"@xScreamjkee Bitcoin BTG (Bitcoin Gold) is become popular ^&amp;^ seemly added expensive, just Your still donТt own it?… https://t.co/xUpYeO4kNU",bitcoin btg bitcoin gold is become popular seemly added expensive just your still dont own it,1
546,"Average Bitcoin market price is: USD 8,419.37, EUR 6,824.96",average bitcoin market price is usd 841937 eur 682496,0
2779,"NBA Draft Prospect Jonay Porter is Also a Crypto Fanatic https://t.co/Q9Di54JAQZ 
#newsoftheweek #Bitcoin… https://t.co/8K61ViXCbF",nba draft prospect jonay porter is also a crypto fanatic,0
4789,Top 5 Best Ways to Build a BTC Miner and Earn Bitcoin #blockchain #crypto #altcoins https://t.co/g1Fw2iZeJX https://t.co/P9ALcXQNgg,top 5 best ways to build a btc miner and earn bitcoin,1
110,"Name: SportyCo
Symbol: SPF
24 hour change: -7.14%
Price: 0.172721
Rank: 456
Total Supply: 70673454.0
Volume: 100435… https://t.co/Dyd2H4STwB",name sportyco symbol spf 24 hour change 714 price 0172721 rank 456 total supply 706734540 volume 100435,0
4717,#BitcoinGarden | New Faucet Added! https://t.co/rEU7Y4ywZB | Hey it is a listing  those who i believe are the best… https://t.co/uibmLMEAgG,new faucet added hey it is a listing those who i believe are the best,1
3887,"Bitcoin Was Just Used in First NYC Condo Sale, and There's More to Come https://t.co/skRa3LWOlG",bitcoin was just used in first nyc condo sale and theres more to come,1
5012,"RT @Sipemulungg1: #Giveaway $100 in ETH
-Like
-Retweet
-Follow
-Comment down below with your #Ethereum ERC20 address.

Like and Retweet and…",100 in eth like retweet follow comment down below with your erc20 address like and retweet and,0
5208,How many retweets for 1 Bitcoin sir? @MBuhari,how many retweets for 1 bitcoin sir,1
4400,"Name: Havven
Symbol: HAV
24 hour change: -4.07%
Price: 0.485989
Rank: 238
Total Supply: 100000000.0
Volume: 1224660… https://t.co/2sTpw8Ge09",name havven symbol hav 24 hour change 407 price 0485989 rank 238 total supply 1000000000 volume 1224660,0
2757,"Name: COSS
Symbol: COSS
24 hour change: -10.91%
Price: 0.243701
Rank: 336
Total Supply: 104000000.0
Volume: 1056420… https://t.co/yHPYFm6nrQ",name coss symbol coss 24 hour change 1091 price 0243701 rank 336 total supply 1040000000 volume 1056420,0
5307,Ethical hacking is the art of testing your own network and compute https://t.co/KSvB6LuLRx #Cybersecurity #Bitcoin https://t.co/Paj92S6m3j,ethical hacking is the art of testing your own network and compute,1
4360,"@dashadegrasse Bitcoin -Gold (Bitcoin-Gold) do  gaining popularity ^&amp;^ apt other expensive, only You still donТt ow… https://t.co/rTJTJKJedK",bitcoin gold bitcoingold do gaining popularity apt other expensive only you still dont ow,0
3856,"RT @bethereumteam: Our transparent and easy-to-use bounty solution is almost ready for a live launch!

Join our community on Telegram: http…",our transparent and easytouse bounty solution is almost ready for a live launch join our community on telegram,1
5115,"In a few months we’ll see more functional #LApps and #LApp users, powered by #Lightning and $BTC, than #DApps using… https://t.co/iEnT7D65nM",in a few months well see more functional and users powered by and btc than using,1
676,Bitcoin - you can chain it down but you can't put it in a box. If you know Bitcoin ... you don't know Bitcoin. This… https://t.co/DBFn1im27Q,bitcoin you can chain it down but you cant put it in a box if you know bitcoin you dont know bitcoin this,0
2602,"Great advice from one of our bounty hunters.

It's important that you educate yourself before making any decisions… https://t.co/JxBpLhXXSk",great advice from one of our bounty hunters its important that you educate yourself before making any decisions,1
4816,"RT @lopp: Just as BTC has been used for illegal txns, so has its data store been used to save illegal data &amp; objectionable content. Fun fac…",just as btc has been used for illegal txns so has its data store been used to save illegal data objectionable content fun fac,0
5773,"MoneyToken, a good opportunity to bet on a financial company. You can borrow ciphers and get interest for it or bor… https://t.co/sECjahiyXZ",moneytoken a good opportunity to bet on a financial company you can borrow ciphers and get interest for it or bor,1
1854,"RT @truegameSRL: 🚀 Truegame team is fully ready to conquer Tallinn! ✔️

Tomorrow we'll be attending Blockchain &amp; Bitcoin Conference Tallinn…",truegame team is fully ready to conquer tallinn tomorrow well be attending blockchain bitcoin conference tallinn,1
881,"RT @lilypayne753e: Copy successful traders automatically with Bitcoin! 💰💰

I copy ""Dividend667"". Do you?

➡️ https://t.co/ftJ2pMwiF0 ⬅️

Ta…",copy successful traders automatically with bitcoin i copy dividend667 do you ta,1
1810,"RT @simonallison: Africa needs a single currency - but it doesn't have to be paper money, says South African President Ramaphosa https://t.…",africa needs a single currency but it doesnt have to be paper money says south african president ramaphosa,0
2170,Coinboard: South Korea Wants to Set a Desirable #Cryptocurrency and Blockchain Policy: Expert Take… https://t.co/HiTfhrvkry,coinboard south korea wants to set a desirable and blockchain policy expert take,1
5118,Why Pros Win and Retail Traders Lose - Bitcoin Trading Q&amp;A https://t.co/nmLNM4Wwnf https://t.co/unsdlp51C7,why pros win and retail traders lose bitcoin trading qa,1
2141,Join a great Bitcoin &amp; Crypto focused slack channel with over 160+ members and growing: https://t.co/C7OvHUSHnd - F… https://t.co/jQWmbUqYxu,join a great bitcoin crypto focused slack channel with over 160 members and growing f,1
4133,RT @framore_life: I am watching Satoshi's Vision Conference Live Stream https://t.co/Vx0mjDvLEz via @YouTube #bitcoin #BCH #BitcoinCash #Cr…,i am watching satoshis vision conference live stream via,1
3838,Since /r/buttcoin is actually one of the oldest bitcoin subs around we were in the top 3 I think for a few years,since rbuttcoin is actually one of the oldest bitcoin subs around we were in the top 3 i think for a few years,1
4795,"Name: Groestlcoin
Symbol: GRS
24 hour change: -10.7%
Price: 0.488685
Rank: 222
Total Supply: 69677009.0
Volume: 141… https://t.co/1iqzgWc0nS",name groestlcoin symbol grs 24 hour change 107 price 0488685 rank 222 total supply 696770090 volume 141,0
1030,"Name: Santiment Network Token
Symbol: SAN
24 hour change: -10.66%
Price: 1.27529
Rank: 129
Total Supply: 83337000.0… https://t.co/HOSQ8Kgr3x",name santiment network token symbol san 24 hour change 1066 price 127529 rank 129 total supply 833370000,0
367,"We are selling #Bitcoin in Korea. Best price and secure transaction. If you are in Korea, please join us in our Tel… https://t.co/50pwVyETC6",we are selling in korea best price and secure transaction if you are in korea please join us in our tel,1
2715,"Good News FianciaCoin Project. # Fiancia #ICO #crptocurrency #Blockchain #bitcoin #TokenSale #Crowdsale. 
https://t.co/Q7nNI5ueWm",good news fianciacoin project fiancia,1
2900,"Current Bitcoin Rate in USD : 8,407.9063 Check other Currencies: https://t.co/KqQpwIzXrs #BitsRate #BTC #Bitcoins",current bitcoin rate in usd 84079063 check other currencies,0
1435,Blockchain Revolution: How the Technology Behind Bitcoin and Cryptocurrency Is Changing the World (Kindle Edition)… https://t.co/SaRboYPvPy,blockchain revolution how the technology behind bitcoin and cryptocurrency is changing the world kindle edition,0
4269,"RT @ignition_coin: #Ignition Fact #105: $IC was built as a store of value first, but, that doesn't mean we don't handle on-chain payments m…",fact ic was built as a store of value first but that doesnt mean we dont handle onchain payments m,0
2471,"RT @Airdroplets: Aelf has been going strong since being introduced into the crypto world in the second half of 2017.
@aelfblockchain #Block…",aelf has been going strong since being introduced into the crypto world in the second half of 2017,1
4234,"C o i n w a l l e t  🔐📲 

https://t.co/CiQ9n9qPfe

#Cryptocurrency #Safe #KryptoFit #Coin #Coins #Crypto… https://t.co/JRqNfhNzdW",c o i n w a l l e t,1
5165,"Upbit Exchange to Launch Korea’s First Cryptocurrency Index - https://t.co/lETkQam6ax
Advertise #ICO… https://t.co/W6291RLFYp",upbit exchange to launch koreas first cryptocurrency index advertise,1
1427,"Bitcoin Cash $BCH price: $970.89 

Binance is TEMPORARILY accepting new users! GO! 🚀 💎  

➡️… https://t.co/KTUUAKpg5J",bitcoin cash bch price 97089 binance is temporarily accepting new users go,1
5069,A Non-Anonymous Stablecoin? Saga Launches With Big-Shot Advisor Team - https://t.co/sHByHF4Vz0 - Generate Bitcoin. Take your free Bitcoin,a nonanonymous stablecoin saga launches with bigshot advisor team generate bitcoin take your free bitcoin,1
2498,"Beyond Gödel, a draft of a paper on Bitcoin as a Turing Complete 2PDA. https://t.co/k0Q1gltj4f",beyond gdel a draft of a paper on bitcoin as a turing complete 2pda,1
3293,RT @devnullius: Snowden Revealed a Secret Document Showing How NSA Tracked Bitcoin Users https://t.co/mzOmSakk2i,snowden revealed a secret document showing how nsa tracked bitcoin users,0
4926,its funny to continue watching this attempt at controlling a narrative https://t.co/UyUok1C029,its funny to continue watching this attempt at controlling a narrative,1
1551,"RT @BoostTM: #Bitcoin #Giveaway

🔹0.5 BTC for 1 Winner🔹

-Join https://t.co/G2A1GF5vbm
-Follow
-RT

#Airdrop #live #Token #Ethereum #Giveaw…",05 btc for 1 winner join follow,1
1937,RT @SouperNerd: What is the Lightning Network? It's Banks controlling Bitcoin of course! #Sad https://t.co/LNSU7KzLyI via @YouTube,what is the lightning network its banks controlling bitcoin of course via,0
4750,"#Bitcoin price taking a bearish trend after new UK regulatory team was announced Sunday. 

https://t.co/mw89r6mz8t",price taking a bearish trend after new uk regulatory team was announced sunday,1
1128,"@ElixiumCrypto Bitcoin -Gold (BTG) and become best news and attractive more expensive, but You still donТt hold it?… https://t.co/El8EAEQghm",bitcoin gold btg and become best news and attractive more expensive but you still dont hold it,1
5512,Twitter CEO expects Bitcoin to be world's 'single currency' in 10 years - Coingeek https://t.co/OsoUfK7mxI https://t.co/rG3cDFPQPC,twitter ceo expects bitcoin to be worlds single currency in 10 years coingeek,0
315,RT @WhalePanda: This is now the 2nd time he used the #MeToo hashtag in a very very wrong way. How can anyone in his right mind still defend…,this is now the 2nd time he used the hashtag in a very very wrong way how can anyone in his right mind still defend,0
2697,"Click on the link below and register to Earn Free CROWDVILLA Coins
https://t.co/CCB8k4u673

#ico #airdrop #crypto… https://t.co/tZFfc5cG7u",click on the link below and register to earn free crowdvilla coins,1
5520,"this project is great, after I read carefully this project is very good and potentially, I believe this project is… https://t.co/ZSEv1U6w8p",this project is great after i read carefully this project is very good and potentially i believe this project is,1
3605,"RT @BitcoinMagazine: Bitcoin’s Journey from $1,000 to $10,000: The Stories That Got Us Here - our new cover story by @AaronvanW https://t.c…",bitcoins journey from 1000 to 10000 the stories that got us here our new cover story by,1
1657,Revolutionizing the new era! https://t.co/potMPJbXst,revolutionizing the new era,1
1950,"Name: Arcblock
Symbol: ABT
24 hour change: -7.53%
Price: 0.721672
Rank: 140
Total Supply: 186000000.0
Volume: 41272… https://t.co/izS6fH5OlQ",name arcblock symbol abt 24 hour change 753 price 0721672 rank 140 total supply 1860000000 volume 41272,0
3819,RT @Incapsula_com: Attempts at price manipulation? DDoS attackers go after bitcoin industry. Get the latest research from Imperva. https://…,attempts at price manipulation ddos attackers go after bitcoin industry get the latest research from imperva,1
4057,"RT @ElixiumCrypto: Are You Ready For The New #Crypto World Order? 

1 - 100x Leverage ✅

▶️ https://t.co/gNzwvQHELe ◀️

Register Now &amp; go L…",are you ready for the new world order 1 100x leverage register now go l,1
4378,"Please remind me never to predict BTC again 🙈she’s definitely a girl, clearly PMS’ing and pissing me off now .Time to grow a pair! #Bitcoin",please remind me never to predict btc again shes definitely a girl clearly pmsing and pissing me off now time to grow a pair,1
4727,"Name: Matchpool
Symbol: GUP
24 hour change: -10.73%
Price: 0.192851
Rank: 355
Total Supply: 98855150.0
Volume: 3028… https://t.co/bPE7M3t69F",name matchpool symbol gup 24 hour change 1073 price 0192851 rank 355 total supply 988551500 volume 3028,0
30,The highly anticipated event of the year dedicated to #blockchain industry #GBCC will take place on April 2-4!! JOI… https://t.co/MlvQQzcduW,the highly anticipated event of the year dedicated to industry will take place on april 24 joi,1
4557,"Name: Mercury
Symbol: MER
24 hour change: -5.65%
Price: 0.209229
Rank: 292
Total Supply: 100000000.0
Volume: 134687… https://t.co/zmAujzlncS",name mercury symbol mer 24 hour change 565 price 0209229 rank 292 total supply 1000000000 volume 134687,0
4949,. @coinbase issued a written testimony to the #US #congress stating that no new regulatory authority is needed and… https://t.co/ocCi2SzBwQ,issued a written testimony to the stating that no new regulatory authority is needed and,0
852,"Eco-Friendly #Bitcoin Mining Can Reduce Carbon Footprints (Yes, Really) https://t.co/WGQ63LKLyX #BreakingNews",ecofriendly mining can reduce carbon footprints yes really,1
4948,RT @bethereumteam: We have been attending a lot of conferences lately! We gathered a great deal of positive first hand feedback from the co…,we have been attending a lot of conferences lately we gathered a great deal of positive first hand feedback from the co,1
3066,RT @coinseedapp: I despise the Lottery. There’s less chance of you becoming a millionaire than there is of getting hit on the head by a pas…,i despise the lottery theres less chance of you becoming a millionaire than there is of getting hit on the head by a pas,1
4698,"Name: Mercury
Symbol: MER
24 hour change: -7.13%
Price: 0.207089
Rank: 294
Total Supply: 100000000.0
Volume: 132694… https://t.co/yca7Gq1oKo",name mercury symbol mer 24 hour change 713 price 0207089 rank 294 total supply 1000000000 volume 132694,0
5615,New Unchained podcast episode by laurashin Unconfirmed - Ep.008 - Arianna Simpson of Autonomous Partners on Privacy… https://t.co/BUfmRCpadQ,new unchained podcast episode by laurashin unconfirmed ep008 arianna simpson of autonomous partners on privacy,1
3878,2008 crisis could happen again because no one went to jail https://t.co/t2kiCeykhu #tech #bitcoin #blockchain https://t.co/NKNFzttBW9,2008 crisis could happen again because no one went to jail,0
3139,Download cool ringtone https://t.co/UbjaxptXuG ##jexpotz #bitcoin,download cool ringtone,1
264,SEC official: #Cryptocurrency trading needs stock market principles #bitcoin #ether #ICO https://t.co/CbO8wdpxv0 via @VentureBeat,sec official trading needs stock market principles via,0
2476,"Name: Santiment Network Token
Symbol: SAN
24 hour change: -12.54%
Price: 1.25003
Rank: 128
Total Supply: 83337000.0… https://t.co/jRD3ly6QVs",name santiment network token symbol san 24 hour change 1254 price 125003 rank 128 total supply 833370000,0
3045,https://t.co/MQgLBkMS8C cofounder talking about Bitcoin Cash  “Fees are less than a cent.”-@ryanxcharles https://t.co/OXVyHRhaTh,cofounder talking about bitcoin cash fees are less than a cent,0
5369,"#NewYork power companies can now charge #Bitcoin miners more: With few community benefits, power authorities are cr… https://t.co/JzOpB4324A",power companies can now charge miners more with few community benefits power authorities are cr,1
2395,"""Device identifiers, internet activity and user passwords are just a few of the important private pieces of informa… https://t.co/MecAFfS3xi",device identifiers internet activity and user passwords are just a few of the important private pieces of informa,1
2709,Yay!!! @VegaAISolutions is officially listed on https://t.co/Clo7j9cO4E ! I'm so happy. I'm sure you all are too.… https://t.co/FlnJYzhjxU,yay is officially listed on im so happy im sure you all are too,1
1566,"""Chilling . . . Extraordinary and urgent."" — Washington Post “Sca https://t.co/ggqpy9puTC #Cybersecurity #Bitcoin https://t.co/sjYD1INH96",chilling extraordinary and urgent washington post sca,0
4890,"Bitcoin $BTC price is: $8435.77 

Binance registration is now OPEN for limited time! 😊 🤑  

➡️… https://t.co/URO4WUPaXi",bitcoin btc price is 843577 binance registration is now open for limited time,0
5193,The bull case on Bitcoin over the other crypto-currencies comes down to network effects.  https://t.co/Baxka2HdxO,the bull case on bitcoin over the other cryptocurrencies comes down to network effects,0
4605,Waiting for my money for a new iPhone. C https://t.co/NKSbtNsS7P #findom #paypig #bitcoin #dating,waiting for my money for a new iphone c,1
2588,"RT NickSzabo4 ""In particular, every full node watches every other full node (including watching the miners).  Robot… https://t.co/9G4qPwkHHL",nickszabo4 in particular every full node watches every other full node including watching the miners robot,1
4516,"Jerry Chan thinks we need custodial companies in the Bitcoin Cash space. Trezor not best for a million USD, he says. https://t.co/PEOFCwnsnO",jerry chan thinks we need custodial companies in the bitcoin cash space trezor not best for a million usd he says,0
2965,"The #cryptomarket failed at $9300 resistance level, but is still holding above the $8200 level, which is where we h… https://t.co/PGiYv0ocLO",the failed at 9300 resistance level but is still holding above the 8200 level which is where we h,0
3642,"RT @RandolphMlny: #Bitcoin #Satoshi #crypto #blockchain #Airdrop
New Airdrop #HybridBlock 📢

Hybrid Block Airdropping 10,000,000 #Hybrid To…",new airdrop hybrid block airdropping 10000000 to,1
4731,Is there a strategy behind Coinbase not listing all major coins? https://t.co/8jdvtcVb4i #ripple $xvg $btc $eth… https://t.co/4JKRPnoiSj,is there a strategy behind coinbase not listing all major coins xvg btc eth,0
5320,"Appropriate for researchers, practitioners, and students alike, Co https://t.co/rxLjAw4aYF #Cybersecurity #Bitcoin https://t.co/0HBvI9Q5Y0",appropriate for researchers practitioners and students alike co,1
3103,"Name: AdEx
Symbol: ADX
24 hour change: -8.57%
Price: 0.753714
Rank: 154
Total Supply: 100000000.0
Volume: 6659640.0… https://t.co/ryq0RjCfvZ",name adex symbol adx 24 hour change 857 price 0753714 rank 154 total supply 1000000000 volume 66596400,0
816,"#blockchain #btc #crypto #cryptocurrency #bitcoin #Ethereum #ETH 23 
 The first blockchain platform to power sports… https://t.co/cG1R6U9x77",23 the first blockchain platform to power sports,1
5763,"Browsing Craigslist, and pleasantly surprised at the amount of people willing to accept Bitcoin for their merchandi… https://t.co/JgA6E5pyq2",browsing craigslist and pleasantly surprised at the amount of people willing to accept bitcoin for their merchandi,1
261,"@t_chandlerhenry Well... bitcoin is going down too so you can't count like that... If u want the gainz, you need to… https://t.co/IBXUWkxyeK",well bitcoin is going down too so you cant count like that if u want the gainz you need to,0
3461,"RT @onetallcool1: Got my head in the game, ready to pounce! #bitcoins #bitcoin #bitcoinmining #bitcoinbillionaire #bit #bitcoinprice #bitco…",got my head in the game ready to pounce,0
3028,"Name: CRYPTO20
Symbol: C20
24 hour change: -6.91%
Price: 1.30644
Rank: 162
Total Supply: 40656082.0
Volume: 2593950… https://t.co/8s78jdNSl7",name crypto20 symbol c20 24 hour change 691 price 130644 rank 162 total supply 406560820 volume 2593950,0
2381,Definitely going back to buy crazy amounts of bitcoin 😂 https://t.co/RapmdcyZDj,definitely going back to buy crazy amounts of bitcoin,0
1023,"Name: SportyCo
Symbol: SPF
24 hour change: -6.42%
Price: 0.1667
Rank: 459
Total Supply: 70673454.0
Volume: 1810780.… https://t.co/M1buyeePAY",name sportyco symbol spf 24 hour change 642 price 01667 rank 459 total supply 706734540 volume 1810780,0
4887,"Free Ramen coin
#airdrop
 #RamenCoin $RAMEN #airdrop #bounty #ICO #ethereum #blockchain #bitcoin #BTS… https://t.co/BnyIJhWXW9",free ramen coin ramen,1
2545,"Find more information in here https://t.co/J4ySbRu2C0
#RamenCoin $RAMEN #airdrop #bounty #ICO #ethereum #blockchain… https://t.co/4POfPVSpt2",find more information in here ramen,1
1876,"mate this hashtag was intended for RAPE VICTIMS

Not supporters of a scamcoin fork you fucking bellend https://t.co/JLGVhyvi24",mate this hashtag was intended for rape victims not supporters of a scamcoin fork you fucking bellend,0
5223,"Thanks community - 300 followers in just a few days of being active.

We hope to deliver unbiased information to th… https://t.co/XSucqUhQSM",thanks community 300 followers in just a few days of being active we hope to deliver unbiased information to th,0
3768,"RT @wolfejosh: GENIUS. 

Emotionally choreographed to historic price of Bitcoin.

(Tip: put sound on)

https://t.co/lCQ2Ia1mgi",genius emotionally choreographed to historic price of bitcoin tip put sound on,1
3181,Should your small business start accepting #bitcoin? #cryptocurrency https://t.co/Qzmbcb3v4A RT @MyDesiConnect https://t.co/yEJW23k1sm,should your small business start accepting,0
136,RT @CryptOJSimpson: These guys have clearly never experienced a bitcoin bull run. https://t.co/CRjAlxU139,these guys have clearly never experienced a bitcoin bull run,0
68,"Hi Atlanta,

      You're going to give me Bitcoin or I'm gonna fuck your shit up. Ok bitches? https://t.co/5nl8Lk7TcN",hi atlanta youre going to give me bitcoin or im gonna fuck your shit up ok bitches,0
1647,"Name: CRYPTO20
Symbol: C20
24 hour change: -5.35%
Price: 1.327
Rank: 165
Total Supply: 40656082.0
Volume: 2703060.0… https://t.co/elPzCWduZV",name crypto20 symbol c20 24 hour change 535 price 1327 rank 165 total supply 406560820 volume 27030600,0
794,With Opiria platform you can sell your personal data directly to companies. In exchange you get PDATA tokens that y… https://t.co/34kP1DWzUA,with opiria platform you can sell your personal data directly to companies in exchange you get pdata tokens that y,1
2672,"RT @CoinsAirdrops: #Bitcoin #Satoshi #Earn_Money #cryptocurrency #blockchain #Airdrop
New Airdrop #GMV 📢

#GMV Airdrop $1,000,000 ✈️💰WORTH…",new airdrop airdrop 1000000 worth,1
5130,One Bitcoin now worth $8417.00@bitstamp. High $9028.740. Low $8342.000. Market Cap $142.535 Billion #bitcoin,one bitcoin now worth 841700 high 9028740 low 8342000 market cap 142535 billion,1
4229,"Name: Moeda Loyalty Points
Symbol: MDA
24 hour change: -8.8%
Price: 0.843547
Rank: 328
Total Supply: 19628888.0
Vol… https://t.co/G54VgRFbGA",name moeda loyalty points symbol mda 24 hour change 88 price 0843547 rank 328 total supply 196288880 vol,0
3748,"Those who believe in small businesses and invest big ones are now trying to put out the fire in their homes, while… https://t.co/zVpqd8tQfP",those who believe in small businesses and invest big ones are now trying to put out the fire in their homes while,0
468,"RT @SuperEthereum: Round 2 is running now 
STH Token price 0.004 $
https://t.co/uGQNwn5ajN

Telegram: 👇

https://t.co/dH5FOikoQo

#cryptocu…",round 2 is running now sth token price 0004 telegram,0
1680,"5 Common Bitcoin Myths That Should be Debunked Right Now https://t.co/g8idZCooTi 
#newsoftheweek #Bitcoin… https://t.co/CgTCqcJenC",5 common bitcoin myths that should be debunked right now,0
2428,First volume of a collection of tech-fiction short stories. Design https://t.co/qB7MJ8cdvn #Cybersecurity #Bitcoin https://t.co/jPN0nl9Vfs,first volume of a collection of techfiction short stories design,1
1807,"@abelceline23 Bitcoin -Gold (Bitcoin Gold) is become popular also seemly more expensive, marely You still donТt own… https://t.co/sH3369LINq",bitcoin gold bitcoin gold is become popular also seemly more expensive marely you still dont own,1
4548,"Great team! Please keep the great work!
Is a new coin. EQUI - is a good project. So guys, you could invest here for… https://t.co/sbA625IQTK",great team please keep the great work is a new coin equi is a good project so guys you could invest here for,1
5177,"@robertscribbler @tictoc @MarkPlackett1 What's Bitcoin now? 8k? :)

Hows your retirement fund doing? Besides slidin… https://t.co/v6qsIMzn7G",whats bitcoin now 8k hows your retirement fund doing besides slidin,1
140,"@CryptoAirdropFR Bitcoin BTG(OFFICIAL) (BTG) is gaining popularity &amp; seemly other expensive, simply You still donТt… https://t.co/MVx81mjKHP",bitcoin btgofficial btg is gaining popularity seemly other expensive simply you still dont,0
3536,"Current #crypto prices on #Bittrex:

#Bitcoin at $8,645, down -4.7%.
#Ethereum at $537, down -5.8%.
#Ripple at $0.6… https://t.co/lbgMTgxvmY",current prices on at 8645 down 47 at 537 down 58 at 06,0
4813,Earn Free Bitcoin 4 Mining Websites Mining Bitcoin Litecoin Doge coin With Live Withdraw Urdu/Hindi: https://t.co/6SfxV3jMAt via,earn free bitcoin 4 mining websites mining bitcoin litecoin doge coin with live withdraw urduhindi via,1
3646,#SUB Price is 0.00004854 (+0.00000061) #BTC / 0.417313 (+0.00512) #USD. Market rank is 112. #substratum #bitcoin #blockchain,price is 000004854 000000061 0417313 000512 market rank is 112,0
5496,Crime arm easy seat man need dream of member kid appear shake #Bitcoin,crime arm easy seat man need dream of member kid appear shake,0
805,"Name: https://t.co/0Ow97S63We Utility Token
Symbol: SXUT
24 hour change: -4.21%
Price: 0.273891
Rank: 511
Total Sup… https://t.co/LzKLvsLIJA",name utility token symbol sxut 24 hour change 421 price 0273891 rank 511 total sup,0
2895,Bitcoin Is Ridiculous. Blockchain Is Dangerous. :thinking: https://t.co/vl4wMzxdz5 https://t.co/A8DzAcoFWL,bitcoin is ridiculous blockchain is dangerous thinking,0
857,RT @Bitcoin__Cash: JoyStream goes live on Bitcoin Cash - CoinGeek (press release) https://t.co/aUooCK8CMc https://t.co/RoOH5MrPk0,joystream goes live on bitcoin cash coingeek press release,1
3757,"Top 5 Cryptocurrencies - Current Prices

🔻 $BTC: $8,415.39 | Bitcoin -0.36%
🔻 $ETH: $517.35 | Ethereum -0.41%
🔻… https://t.co/dEM2xUPVXu",top 5 cryptocurrencies current prices btc 841539 bitcoin 036 eth 51735 ethereum 041,1
1496,ICYMI: CCN: (+) Bitcoin Transaction Volume is Down – Should You Be Worried? https://t.co/m0OIN1hWWM https://t.co/T9PgKCo1AC,icymi ccn bitcoin transaction volume is down should you be worried,0
966,Is this related to Rosensteins Cyber Crime announcement tomorrow? The  press are going to eat him alive with online… https://t.co/IuOQvXldfH,is this related to rosensteins cyber crime announcement tomorrow the press are going to eat him alive with online,1
4558,"#blockchain #btc #crypto #cryptocurrency #bitcoin #Ethereum #ETH 31 
 The first blockchain platform to power sports… https://t.co/7hYnEkNaB6",31 the first blockchain platform to power sports,1
187,"Name: Aeron
Symbol: ARN
24 hour change: -12.32%
Price: 1.25877
Rank: 332
Total Supply: 20000000.0
Volume: 1144740.0… https://t.co/G1maYTb0px",name aeron symbol arn 24 hour change 1232 price 125877 rank 332 total supply 200000000 volume 11447400,0
4336,Send hope art significant list talk spend pick box discussion treatment treat #Bitcoin,send hope art significant list talk spend pick box discussion treatment treat,0
5357,dont miss good project https://t.co/bhbnOUwflZ,dont miss good project,1
2115,"$ICX / $KRW 🇰🇷 trading market JUST WENT LIVE ON @BithumbOfficial. Here. We. Go. 💥💥

#icx #icon @helloiconworld… https://t.co/gVBHUSmBYU",icx krw trading market just went live on here we go,1
311,"bitcoin, more like shitcoin, haha like comment subscribe",bitcoin more like shitcoin haha like comment subscribe,1
2054,Install CryptoTab &amp; Start Mining Bitcoin! Tired of Trading TIME for MONEY?  Try Trading CPU for $$$ Click Link &amp; St… https://t.co/QGquz18Xho,install cryptotab start mining bitcoin tired of trading time for money try trading cpu for click link st,0
4658,Got friends who don't know the first thing about #bitcoin ? Simply send them to https://t.co/ncOsZRaxdg #bitcoins #bitcoinsfuture,got friends who dont know the first thing about simply send them to,1
5243,Introducing Our First Dedicated Open Source Developer #bitcoin .. https://t.co/3JU4qdDuUo,introducing our first dedicated open source developer,1
3710,"Taiwan Edges Toward Liberalizing Cryptocurrency As Other Asian Countries Tighten Rules Taiwanese officials, though… https://t.co/bGJKUBFO5A",taiwan edges toward liberalizing cryptocurrency as other asian countries tighten rules taiwanese officials though,0
4854,Striking a balance between reasonable and unreasonable is a fine thin line when u r in a position of power.… https://t.co/YHMZz9o11B,striking a balance between reasonable and unreasonable is a fine thin line when u r in a position of power,1
5577,Save yourself some money! This complete classroom-in-a-book on pen https://t.co/W7Yo23sZVF #Cybersecurity #Bitcoin https://t.co/0zpllx0yXz,save yourself some money this complete classroominabook on pen,1
5608,"Name: BlockMason Credit Protocol
Symbol: BCPT
24 hour change: -15.39%
Price: 0.45628
Rank: 224
Total Supply: 116158… https://t.co/nM2aYEOOfB",name blockmason credit protocol symbol bcpt 24 hour change 1539 price 045628 rank 224 total supply 116158,0
5215,"https://t.co/yElvZ53X2o
#MachineLearning #bitcoin #100DaysOfCode #CodingChallenge
Awesome article",awesome article,1
3310,"Name: Blocktix
Symbol: TIX
24 hour change: -12.93%
Price: 0.337673
Rank: 367
Total Supply: 62500000.0
Volume: 10897… https://t.co/sVLuldrmqi",name blocktix symbol tix 24 hour change 1293 price 0337673 rank 367 total supply 625000000 volume 10897,0
2137,"Bitcoin Will Be the World's Single Currency, Twitter CEO predicts | Finance Magnates https://t.co/Wul9I4JFOR",bitcoin will be the worlds single currency twitter ceo predicts finance magnates,0
488,"#BTC2 @btccloud
Total Supply # 20M
4M Coins Will be Airdrop For Free
Limited to 10,000 
More Information Coming Soo… https://t.co/pJ5LhYx7Ik",total supply 20m 4m coins will be airdrop for free limited to 10000 more information coming soo,1
4137,The new bip is definitely a bip now - #bitcoin - Is a dip to follow? https://t.co/QUl4ATao2J,the new bip is definitely a bip now is a dip to follow,1
459,#DisruptAllHub Bitcoin: University Student Gang ”Breaking Bad” Jailed For Dealing $1M+ in Drugs for Bitcoin… https://t.co/8DLnBaKKty,bitcoin university student gang breaking bad jailed for dealing 1m in drugs for bitcoin,0
3441,@TheNvsibleHand Bitcoin is your gold and litecoin is your dollar. Plain and simple,bitcoin is your gold and litecoin is your dollar plain and simple,0
4832,"Doakland85: RT Darth_Pingu: #DeepThoughtsFromThe80s ""Hush hush, eye to eye""? What does THAT even mean??? 🤔… https://t.co/ij1kKD5Noe",doakland85 darthpingu hush hush eye to eye what does that even mean,0
1211,"Name: CRYPTO20
Symbol: C20
24 hour change: -6.84%
Price: 1.30771
Rank: 164
Total Supply: 40656082.0
Volume: 2603260… https://t.co/hQpxnQPVpN",name crypto20 symbol c20 24 hour change 684 price 130771 rank 164 total supply 406560820 volume 2603260,0
2349,"Check out our new article on Decentralized Applications - https://t.co/fD9KAC4d7C

#blockchain #decentralized… https://t.co/U4xl9HxcyU",check out our new article on decentralized applications,1
2847,Bitcoin hits the NYC real estate market for the first time https://t.co/9S1Hdt5B1C,bitcoin hits the nyc real estate market for the first time,1
4657,#PhotoRealistic How much money can you make with bitcoin? https://t.co/aG5b6BLg3r https://t.co/7EYtWiy7My,how much money can you make with bitcoin,1
203,"Broke: Trying to identify and support young promising shitcoins.

Woke: Trying to identify and support  young promising Bitcoin talent.",broke trying to identify and support young promising shitcoins woke trying to identify and support young promising bitcoin talent,1
5398,A thought-provoking new short story from the acclaimed author of Z https://t.co/EDAeJuBx4W #Cybersecurity #Bitcoin https://t.co/nSqK3Vv4q2,a thoughtprovoking new short story from the acclaimed author of z,1
182,@danny_mansour Or he could simply give Alice her money the next time he sees her? 😄 I would be so annoyed if I got… https://t.co/ckMaTqbeVz,or he could simply give alice her money the next time he sees her i would be so annoyed if i got,0
2581,"RT @crypToBanger: updaTe #8 on ma 2014 - 2018 $BTC comparison 

#BTC is lookn good 🙄 
like i said we are now purpLe O .. rally in July ?…",update on ma 2014 2018 btc comparison is lookn good like i said we are now purple o rally in july,1
3117,"$WAN ico price was 0.34$ and now trading price in @binance is 5.69$ great.
huge profit for early adopters 
Huge ris… https://t.co/E0ICcFp6Pp",wan ico price was 034 and now trading price in is 569 great huge profit for early adopters huge ris,1
622,"#Bitcoin price failed to break past the $9,000 level after news of a potential shutdown of #Binance in Japan broke out.",price failed to break past the 9000 level after news of a potential shutdown of in japan broke out,0
1580,"RT @BtcUnicorn1: NEW BIG #Airdrop Bitcoin Unicorn 

Already listed Mercatox
https://t.co/yDJOgkAYZV

Join This community and earn 100 $BTCU…",new big bitcoin unicorn already listed mercatox join this community and earn 100 btcu,1
4892,"#LI Explosión de Bitcoin, Dukascopy Swiss Forex Bank &amp; Marketplace Registration Open LIVE ACCOUNT Demo Account / Bi… https://t.co/CTOp9q17e1",explosin de bitcoin dukascopy swiss forex bank marketplace registration open live account demo account bi,1
1665,(Bitcoin Price Watch; Trading A Fresh Week) has been published on CoinageNews- https://t.co/hBvITcOM4P,bitcoin price watch trading a fresh week has been published on coinagenews,1
5304,RT @FXOpenBroker: #ethereum has dropped over 16 percent in the past seven days and is currently quoted just below the 0.06 round figure. Th…,has dropped over 16 percent in the past seven days and is currently quoted just below the 006 round figure th,0
3764,RT @BittoExchange: Stage 4 has begun! We will be extending Stage 3 bonus to Stage 4 due to the dip of Ether price. Join us and become a par…,stage 4 has begun we will be extending stage 3 bonus to stage 4 due to the dip of ether price join us and become a par,0
5507,"Complete @bethereumteam ICO Review: Blockchain Powered Social Betting https://t.co/qCNDvJOS5p
#bethereum #bitcoin… https://t.co/6ZQzRwdnoZ",complete ico review blockchain powered social betting,1
4184,RT @CryptOJSimpson: If you’re more worried about what drug dealers might do with bitcoin than what the US gov’t is doing with 21 Trillion i…,if youre more worried about what drug dealers might do with bitcoin than what the us govt is doing with 21 trillion i,1
4912,"💰Free &amp; legit list for Bitcoin Mining ⛔No Investment
💯Use all link to accumulate even more BTC daily… https://t.co/9K24Zzq4Ax",free legit list for bitcoin mining no investment use all link to accumulate even more btc daily,1
3674,The other thing that I have been posting about is war...we are now officially in a trade war...we have been in a cu… https://t.co/f8s9R9XAhU,the other thing that i have been posting about is warwe are now officially in a trade warwe have been in a cu,0
5635,"#webdesign #psdmockups BitOk is clean and modern design #PSD template for #bitcoin, #cryptocurrencies and mining se… https://t.co/CeR7LdzlPn",bitok is clean and modern design template for and mining se,1
10,!! - #Bitcoin Will Be World's 'Single Currency' Says Twitter CEO https://t.co/JUDjFEDaok https://t.co/7dGyW53S5R,will be worlds single currency says twitter ceo,0
5434,@bittybitbit86 Yeah it’s ridiculous. Even worst case scenario that it gets shut down barely makes a dent in bitcoin future adoption,yeah its ridiculous even worst case scenario that it gets shut down barely makes a dent in bitcoin future adoption,0
3645,RT @RiconaOfficial: Just few hours remaining for ICO to end.... Tighten your seat belts??? #Ricona #riconaico #ico #cryptocurrency #bitcoin…,just few hours remaining for ico to end tighten your seat belts,0
4633,"Bitcoin $BTC price is: $8441.65 

Binance registration is now OPEN for limited time! 😍 💎  

➡️… https://t.co/pUVq9g70p5",bitcoin btc price is 844165 binance registration is now open for limited time,0
5526,The latest The bitcoin blockchain dao ethereum Daily! https://t.co/j9oAX1DCaq Thanks to @NaomiLWood @alllibertynews @majuzub #blockchain,the latest the bitcoin blockchain dao ethereum daily thanks to,1
2009,"RT @tailopez: If you could learn from Bitcoin/Crypto genius insiders, what would you want to learn most?",if you could learn from bitcoincrypto genius insiders what would you want to learn most,1
678,Amazon going to accept bitcoin?? Huge news if true. Celebrating this rumour with my bitmex shill https://t.co/mfjCRFKHGu,amazon going to accept bitcoin huge news if true celebrating this rumour with my bitmex shill,1
5400,"Live: Cryptocurrency Update, Coins to Watch! Bitcoin Analysis: https://t.co/y9h6HDF1Dx via @YouTube",live cryptocurrency update coins to watch bitcoin analysis via,1
1899,RT @dakami: Man you don’t even have a single currency on NYSE https://t.co/QbP2LStVGA,man you dont even have a single currency on nyse,0
3857,RT @CryptoDisrupt: RT @wizzurd: Interesting 🤔 @wizzurd #bitcoin #ethereum #blockchain #ico #btc #eth $btc $eth #itc… https://t.co/UuMNj0XcT4,interesting btc eth,1
3349,Why ARE THEY AFRAID OF #bitcoin  https://t.co/pJMz9mbyy6,why are they afraid of,0
2976,"Agency theory at play! Govts won't shut down bitcoin, people who are part of the govt want to get bitcoin https://t.co/0wPEflIIkR",agency theory at play govts wont shut down bitcoin people who are part of the govt want to get bitcoin,0
227,"RT eco: Getting better, still some room for improvement :) https://t.co/FdqQKznYfk",eco getting better still some room for improvement,1
1831,#EOS Price is 0.00078247 (+0.00000498) #BTC / 6.56728 (+0.04150) #USD. Market rank is 7. #eos #bitcoin #blockchain,price is 000078247 000000498 656728 004150 market rank is 7,0
295,"lets Grab your F.ree bitcoins here :) easy to use and refer friend and make easy money 
https://t.co/aOZpXZKCnj… https://t.co/hLCK4ueXsE",lets grab your free bitcoins here easy to use and refer friend and make easy money,1
1286,"Name: AdEx
Symbol: ADX
24 hour change: -7.58%
Price: 0.760197
Rank: 154
Total Supply: 100000000.0
Volume: 6733390.0… https://t.co/3H77I1GHRe",name adex symbol adx 24 hour change 758 price 0760197 rank 154 total supply 1000000000 volume 67333900,0
4357,"The ""cia created bitcoin"" just might be the most plausible Satoshi story yet. https://t.co/5Y1ofel4WI",the cia created bitcoin just might be the most plausible satoshi story yet,1
1554,"🔥🔥AIRDROP BLOG🔥🔥 
 
👉👉  https://t.co/ebrSogleBQ 👈👈

#live #Token #Ethereum #eth #free #bitcoin #BTC #altcoin #ico… https://t.co/ir2gbtb5IZ",airdrop blog,1
5762,"Twitter’s Dorsey is wrong on Bitcoin says UK finance chief
https://t.co/0UtMIldkcX",twitters dorsey is wrong on bitcoin says uk finance chief,0
4135,"Name: Asch
Symbol: XAS
24 hour change: -27.15%
Price: 0.569067
Rank: 160
Total Supply: 114855331.0
Volume: 3411400.… https://t.co/5rNf3axNRi",name asch symbol xas 24 hour change 2715 price 0569067 rank 160 total supply 1148553310 volume 3411400,0
4129,#XEM Price is 0.00003316 (+0.00000015) #BTC / 0.278311 (+0.00234) #USD. Market rank is 13. #nem #bitcoin #blockchain,price is 000003316 000000015 0278311 000234 market rank is 13,0
4079,Another Chinese Firm Hit By Bourse Investigation Over Blockchain Claims ... #Bitcoin https://t.co/PR7Xzj908K,another chinese firm hit by bourse investigation over blockchain claims,0
5317,#bitcoin #bitcoinnews #bitnews #crypto #cryptonews #cryptocurrency #marshals #auction #raffle #win U.S. Marshals au… https://t.co/9U2l61PEdC,us marshals au,1
2870,"RT @TodayCrypto: #Crypto giant, #Bitcoin has been experiencing gravitational pull within the past weeks. Several statistics, research, and…",giant has been experiencing gravitational pull within the past weeks several statistics research and,0
3357,"""I never look at telegram's suggested sticker pack- is this a bitcoin themes pack

Wtf https://t.co/5LifQJAa7a",i never look at telegrams suggested sticker pack is this a bitcoin themes pack wtf,0
3261,"Name: Moeda Loyalty Points
Symbol: MDA
24 hour change: -6.54%
Price: 0.865959
Rank: 329
Total Supply: 19628888.0
Vo… https://t.co/OOqw8wu7fH",name moeda loyalty points symbol mda 24 hour change 654 price 0865959 rank 329 total supply 196288880 vo,0
5043,"RT @mindstatex: All the great technicians, builders and loyal crew on the Bitcoin ship basically got out on a rowboat once they realised th…",all the great technicians builders and loyal crew on the bitcoin ship basically got out on a rowboat once they realised th,1
1918,"RT @Bytom_Official: One Bytom video contest masterpiece from our early contributor! 

Like it?😍

Make your own by Mar 31st and win up to 18…",one bytom video contest masterpiece from our early contributor like it make your own by mar 31st and win up to 18,1
2843,"Name: Groestlcoin
Symbol: GRS
24 hour change: -16.19%
Price: 0.463298
Rank: 226
Total Supply: 69678199.0
Volume: 12… https://t.co/3hUKEB35NU",name groestlcoin symbol grs 24 hour change 1619 price 0463298 rank 226 total supply 696781990 volume 12,0
1333,1 Bitcoin = 8428.55 USD. Bitcoin has changed by -25.04 USD in 30 mins. Live price: https://t.co/PC3GnnmE8F #bitcoin #fintech #crypto,1 bitcoin 842855 usd bitcoin has changed by 2504 usd in 30 mins live price,1
3274,"Bitcoin is my hedge. With the DJIA down 700+, if the global economy craps the bed in the next 10 years, Bitcoin will Rule...
#Bitcoin",bitcoin is my hedge with the djia down 700 if the global economy craps the bed in the next 10 years bitcoin will rule,0
556,"Not sure how valid this is, but interesting if true... https://t.co/mwKXn2bPXj",not sure how valid this is but interesting if true,1
473,"Get $500 for free

Signup here

https://t.co/rvy4VVdyKd

#freetoken #freetokens #Blockchain #blockchaintechnology… https://t.co/rgaUxRXYty",get 500 for free signup here,1
4248,"RT @carterthomas: Going live in 2 hours on YouTube - Q&amp;A, Bitcoin, Altcoins, Everything in between! Join Here:

https://t.co/j9Sh2QsW75 htt…",going live in 2 hours on youtube qa bitcoin altcoins everything in between join here htt,1
1413,"[05:23] #Maastricht #Order your (#imitation) hard #cash #Bitcoin now. Either in #Gold, or #Silver. (#Coin)… https://t.co/qvGiDEeIOr",0523 your hard now either in or,0
3640,"How cool is that guys? $BTC #BTC #bitcoin going to the next FIB support. :D.
And remember, I didn´t predict anythin… https://t.co/ggP9z4GgRO",how cool is that guys btc going to the next fib support d and remember i didnt predict anythin,1
4370,"RT @YouBrandInc: Investing in Ripple? Here’s 3 Points to Worry About - BITCOIN PRICE: 8,584.12     HIGH: 9,099.59     LOW: 8,503.52 Adverti…",investing in ripple heres 3 points to worry about bitcoin price 858412 high 909959 low 850352 adverti,1
1803,"#Bitcoin &amp; #Crypto news - ""TSX Group Subsidiary to Launch Cryptocurrency Brokerage"" More details at https://t.co/czgwdAW1Gf.",news tsx group subsidiary to launch cryptocurrency brokerage more details at,1
784,"RT @LeoAW: If you don't like someone, just send them a small wire transfer with the word 'Bitcoin' in the subject line.",if you dont like someone just send them a small wire transfer with the word bitcoin in the subject line,0
166,Research: Scaling properties of extreme price fluctuations in Bitcoin markets. (arXiv:1803.08405v1 [… https://t.co/S78i4e4gUQ,research scaling properties of extreme price fluctuations in bitcoin markets arxiv180308405v1,0
2645,"@SanlamKenya My experience with Sanlam has been lousy to say the least. I wish I had invested in Bitcoin instead, e… https://t.co/0IqyOpHMBr",my experience with sanlam has been lousy to say the least i wish i had invested in bitcoin instead e,0
442,"Altcoin Bear Market 'Over', Bitcoin 'Less Miserable,' Tom Lee Declares - https://t.co/XLdLPhVACS        submitted b… https://t.co/XUfpeufWI4",altcoin bear market over bitcoin less miserable tom lee declares submitted b,0
5114,"Name: Bread
Symbol: BRD
24 hour change: -12.36%
Price: 0.455073
Rank: 217
Total Supply: 88862718.0
Volume: 1356310.… https://t.co/IYZHE02uDh",name bread symbol brd 24 hour change 1236 price 0455073 rank 217 total supply 888627180 volume 1356310,0
5225,RT @WhyKhalfan: This is how stupid Trump and his legal team are. His lawyer paid off a porn star with cash raised for Trump's campaign. IN…,this is how stupid trump and his legal team are his lawyer paid off a porn star with cash raised for trumps caign in,0
4481,RT @XRP_Joe: #lindacoin Wow been keeping my Linda Coin safely tucked away for a while &amp; now BAM! New devs/new team etc. Man I am selling my…,wow been keeping my linda coin safely tucked away for a while now bam new devsnew team etc man i am selling my,1
1233,#marketing https://t.co/ddRfUk6vp5 Looking for an experienced Craigs List poster #workfromhome #makemoney #xbt #crypto #bitcoin,looking for an experienced craigs list poster,1
4041,Rewards can be great with cryptocurrency investing - but so can the risks | CBC News https://t.co/6NgmgzzVev ➜… https://t.co/rq4hMp9SZD,rewards can be great with cryptocurrency investing but so can the risks cbc news,1
3947,"Name: True Chain
Symbol: TRUE
24 hour change: -4.05%
Price: 0.486867
Rank: 387
Total Supply: 100000000.0
Volume: 87… https://t.co/vKlCQvNVb8",name true chain symbol true 24 hour change 405 price 0486867 rank 387 total supply 1000000000 volume 87,0
4089,"The “academic’s cryptocurrency” is an elegant waste of time 

https://t.co/Fk9k1cGfBQ @FT #Bitcoin #blockchain… https://t.co/PRd7A1U0L5",the academics cryptocurrency is an elegant waste of time,1
4006,TOP WEB HOSTING COMPANY 2016 | Bitcoin Accepted | Ditch Godaddy and HostGator https://t.co/LwDjSNJhIu,top web hosting company 2016 bitcoin accepted ditch godaddy and hostgator,1
1967,"RT @insureum_zikto: Ted and David, co-founder of Insureum, just got back from California.

They are back with good news!!!! We will announc…",ted and david cofounder of insureum just got back from california they are back with good news we will announc,1
333,"RT @swiss_chrisu: Have we found the bottom? Here the opion of 5 of the best analysts out there.
https://t.co/f4FJLFDs01",have we found the bottom here the opion of 5 of the best analysts out there,1
1453,"A super funny explanation of Bitcoin. A funny and quick vid of: bitcoin is the new gold. 

Take a look! 😋

#crypto… https://t.co/rcnUrAvmkv",a super funny explanation of bitcoin a funny and quick vid of bitcoin is the new gold take a look,1
4470,"Bitcoin Will Be ‘Internet’s Single Currency,’ Twitter CEO Says Despite Ad Ban Rumors https://t.co/wnBZLSnAEx",bitcoin will be internets single currency twitter ceo says despite ad ban rumors,0
4838,Have a crypto-enthusiast friend? Family member? Gift them a cool Bitcoin-inspired t-shirt. Buy on discount -… https://t.co/EESIWPlwMO,have a cryptoenthusiast friend family member gift them a cool bitcoininspired tshirt buy on discount,1
39,"New bitcoin report for block 514753, there were 2 transactions over $500,000 USD totaling $1,966,599 USD. Full repo… https://t.co/SI2xikl13E",new bitcoin report for block 514753 there were 2 transactions over 500000 usd totaling 1966599 usd full repo,1
3030,"RT @SmartTaylorApp: Voilà! First video-demo of the Crypto Trading Assistant App released: https://t.co/a5LaYI22K5  . What do you think?

#T…",voil first videodemo of the crypto trading assistant app released what do you think,1
1677,"MacroMania: Why gold and bitcoin make lousy money https://t.co/kzyYdnWEf2

#CyberSecurity #InfoSec #Cryptocurrency… https://t.co/r6KkhkNqPm",macromania why gold and bitcoin make lousy money,0
1829,"If you’re not going to work on making Bitcoin cash again but some ICO bullshit, I’m going to educate regulators to how to put you in jail.",if youre not going to work on making bitcoin cash again but some ico bullshit im going to educate regulators to how to put you in jail,0
5813,"Name: Moeda Loyalty Points
Symbol: MDA
24 hour change: -4.75%
Price: 0.880121
Rank: 325
Total Supply: 19628888.0
Vo… https://t.co/8JP5r9IcwN",name moeda loyalty points symbol mda 24 hour change 475 price 0880121 rank 325 total supply 196288880 vo,0
5126,"@Cor0t Besides you had a good month with maxed out loyality, now enjoy making easy money and being able to buy all… https://t.co/wgFkrPr1cV",besides you had a good month with maxed out loyality now enjoy making easy money and being able to buy all,1
2303,"@DimidDimidov Bitcoin Gold (Bitcoin-Gold) do  gaining popularity &amp; seemly extra expensive, just Your still donТt ow… https://t.co/HMIy2d2brB",bitcoin gold bitcoingold do gaining popularity seemly extra expensive just your still dont ow,0
1708,"Name: NuBits
Symbol: USNBT
24 hour change: -10.69%
Price: 0.764277
Rank: 474
Total Supply: 70359639.0
Volume: 18567… https://t.co/zcuGGMBcUN",name nubits symbol usnbt 24 hour change 1069 price 0764277 rank 474 total supply 703596390 volume 18567,0
3339,"#Pivx price right now! 📉 ( -4%/7D)

#blockchain #PoS #zPoS #masternodes #Staking #Rewards #bulletproof #private… https://t.co/KiC2E1l7yT",price right now 47d,1
1572,"RT @jerrakos67: #bitcoin completely eliminates the use of money as a system of control. This is why banks are afraid of it.
https://t.co/6P…",completely eliminates the use of money as a system of control this is why banks are afraid of it,0
3172,NEW!! Cointiply Bitcoin Faucet – How To Easily Earn FREE Bitcoin!! https://t.co/XELAMDvBKM https://t.co/HopmhHP8LV,new cointiply bitcoin faucet how to easily earn free bitcoin,1
759,"RT @paintsaint916: 50,000 HTMLCOIN GIVEAWAY !! Check out the POMA updates posted in my original tweet, follow me, and retweet original twee…",50000 htmlcoin giveaway check out the poma updates posted in my original tweet follow me and retweet original twee,1
5313,"I just published “Bitcoin is dead? What happened?” https://t.co/JbxT90qh6u
#mcodigital",i just published bitcoin is dead what happened,0
723,University Student Gang ”Breaking Bad” Jailed For Dealing $1M+ in Drugs for #Bitcoin https://t.co/M6wps3JbUn https://t.co/ot9UZwQ1FS,university student gang breaking bad jailed for dealing 1m in drugs for,0
815,#Bitcoin Price Falls As Markets React To (False) Japan Binance Threat [UPDATED] https://t.co/5jvkAkUgYw https://t.co/wpCkUcnTV1,price falls as markets react to false japan binance threat updated,0
961,Think about what a cyber attack on America's grid would mean. And the #GOP and #Trump are doing nothing to protect… https://t.co/HmBVSsYCnk,think about what a cyber attack on americas grid would mean and the and are doing nothing to protect,0
874,Irish legal system has certain acts that are related with computer https://t.co/VXI9ovrmtl #Cybersecurity #Bitcoin https://t.co/hXO2JWZbAX,irish legal system has certain acts that are related with computer,1
3102,(#Binance In Trouble? / ...) - https://t.co/AMmAngwuJs #cryptocurrency #BinanceCoin #Asset #BinanceDesktop… https://t.co/z4FmHQuLMD,in trouble,0
4305,RT @fixy_app: Fixy Network brings popular cryptocurrencies and retailers as partners with benefits from blockchain. Partner Stores will acc…,fixy network brings popular cryptocurrencies and retailers as partners with benefits from blockchain partner stores will acc,1
5812,Friday 23 March 2016 at 3pm GMT Live Q&amp;A with @AXenS_io team.  Link will be posted here &amp; website… https://t.co/NFzug3Kl1M,friday 23 march 2016 at 3pm gmt live qa with team link will be posted here website,1
3851,"Humaniq celebrates success: First working hybrid Blockchain and 100,000-strong community #bitcoin #blockchain #news… https://t.co/2Rw3vpg4YB",humaniq celebrates success first working hybrid blockchain and 100000strong community,1
5796,Better Bitcoin Relay? Crypto VCs Back BloXroute Funding: BloXroute's founder worries relay networks that speeds dat… https://t.co/O9q3bQMj7u,better bitcoin relay crypto vcs back bloxroute funding bloxroutes founder worries relay networks that speeds dat,1
4741,"I get More and More FREE Bitcoin Weekly Just Surfing!
As #4 All Time Referrer I get consistent Bitcoin Payouts.
Thi… https://t.co/EaTALPGkCz",i get more and more free bitcoin weekly just surfing as all time referrer i get consistent bitcoin payouts thi,1
1896,If man standard night edge board third old question glass carry life your hold fast #Bitcoin,if man standard night edge board third old question glass carry life your hold fast,0
3067,"Name: Tidex Token
Symbol: TDX
24 hour change: -38.71%
Price: 0.310336
Rank: 646
Total Supply: 10000000.0
Volume: 29… https://t.co/U38vtG7Jfw",name tidex token symbol tdx 24 hour change 3871 price 0310336 rank 646 total supply 100000000 volume 29,0
620,"#Bitcoin, #Ethereum, #BitcoinCash, #Ripple, #Stellar, #Litecoin, #Cardano, #NEO, #EOS: Price Analysis, March 16.… https://t.co/NlAPg7w50w",price analysis march 16,1
2657,"@Ductri067 Bitcoin BTG(OFFICIAL) (Bitcoin Gold) and become best news ^&amp;^ seemly extra expensive, marely You still d… https://t.co/3eqLieMoIc",bitcoin btgofficial bitcoin gold and become best news seemly extra expensive marely you still d,1
2877,RT @coindesk: Bitcoin Will Be World's 'Single Currency' Says Twitter CEO https://t.co/jGHcq35H9H https://t.co/L1x2zS5a7R,bitcoin will be worlds single currency says twitter ceo,0
1330,University Student Gang ”Breaking Bad” #Jailed For Dealing $1M+ in Drugs for #Bitcoin - Bitcoin #News https://t.co/kKY8ER15pZ,university student gang breaking bad for dealing 1m in drugs for bitcoin,0
1661,RT @kolodsityy: World charity in one place and in one time. Donate to your favorite charity with full transparent. Light access for anyone.…,world charity in one place and in one time donate to your favorite charity with full transparent light access for anyone,1
4753,"Bitcoin $BTC price is: $8444.11 

We verified that Binance is accepting new users! 🙌 😊  

➡️… https://t.co/upoZ11xYeD",bitcoin btc price is 844411 we verified that binance is accepting new users,1
1931,"#TCC# (The Champcoin) IS Next #Bitcoin#

#TCC IS  #WORLD  BEST  #COIN

#TCC#  IS  1st #indian# Cryptocurrency https://t.co/CTwvChGBRz",the chcoin is next is best is 1st cryptocurrency,1
4321,"Name: Everex
Symbol: EVX
24 hour change: -6.04%
Price: 1.28992
Rank: 286
Total Supply: 25000000.0
Volume: 2662960.0… https://t.co/4aUUlsP6L8",name everex symbol evx 24 hour change 604 price 128992 rank 286 total supply 250000000 volume 26629600,0
2876,"RT @tippereconomy: In the beginning, there was the birth of the social network, now evolution gives rise to the Social Economy of Tipper. h…",in the beginning there was the birth of the social network now evolution gives rise to the social economy of tipper h,1
4233,"Name: Steem Dollars
Symbol: SBD
24 hour change: -9.26%
Price: 2.12328
Rank: 266
Total Supply: 10946437.0
Volume: 18… https://t.co/qfLS4gwPst",name steem dollars symbol sbd 24 hour change 926 price 212328 rank 266 total supply 109464370 volume 18,0
3527,"RT @Damien_CABADI: There are 190 cryptocurrency exchanges, but some are way better than others 

Useful ! Thks to CNBC

https://t.co/0R1oGt…",there are 190 cryptocurrency exchanges but some are way better than others useful thks to cnbc,1
3077,"Name: SportyCo
Symbol: SPF
24 hour change: -5.15%
Price: 0.168211
Rank: 461
Total Supply: 70673454.0
Volume: 182696… https://t.co/zfMwwEa99e",name sportyco symbol spf 24 hour change 515 price 0168211 rank 461 total supply 706734540 volume 182696,0
476,"RT @ProfFaustus: I don't care if you love me or hate me. I care if you USE bitcoin.

Bitcoin is p2p electronic cash.

That is use.

If you…",i dont care if you love me or hate me i care if you use bitcoin bitcoin is p2p electronic cash that is use if you,0
5614,"@CRYPTOCURRENC Give responds by cutting taxes and increase spending, currency devalues bitcoin soars",give responds by cutting taxes and increase spending currency devalues bitcoin soars,0
5481,If I knew what I was talking about I would be very concerned about this. #bitcoin #LightningNetwork https://t.co/deemGoPVXa,if i knew what i was talking about i would be very concerned about this,1
2576,RT @lliIVvee_live: ccxt 1.10  Great for crypto developers. A #JavaScript / #Python / #PHP cryptocurrency trading library with support for 9…,ccxt 110 great for crypto developers a cryptocurrency trading library with support for 9,1
3776,#BTC #Bitcoin has honoured base of channel and has not honoured the top of it. https://t.co/oiDKaDvPl1,has honoured base of channel and has not honoured the top of it,0
2382,The latest The People's Bitcoin! https://t.co/gN25IJykV4 #bitcoin #blockchain,the latest the peoples bitcoin,1
1459,"Name: Triggers
Symbol: TRIG
24 hour change: -18.2%
Price: 0.848158
Rank: 245
Total Supply: 32105578.0
Volume: 41912… https://t.co/dtJCmfVEZW",name triggers symbol trig 24 hour change 182 price 0848158 rank 245 total supply 321055780 volume 41912,0
975,"RT @BitMEXdotcom: A new record for the XBTUSD swap: 655,000 Bitcoin traded in the last 24 hours. $6.3B in total value traded on BitMEX in t…",a new record for the xbtusd swap 655000 bitcoin traded in the last 24 hours 63b in total value traded on bitmex in t,1
2431,SEC official: Cryptocurrency trading needs stock market principles - https://t.co/518lY39uqc #bitcoin #crypto https://t.co/ncPaxKTNEI,sec official cryptocurrency trading needs stock market principles,0
2417,"RT @Viberate_com: Do you ever wonder how we got the name for our token? Here is one theory ;) 
https://t.co/Tsyo8qaUOK
$vib  #token #vib #e…",do you ever wonder how we got the name for our token here is one theory vib,1
2860,"💥 MRCH Round 2 📈 3333 MRCH = 1 ETH

- Register here : https://t.co/VdrT3mJ1Ej

- Enter ETH address
- Copy Code
- Se… https://t.co/f4NsNUU1dH",mrch round 2 3333 mrch 1 eth register here enter eth address copy code se,0
1992,"AND IT IS LIVE! Fantasy Basketball has been launched!

Play Daily Fantasy Sports @NoLimitCoin! Start w/ Free $NLC2… https://t.co/yuBS5sBnK1",and it is live fantasy basketball has been launched play daily fantasy sports start w free nlc2,1
4351,@WealthE_Coin interesting video https://t.co/utjznZ0jgo,interesting video,1
480,"RT @Mokenex: Our airdrop members surpassed 1500. 
Join the Airdrop and limited token sale (1ETH=40.000 MOKNs) at https://t.co/IhQjZAlxN5
#a…",our airdrop members surpassed 1500 join the airdrop and limited token sale 1eth40000 mokns at,0
1973,Twitter CEO Jack Dorsey Predicts That #Bitcoin Will Be The World’s ‘Single Currency’ Within… https://t.co/7tIkNVGNpn,twitter ceo jack dorsey predicts that will be the worlds single currency within,0
4881,"RT @BitcoinsDubai: LIMITED OFFER: Register now and get 135GH/s for FREE!

Hashperium https://t.co/L4xIGet1is

#FREEHASHPOWER #CryptoMining…",limited offer register now and get 135ghs for free hashperium,1
994,"Name: IoT Chain
Symbol: ITC
24 hour change: -4.06%
Price: 1.08189
Rank: 158
Total Supply: 100000000.0
Volume: 82229… https://t.co/rQfYW3CpFC",name iot chain symbol itc 24 hour change 406 price 108189 rank 158 total supply 1000000000 volume 82229,0
1610,#Essentia gives us a good tool for earning money. Do not miss this opportunity. Increase your capital several times… https://t.co/06CjI09diC,gives us a good tool for earning money do not miss this opportunity increase your capital several times,1
1091,"@GlennDuggan Exactly, I also only pay with bitcoin to avoid a paper trail.",exactly i also only pay with bitcoin to avoid a paper trail,1
2945,"Name: AdEx
Symbol: ADX
24 hour change: -4.16%
Price: 0.779895
Rank: 155
Total Supply: 100000000.0
Volume: 6901820.0… https://t.co/8v5gQrxdVU",name adex symbol adx 24 hour change 416 price 0779895 rank 155 total supply 1000000000 volume 69018200,0
5250,"RT @NimbusToken: To give the NIM to ken long term viability, the buyers of product tokens have an immense amount of flexibility.
https://t.…",to give the nim to ken long term viability the buyers of product tokens have an immense amount of flexibility,0
2701,"RT @EarnzCoin: The @EarnzCoin Lock-in &amp; Referral System is now active on the Website https://t.co/r5rT77osPW 
Start Earning Now !!!
#ERZ #E…",the lockin referral system is now active on the website start earning now,0
2635,Common #Verge Army lets achieve that 75mill mark and beyond. Lets make it historic by touching even 100mill. Give i… https://t.co/qzYl79WD7Z,common army lets achieve that 75mill mark and beyond lets make it historic by touching even 100mill give i,1
1712,"Name: Modum
Symbol: MOD
24 hour change: -19.2%
Price: 2.1044
Rank: 198
Total Supply: 27266200.0
Volume: 1240040.0… https://t.co/A7i8I9Ldha",name modum symbol mod 24 hour change 192 price 21044 rank 198 total supply 272662000 volume 12400400,0
2470,Skill because protect call manage billion into stay rule level customer #Bitcoin,skill because protect call manage billion into stay rule level customer,0
2085,"1: Bitcoin average price is $8631.56 (-0.98% 1h)
2: Ethereum average price is $533.447 (-1.04% 1h)
3: Ripple averag… https://t.co/T6Gfj2TjJQ",1 bitcoin average price is 863156 098 1h 2 ethereum average price is 533447 104 1h 3 ripple averag,0
2390,RT @VaasDls: #DeepOnion is growing day by day and we  have experienced and talented people in the current Dev Team but  we are open to rece…,is growing day by day and we have experienced and talented people in the current dev team but we are open to rece,1
4304,RT @bethereumteam: We're launching something huge for our #Telegram community next-week! #Sportsbetting directly in our group with a lotter…,were launching something huge for our community nextweek directly in our group with a lotter,1
2548,"@Cryptoskopia Bitcoin -Gold (Bitcoin Gold) go become popularity ^&amp;^ apt added expensive, just You still donТt own i… https://t.co/LNkr9NcYWg",bitcoin gold bitcoin gold go become popularity apt added expensive just you still dont own i,1
4549,RT @newsandcybersec: An analysis of the #Bitcoin #blockchain – the publicly accessible ledger of transactions upon which the system is buil…,an analysis of the the publicly accessible ledger of transactions upon which the system is buil,1
738,@matthiasochs13 @LaneSnyder22 he's working with responsive blockchain artificial intelligence and gets paid in bitcoin,hes working with responsive blockchain artificial intelligence and gets paid in bitcoin,0
498,Awesome #cryptoWorld conference with the wonderful @CristinaDolan #bitcoin https://t.co/3N2SYWRXSB,awesome conference with the wonderful,1
2674,"Name: Aeron
Symbol: ARN
24 hour change: -4.73%
Price: 1.34112
Rank: 327
Total Supply: 20000000.0
Volume: 1096610.0… https://t.co/I6Gl0KGsUz",name aeron symbol arn 24 hour change 473 price 134112 rank 327 total supply 200000000 volume 10966100,0
1222,"Name: Groestlcoin
Symbol: GRS
24 hour change: -16.72%
Price: 0.451628
Rank: 227
Total Supply: 69679279.0
Volume: 13… https://t.co/nhmDOvaEhb",name groestlcoin symbol grs 24 hour change 1672 price 0451628 rank 227 total supply 696792790 volume 13,0
4032,"If you are trading $mana like other tokens you are doing it wrong @decentraland the Money is on the Land, on the de… https://t.co/20vvoKV4an",if you are trading mana like other tokens you are doing it wrong the money is on the land on the de,0
1461,"Name: Moeda Loyalty Points
Symbol: MDA
24 hour change: -5.37%
Price: 0.875587
Rank: 328
Total Supply: 19628888.0
Vo… https://t.co/WwREIrpR1j",name moeda loyalty points symbol mda 24 hour change 537 price 0875587 rank 328 total supply 196288880 vo,0
2472,Best GPU Configurations for #Mining #MoneroXMR: February 2018 - https://t.co/MiKUiyLeT5 #Cryptocurrency #Crypto… https://t.co/sjC5YrakS9,best gpu configurations for february 2018,1
2963,Think #Cryptocurrency Is Confusing? Try Paying Taxes on It via @NYTimes #bitcoin #ethereum  https://t.co/dj3PIYNpCi,think is confusing try paying taxes on it via,0
4199,"RT @equi_capital: Bitcoin surges above $12,000 for the first time https://t.co/bzbgyxlmp6 via @FortuneMagazine",bitcoin surges above 12000 for the first time via,1
5460,"Airdrop new Free 500 VLC Coin
#crypto #altcoin #dogecoin #freecoins #giveaway #Airdrop #ethereum #ico #btc #bitcoin… https://t.co/tzWBqhWpck",airdrop new free 500 vlc coin,1
5015,RT @emma_____weaver: not sure why i even tried talking to him about bitcoin https://t.co/B3J3o36E7q,not sure why i even tried talking to him about bitcoin,0
158,Glovo delivers anything you want When you’re far from Silicon Valley a lot of weird and cool stuff happens. Take Gl… https://t.co/USuaSiAYCU,glovo delivers anything you want when youre far from silicon valley a lot of weird and cool stuff happens take gl,0
3342,@xwvvvvwx @starkness @BitcoinMktJrnl @peterktodd as far as I understand they catch and store actual lightning and s… https://t.co/V6NO7UgbQc,as far as i understand they catch and store actual lightning and s,1
1904,"@CoinTradingRoom Bitcoin Gold (BTG) go gaining best news and apt extra expensive, simply Your still donТt hold it?… https://t.co/t25cy0GzBo",bitcoin gold btg go gaining best news and apt extra expensive simply your still dont hold it,1
4167,I love seeing the desperate attempts to tie bcash to the bitcoin name here on Twitter. The blatant attempts to conf… https://t.co/tJPLjonApS,i love seeing the desperate attempts to tie bcash to the bitcoin name here on twitter the blatant attempts to conf,0
3331,“a small portion of their assets to Bitcoin with a long-term investment horizon.” — John Pfeffer https://t.co/GLuJXTL6CR,a small portion of their assets to bitcoin with a longterm investment horizon john pfeffer,0
407,RT @DanielKrawisz: I'm a bitcoin ecumanist! @derose @giacomozucco sects of bitcoin which are less cooperative with others look like worse i…,im a bitcoin ecumanist sects of bitcoin which are less cooperative with others look like worse i,0
1941,"RT TodayCrypto ""RT TodayCrypto: #Crypto giant, #Bitcoin has been experiencing gravitational pull within the past we… https://t.co/WhL1qOtPei",todaycrypto todaycrypto giant has been experiencing gravitational pull within the past we,0
823,"Bad news: Bitcoin on the decline.
Current Rate: 8383.1 USD = 1 BTC",bad news bitcoin on the decline current rate 83831 usd 1 btc,0
3955,#XEM Price is 0.00003330 (-0.00000044) #BTC / 0.286412 (-0.00641) #USD. Market rank is 13. #nem #bitcoin #blockchain,price is 000003330 000000044 0286412 000641 market rank is 13,0
3432,Monthly Web Traffic for Major Bitcoin Exchanges Falls by Half &gt;&gt;@ https://t.co/PfIJ35yNSu || #Bitcoin #BTC #Altcoin… https://t.co/rIZKGlIqqG,monthly web traffic for major bitcoin exchanges falls by half gtgt,0
275,"Stocks wobble, currencies weak, usa re-installs war criminal to office, trade war, rising nationalism globally &amp; sc… https://t.co/H6uo3GIJNt",stocks wobble currencies weak usa reinstalls war criminal to office trade war rising nationalism globally sc,0
2917,"@coinlerinkrali Bitcoin Gold (Bitcoin Gold) is gaining popularity and seemly added expensive, only You still donТt… https://t.co/YdJPSAoYia",bitcoin gold bitcoin gold is gaining popularity and seemly added expensive only you still dont,0
1305,"The move on the part of the US military, which began in 1996, to N https://t.co/lpxARZtLh9 #Cybersecurity #Bitcoin https://t.co/pvBf1g3w1h",the move on the part of the us military which began in 1996 to n,0
52,"Name: Bodhi
Symbol: BOT
24 hour change: -8.93%
Price: 0.335681
Rank: 368
Total Supply: 100000000.0
Volume: 1199450.… https://t.co/S6vhW2w7Pn",name bodhi symbol bot 24 hour change 893 price 0335681 rank 368 total supply 1000000000 volume 1199450,0
702,"Weiss Gets Digital Currency Ratings Horribly Wrong, Bitcoin Merely C+ Student - https://t.co/Y48Lq1a6lS #cryptonews… https://t.co/cZ7USzr61B",weiss gets digital currency ratings horribly wrong bitcoin merely c student,0
4779,"@RasJohnNjui Bitcoin BTG(OFFICIAL) (Bitcoin Gold) a gaining popularity also apt extra expensive, simply Your still… https://t.co/L9Ck4oJ8Hf",bitcoin btgofficial bitcoin gold a gaining popularity also apt extra expensive simply your still,1
3799,2:30 am IHOP dates. Don’t need to get in yalls feelings you just need a little G.A.M.E. This girl doesn’t even know… https://t.co/I4t3SUVL7m,230 am ihop dates dont need to get in yalls feelings you just need a little game this girl doesnt even know,0
5092,Land though final ready identify similar nothing skin war history method blood floor medical word #Bitcoin,land though final ready identify similar nothing skin war history method blood floor medical word,0
5201,happy b-day #betting #onlinebetting #bettingexpert #eSports #Betonline #crypto #fintech #presale #PreICO #ERC20… https://t.co/uJVmPwFaLg,happy bday,1
18,@crypt0snews Within the data of one of the transactions is a title to one of the Dark Web websites that has child p… https://t.co/zQC6WjcMgy,within the data of one of the transactions is a title to one of the dark web websites that has child p,0
1182,crazy thought: that guy who bought bitcoin at $0.08 and sold it at $0.30 made more money than anyone who bought in December,crazy thought that guy who bought bitcoin at 008 and sold it at 030 made more money than anyone who bought in december,0
602,"#sharpay.io has a rating of 4.8 and. 46 surveys, I have not seen this for as long as a half year, this is precisely… https://t.co/yCLjBZvuvE",io has a rating of 48 and 46 surveys i have not seen this for as long as a half year this is precisely,0
1522,"Name: ATBCoin
Symbol: ATB
24 hour change: -5.09%
Price: 0.244336
Rank: 430
Total Supply: 53118987.0
Volume: 2205380… https://t.co/AYX76NUvkn",name atbcoin symbol atb 24 hour change 509 price 0244336 rank 430 total supply 531189870 volume 2205380,0
4777,RT @evankirstel: #BlockChain could help small studios compete in multiplayer game development https://t.co/GyFwOIwRXu #Crypto #Bitcoin #Cry…,could help small studios compete in multiplayer game development,0
2882,"Bitcoin In The Time Of Negative Interest Rates
https://t.co/WWUSeL4mMK",bitcoin in the time of negative interest rates,0
3130,Learn more about #EQUI: https://t.co/IOUvC5hAlY #Crypto #Blockchain  #VentureCapital #ether #ethereum #bitcoin… https://t.co/UJwMTVjgPF,learn more about,1
3537,#Bitcoin Falls on Fears of #Regulatory Trouble for Big #Crypto #Exchange  @binance #Japan #FSA #speculation #bubble… https://t.co/5AzHgYnuXb,falls on fears of trouble for big,0
1431,#Bitcoin Price Analysis: #BTC Could Draw More Buyers Back In the Near Term https://t.co/BBcQsKTjPu,price analysis could draw more buyers back in the near term,1
3587,good good ! bethereum pro https://t.co/SRmrTNfLzY,good good bethereum pro,1
2749,"GET 10% discount on BitMEX for 6 months and win FREE #NEO
HERE: https://t.co/CZH9TSYP0R

#BitMEX #Leverage… https://t.co/IsXAjEHSum",get 10 discount on bitmex for 6 months and win free here,1
3414,"Name: DADI
Symbol: DADI
24 hour change: -8.65%
Price: 0.191965
Rank: 349
Total Supply: 100000000.0
Volume: 2483720.… https://t.co/xxxOMc2vG7",name dadi symbol dadi 24 hour change 865 price 0191965 rank 349 total supply 1000000000 volume 2483720,0
3325,Join me on Pinterest  :) https://t.co/pf0O8i5mgf #ozzmak #Pinterest #socialmediamarketing #twittermarketing #seo… https://t.co/0jJ2nwwwZg,join me on pinterest,1
5555,"Bitcoin Price Trend Forecast, PayPal FUD Fake Cryptocurrency Warning https://t.co/2HRiowUOtd via @YouTube #bitcoin… https://t.co/WEHzq7S787",bitcoin price trend forecast paypal fud fake cryptocurrency warning via,0
4800,"Top 5 Cryptocurrencies - Current Prices

🔻 $BTC: $8,721.02 | Bitcoin -0.14%
⬆️ $ETH: $540.49 | Ethereum +0.16%
🔻… https://t.co/YMW4cBu85W",top 5 cryptocurrencies current prices btc 872102 bitcoin 014 eth 54049 ethereum 016,1
3528,"RT @Bl0ckchained: This is a re-post because I love it. @Jack, you're an inspiration to many, including small #ContentCreators (me), enthusi…",this is a repost because i love it youre an inspiration to many including small me enthusi,1
2762,"Bluezelle is a database protocol. Crowd Machine encompasses the whole platform. Creating, distribution, running dap… https://t.co/mqDXgmRyRX",bluezelle is a database protocol crowd machine encompasses the whole platform creating distribution running dap,1
4227,You can earn real #Bitcoin with this mobile game https://t.co/KpnHlK5RSR,you can earn real with this mobile game,0
739,"Buy Lo And Buy Lambo! #HODL On To Your Bits And Buy More On The Dips!

1 - 100x Leverage ✅

▶️… https://t.co/yeuNptDptu",buy lo and buy lambo on to your bits and buy more on the dips 1 100x leverage,1
5487,Wow. Ballsy shit right here 🤔 @whoismrrobot #bitcoin #hacking https://t.co/WyBiOJGQRT,wow ballsy shit right here,1
651,"Name: Matchpool
Symbol: GUP
24 hour change: -6.31%
Price: 0.200111
Rank: 354
Total Supply: 98855150.0
Volume: 31094… https://t.co/xo51mieHOR",name matchpool symbol gup 24 hour change 631 price 0200111 rank 354 total supply 988551500 volume 31094,0
2899,@GreedPositive @ThrowingBugs @Bitcoin Reported for abusing twitter to spread propaganda for BSCore.,reported for abusing twitter to spread propaganda for bscore,0
4219,BTC $8437.14 Down -$23.19 -0.27% in the last hour #bitcoin #bitsmart,btc 843714 down 2319 027 in the last hour,0
2033,"$8,770 it was . $BTC #BTC #bitcoin. No let´s see if it go all the way down to $8,2k area. :D https://t.co/OPFeskKfNu",8770 it was btc no lets see if it go all the way down to 82k area d,1
5504,RT @coinseedapp: Frugality includes all the other virtues. --Cicero #blockchain #btc #crypto #cryptocurrency #bitcoin #ICO #Ethereum #altco…,frugality includes all the other virtues cicero,0
2499,"RT bitstein: Wow, realDonaldTrump is a Bitcoin maximalist! https://t.co/DVXKebF9m5",bitstein wow realdonaldtrump is a bitcoin maximalist,1
4080,government disinfo agents are fun https://t.co/zqLZdMhiJF,government disinfo agents are fun,1
3492,"RT @fundchains: 🍬Jion us get 150 #FUND tokens within 48h🍬7,500,000 #FUND will #airdrop on this round

https://t.co/r8hLeeX3h7: https://t.co…",jion us get 150 tokens within 48h7500000 will on this round,0
4520,Switzerland Welcomes Real Estate Crypto Token SwissRealCoin #bitcoin .. https://t.co/sJdetLKzHz,switzerland welcomes real estate crypto token swissrealcoin,1
1606,Omg seriously... if you aren’t worried now you should be https://t.co/kPlDux98Tl,omg seriously if you arent worried now you should be,0
4932,"Name: Arcblock
Symbol: ABT
24 hour change: -13.91%
Price: 0.68312
Rank: 142
Total Supply: 186000000.0
Volume: 46210… https://t.co/ZUkbgxHw0r",name arcblock symbol abt 24 hour change 1391 price 068312 rank 142 total supply 1860000000 volume 46210,0
2810,Twitter CEO Says Bitcoin Will Be World’s ‘Single Currency’ Within A Decade https://t.co/t8IjY74jMg… https://t.co/Bxx3Tkqb9u,twitter ceo says bitcoin will be worlds single currency within a decade,0
1798,"Name: Blocktix
Symbol: TIX
24 hour change: -11.86%
Price: 0.344603
Rank: 365
Total Supply: 62500000.0
Volume: 10834… https://t.co/U3K27vBIc2",name blocktix symbol tix 24 hour change 1186 price 0344603 rank 365 total supply 625000000 volume 10834,0
5777,"RT @jearle: “And if one person hides child abuse images in one ledger, everyone dutifully inserts it into their own copy.” https://t.co/BAj…",and if one person hides child abuse images in one ledger everyone dutifully inserts it into their own copy,1
2820,Chat and earn at https://t.co/53bg6K8kWV! https://t.co/8trB8TRQeH #bitcoin #faucet #game #faucets #micropayments,chat and earn at,0
40,You can support this new movement towards an ethical approach to personal data by contributing to Opiria’s TGE (Tok… https://t.co/4i1IZkam7F,you can support this new movement towards an ethical approach to personal data by contributing to opirias tge tok,1
1405,"@THUGCOIN Bitcoin BTG (Bitcoin Gold) a gaining popular ^&amp;^ right more expensive, only You still donТt hold it? Your… https://t.co/nHMmGFedaY",bitcoin btg bitcoin gold a gaining popular right more expensive only you still dont hold it your,1
4805,RT @digitshub: The game changer in cryptocurrency $rup @RupeeBlockchain Rupeebase vs alibaba vs  Amazon? Time tells! #Asia #world #bitcoin…,the game changer in cryptocurrency rup rupeebase vs alibaba vs amazon time tells,0
1510,Focus involve build travel enter upon bar suddenly through these partner race result data test #Bitcoin,focus involve build travel enter upon bar suddenly through these partner race result data test,1
3080,"RT @YahooFinance: LIVE: ABRA CEO @billbarhydt: ""We run a market system that tracks over 100 [cryptocurrencies] in real time. ... More will…",live abra ceo we run a market system that tracks over 100 cryptocurrencies in real time more will,1
2660,Watch Best Cryptocurrency Exchange For Buying Bitcoin And Ethereum - Bitcoin Conversion Rate https://t.co/yyn4mrL7XG,watch best cryptocurrency exchange for buying bitcoin and ethereum bitcoin conversion rate,1
4603,"RT @bitsonlinecom: China Crypto Thaw? New PBoC Gov. Seems Reform-Minded  -
#Bitcoin #Cryptocurrency #China #PBOC #news via @axymak  https:/…",china crypto thaw new pboc gov seems reformminded via,1
1080,"Name: Bodhi
Symbol: BOT
24 hour change: -9.14%
Price: 0.348989
Rank: 368
Total Supply: 100000000.0
Volume: 1202820.… https://t.co/LkZfZxRMTi",name bodhi symbol bot 24 hour change 914 price 0348989 rank 368 total supply 1000000000 volume 1202820,0
3085,"""Warning: do NOT use Abra- it is a full blown scam"" by /u/Drygord via Bitcoin - The Currency of the Internet https://t.co/UxPy91irBj",warning do not use abra it is a full blown scam by udrygord via bitcoin the currency of the internet,1
1143,"RT @Free_Ross: #RossUlbricht ""legal defense maintained that the authorities acted illegally by penetrating the Silk Road servers with the h…",legal defense maintained that the authorities acted illegally by penetrating the silk road servers with the h,0
2087,RT @CyberToolsBooks: Cyber crime has turned out to be the headache of every single pers https://t.co/9agZotfjZ5 #Cybersecurity #Bitcoin htt…,cyber crime has turned out to be the headache of every single pers htt,0
972,Mrs Bitcoin enjoying an ice cream during this sunny Shanghai weather! 😎🍦#blockshine #blockchainglobal… https://t.co/NdSPLnGvWl,mrs bitcoin enjoying an ice cream during this sunny shanghai weather,1
4721,"RT @izx_io: While one part of #IZETEX team is making business in Asia, the other part is working on the project with our American partners…",while one part of team is making business in asia the other part is working on the project with our american partners,0
41,"RT @RefToken: Dear Reftoken community,

Thanks to this wonderful community, #RefToken is a huge success! As a way of showing our appreciati…",dear reftoken community thanks to this wonderful community is a huge success as a way of showing our appreciati,1
1131,RT @TommyThornton: @RaoulGMI @TraderHMS Raoul did you see the number of new 52 week lows on IG and HY bonds I posted today?   Like Bitcoin…,raoul did you see the number of new 52 week lows on ig and hy bonds i posted today like bitcoin,1
4467,"@kyletorpey In terms of casual use, dollars are known as bucks- pounds, quid etc. so calling Bitcoin Cash, bcash, isn’t a problem either",in terms of casual use dollars are known as bucks pounds quid etc so calling bitcoin cash bcash isnt a problem either,0
5757,"Good morning 😴😴😴 what a Night 😬
Red Red Red Reeeed 😶 where are the #Bulls 😑
________
#womenincrypto #crypto… https://t.co/7TIoZevYvA",good morning what a night red red red reeeed where are the,1
5800,"New video by Cryptobud: Live: Cryptocurrency Update, Coins to Watch! Bitcoin Analysis https://t.co/rxWhWYKmWq",new video by cryptobud live cryptocurrency update coins to watch bitcoin analysis,1
4623,"I just ♥ this #BTC #crypto #coinexchange! Trade HERE https://t.co/glhVnHpSyd. 10 #btc withdrawal limit!

#bitcoin… https://t.co/3mA3SbG6bB",i just this trade here 10 withdrawal limit,1
848,"Name: Profile Utility Token
Symbol: PUT
24 hour change: -4.36%
Price: 0.284569
Rank: 438
Total Supply: 100000000.0… https://t.co/I05GIjCulX",name profile utility token symbol put 24 hour change 436 price 0284569 rank 438 total supply 1000000000,0
3631,RT @BitCar_io: BitCar model allows users the ability to trade their way to full car ownership https://t.co/7cqq68eZER via @The Bitcoin News…,bitcar model allows users the ability to trade their way to full car ownership via bitcoin news,1
3997,"@logann001 @electroneum At least they have tickets, ask bitcoin when you have a problem. No infinite amount of staf… https://t.co/otXWSBocFB",at least they have tickets ask bitcoin when you have a problem no infinite amount of staf,0
4915,"#Bitcoin: 8414 USD 0.17 %
#Bitcoin 24h price high: 9055 USD
#Bitcoin all time high: 19666 USD
#BTC #ethereum #ETH… https://t.co/iy9l7XBAlE",8414 usd 017 24h price high 9055 usd all time high 19666 usd,1
189,Crypto feels like it's in an awkward stage of having attracted the Trader Class. The Media focuses on price action.… https://t.co/l8v2TBVsA5,crypto feels like its in an awkward stage of having attracted the trader class the media focuses on price action,0
3455,RT @IanLJones98: How secure is Blockchain? A @Microsoft &amp; @PwC cybersecurity framework #bitcoin #FinTech #DigitalTransformation by @PwC &amp; @…,how secure is blockchain a cybersecurity framework by,1
4906,"Super good news, everyone!! https://t.co/5tzzuY5ZvU",super good news everyone,1
2307,"Name: Bodhi
Symbol: BOT
24 hour change: -6.56%
Price: 0.343405
Rank: 366
Total Supply: 100000000.0
Volume: 1217400.… https://t.co/hUmw6c2Yqm",name bodhi symbol bot 24 hour change 656 price 0343405 rank 366 total supply 1000000000 volume 1217400,0
3688,@C3Eagles you are clueless to superior money like Bitcoin. thats why you live a life of paranoid delusions to expla… https://t.co/eSSQ0u7YJC,you are clueless to superior money like bitcoin thats why you live a life of paranoid delusions to expla,1
974,"Name: Moeda Loyalty Points
Symbol: MDA
24 hour change: -9.87%
Price: 0.837233
Rank: 329
Total Supply: 19628888.0
Vo… https://t.co/EjCtKprRRA",name moeda loyalty points symbol mda 24 hour change 987 price 0837233 rank 329 total supply 196288880 vo,0
5371,"Name: Metaverse ETP
Symbol: ETP
24 hour change: -12.35%
Price: 0.890723
Rank: 218
Total Supply: 57379549.0
Volume:… https://t.co/A7s9XAKXtC",name metaverse etp symbol etp 24 hour change 1235 price 0890723 rank 218 total supply 573795490 volume,0
2879,"@ivan_gamulets Bitcoin Gold (Bitcoin-Gold) and become popular and attractive other expensive, marely You still donТ… https://t.co/w6Wu9tmR9i",bitcoin gold bitcoingold and become popular and attractive other expensive marely you still don,1
5713,RT @Abby_Keough: Top 10 Blockchain Companies - via Prokta - https://t.co/m1frP0xDIA  #Blockchain #fintech #cryptocurrency #bitcoin #technol…,top 10 blockchain companies via prokta,1
4542,"New post: ""The newly appointed head of China's Central Bank just said ""Bitcoin is a currency that provides freedom… https://t.co/ApO3bUHrfy",new post the newly appointed head of chinas central bank just said bitcoin is a currency that provides freedom,1
1256,RT @Brad2pointO: Here is the reason your alarms are going off this morning. FUD out of Japan is causing Bitcoin to go down unexpectedly. ht…,here is the reason your alarms are going off this morning fud out of japan is causing bitcoin to go down unexpectedly ht,0
4482,"Current Bitcoin Rate in USD : 8,426.3188 Check other Currencies: https://t.co/KqQpwIzXrs #BitsRate #BTC #Bitcoins",current bitcoin rate in usd 84263188 check other currencies,0
92,"#airdropalert
Earn free tokens for registering and also more tokens each time you refer a friend… https://t.co/I3Z51UNBaM",earn free tokens for registering and also more tokens each time you refer a friend,1
457,"@juice_major @flogmall Bitcoin BTG (Bitcoin-Gold) and gaining popularity also apt added expensive, simply Your stil… https://t.co/npYayBVrcQ",bitcoin btg bitcoingold and gaining popularity also apt added expensive simply your stil,1
4005,"https://t.co/DmKEKOV8sk 

Limited to 10,000 Members
Total Supply # 20M
4M Coins Will be Airdrop For Free
Airdrop Da… https://t.co/Nvsdbf4vAm",limited to 10000 members total supply 20m 4m coins will be airdrop for free airdrop da,1
3071,Goldman Sachs apparently requires 100% margin from most customers for clearing BITCOIN FUTURES.,goldman sachs apparently requires 100 margin from most customers for clearing bitcoin futures,1
4106,"@Prohorov83 Bitcoin BTG(OFFICIAL) (Bitcoin Gold) is becomes popularity and apt new expensive, marely Your still don… https://t.co/rtitbx5UX0",bitcoin btgofficial bitcoin gold is becomes popularity and apt new expensive marely your still don,1
1940,"Name: Steem Dollars
Symbol: SBD
24 hour change: -10.56%
Price: 2.04957
Rank: 266
Total Supply: 10953046.0
Volume: 2… https://t.co/wJzMxQfl8U",name steem dollars symbol sbd 24 hour change 1056 price 204957 rank 266 total supply 109530460 volume 2,0
3552,I liked a @YouTube video https://t.co/PBkmSMlQES The Bitcoin Psyop,i liked a video the bitcoin psyop,1
4296,"RT @jessiwrites: This @sandraupson story remains the smartest, most straightforward explanation of bitcoin startup Lightning Labs, which an…",this story remains the smartest most straightforward explanation of bitcoin startup lightning labs which an,1
390,Funny! https://t.co/LYg4P9dTdE,funny,1
4171,super cool! https://t.co/lQ9WvhZtDf,super cool,1
4839,"New post: ""The Bitcoin Fad Is Over"" https://t.co/wdXZMlVdtC",new post the bitcoin fad is over,1
3520,"@Kubananana @tvaddonsco @ProfFaustus Are you being ironic? Sorry but bitcoin is supposed to be used as money, and c… https://t.co/FfaIwt42qL",are you being ironic sorry but bitcoin is supposed to be used as money and c,0
2479,@MartyBent @nic__carter @adamludwin @ChrisBlec The creator of Bitcoin chose a male name of Japanese origin most pro… https://t.co/tSaamTVmMc,the creator of bitcoin chose a male name of japanese origin most pro,1
3173,"How could bitcoin be affected by a trade war?

The only trade war bitcoin is having right now is with the moon.",how could bitcoin be affected by a trade war the only trade war bitcoin is having right now is with the moon,1
4579,"New post: ""deVere CEO: Twitter boss wrong to be so bullish Bitcoin"" https://t.co/EBvn7WtSEt",new post devere ceo twitter boss wrong to be so bullish bitcoin,0
5216,"$BTC broke down $8600. Lookin for a hard bounce from 8400, or $7300 is in play. #bitcoin",btc broke down 8600 lookin for a hard bounce from 8400 or 7300 is in play,0
4787,"Name: Everex
Symbol: EVX
24 hour change: -5.28%
Price: 1.2988
Rank: 285
Total Supply: 25000000.0
Volume: 2665050.0… https://t.co/mx3IjK8n2C",name everex symbol evx 24 hour change 528 price 12988 rank 285 total supply 250000000 volume 26650500,0
2037,"new great project is open &lt;3 
Skyfchain, check full info here
site : https://t.co/YqLVhXaz0g 
telegram :… https://t.co/vkf8vXfWNY",new great project is open lt3 skyfchain check full info here site telegram,1
3771,"Name: Bread
Symbol: BRD
24 hour change: -5.35%
Price: 0.500904
Rank: 209
Total Supply: 88862718.0
Volume: 1502220.0… https://t.co/nSSi8gMCP5",name bread symbol brd 24 hour change 535 price 0500904 rank 209 total supply 888627180 volume 15022200,0
924,RT @TravelbyBit: A giant koala stares on as we check out a new crypto ATM the guys from kryptokiosk placed in the middle of Goldcoasts Surf…,a giant koala stares on as we check out a new crypto atm the guys from kryptokiosk placed in the middle of goldcoasts surf,1
5078,"Name: Steem Dollars
Symbol: SBD
24 hour change: -7.83%
Price: 2.08929
Rank: 266
Total Supply: 10954661.0
Volume: 26… https://t.co/h4KB1CyZGh",name steem dollars symbol sbd 24 hour change 783 price 208929 rank 266 total supply 109546610 volume 26,0
681,Twitter’s CEO Jack Dorsey Predicts Bitcoin Will Be The ‘Single Currency’ For The World In 10 Years https://t.co/r6D3TOGWQu,twitters ceo jack dorsey predicts bitcoin will be the single currency for the world in 10 years,0
3374,Independent #bitcoin developer and product visionary @shesek has been on a roll lately. Stay tuned as @Blockstream… https://t.co/E8cMMnsQDT,independent developer and product visionary has been on a roll lately stay tuned as,0
428,"RT @CoinsAirdrops: #Bitcoin #Satoshi #Earn_Money #cryptocurrency #blockchain #Airdrop
New Airdrop #YooMiPHA 📢

#YooMiPHA AI Personal Health…",new airdrop ai personal health,1
2156,"Name: ATBCoin
Symbol: ATB
24 hour change: -5.19%
Price: 0.244341
Rank: 426
Total Supply: 53119859.0
Volume: 2214850… https://t.co/i8vUh0h8VR",name atbcoin symbol atb 24 hour change 519 price 0244341 rank 426 total supply 531198590 volume 2214850,0
880,"@MarinakorolevaQ Bitcoin -Gold (Bitcoin-Gold) a becomes popular ^&amp;^ becoming extra expensive, but You still donТt o… https://t.co/E75LcAPweY",bitcoin gold bitcoingold a becomes popular becoming extra expensive but you still dont o,1
5764,"Name: Blocktix
Symbol: TIX
24 hour change: -11.27%
Price: 0.34204
Rank: 366
Total Supply: 62500000.0
Volume: 110003… https://t.co/Pv4fvKHzfZ",name blocktix symbol tix 24 hour change 1127 price 034204 rank 366 total supply 625000000 volume 110003,0
2313,"""The newly appointed head of China's Central Bank just said ""Bitcoin is a currency that provides freedom to anyone… https://t.co/fQILnXLKWm",the newly appointed head of chinas central bank just said bitcoin is a currency that provides freedom to anyone,1
3500,"@nimue11111 Bitcoin BTG(OFFICIAL) (Bitcoin Gold) and becomes popular &amp; right other expensive, just You still donТt… https://t.co/AB12uRObug",bitcoin btgofficial bitcoin gold and becomes popular right other expensive just you still dont,1
1254,RT @4N6XMNR: German Research Team Find Illegal Content In Bitcoin’s Blockchain https://t.co/c6V2J9lYb1,german research team find illegal content in bitcoins blockchain,0
1255,"New BitMEX Report Shows SegWit as More Widely Adopted than Bitcoin Cash It's been a close race, but SegWit appears… https://t.co/sm6VcSES0v",new bitmex report shows segwit as more widely adopted than bitcoin cash its been a close race but segwit appears,1
5570,"Hard forks have enabled #Bitcoin users to receive Bitcoin Cash as well, but how should this be judged from a #tax p… https://t.co/spryEmfV9X",hard forks have enabled users to receive bitcoin cash as well but how should this be judged from a p,0
1922,Former Medtronic CEO Bill George: I’m Disappointed In How Mark Zuckerberg Has Handled This | CNBC #bitcoin… https://t.co/sIzy0mEK2X,former medtronic ceo bill george im disappointed in how mark zuckerberg has handled this cnbc,0
2692,'I sold too early' and 'I didn't buy enough' are 2 phrases I hear all too commonly regarding Bitcoin... https://t.co/Oysm6bnwA6,i sold too early and i didnt buy enough are 2 phrases i hear all too commonly regarding bitcoin,0
5255,"RT @WealthE_Coin: Interesting thoughts for the future of #crypto! #WealthMigrate #WealthE #Blockchain #Bitcoin 
https://t.co/bGrEbhrLet",interesting thoughts for the future of,1
3395,"With over 1 million location-verifying beacons already in the world, XYO is blockchain's first crypto-location orac… https://t.co/wBZsn2AuMc",with over 1 million locationverifying beacons already in the world xyo is blockchains first cryptolocation orac,1
90,This is the best ICO that has been offered recently. I'm already in. Investors! I highly recommend to pay attention… https://t.co/UyHH440nPz,this is the best ico that has been offered recently im already in investors i highly recommend to pay attention,1
5082,#XEM Price is 0.00003374 (+0.00000044) #BTC / 0.290085 (+0.00367) #USD. Market rank is 13. #nem #bitcoin #blockchain,price is 000003374 000000044 0290085 000367 market rank is 13,0
5151,from the shortest time to the longest one week btc already shows the position yng not much rise still in the same a… https://t.co/zuqH97HdoB,from the shortest time to the longest one week btc already shows the position yng not much rise still in the same a,0
3820,"Bitcoin Was Just Used in First NYC Condo Sale, and There's More to Come, by @mikearildbrown https://t.co/vlavc61Q86 lewat @inversedotcom",bitcoin was just used in first nyc condo sale and theres more to come by lewat,1
3758,"RT @cryptocoinsnews: Bitcoin Provides Freedom, Says New PBoC Chief as China Opens Doors to $27 Trillion Payments Ma… https://t.co/6a8PCWpauO",bitcoin provides freedom says new pboc chief as china opens doors to 27 trillion payments ma,1
2957,"Interested in #ArtificialInteligence and #Blockchain?
Check out #obizcoin!
#ico is LIVE now! https://t.co/6RO7S4eV5U",interested in and check out is live now,1
927,@XRPTrump @TwitterSupport Sadly Tweetters CEO is only supporting bitcoin. The xrp community no longer have a voice in this,sadly tweetters ceo is only supporting bitcoin the xrp community no longer have a voice in this,0
5143,"RT @frizzylizzyy: hi yes i take paypal, venmo, bitcoin, or ur eternal love &amp; devotion for me https://t.co/IFwgfxKrZO",hi yes i take paypal venmo bitcoin or ur eternal love devotion for me,1
5041,"“The bitcoin world is this new ecosystem where it doesn’t cost that much to start a new bitcoin company, it doesn’t… https://t.co/OFhwVbg7ZD",the bitcoin world is this new ecosystem where it doesnt cost that much to start a new bitcoin company it doesnt,1
4734,MyToken: Introducing the Best Cryptocurrency Price Monitoring App | BitCoin trends Blog Bitcoin Trending -… https://t.co/UmkC6PXiy1,mytoken introducing the best cryptocurrency price monitoring app bitcoin trends blog bitcoin trending,1
950,"RT @RikuRacoons: Not going to spam things like ""@aelfblockchain is the next bitcoin"" but you should really read their whitepaper and make y…",not going to spam things like is the next bitcoin but you should really read their whitepaper and make y,1
183,#Loyola  🍦 8 GPU Mining Rig Stackable Case + 5 Fans Open Air Frame ETH/ZEC/Bitcoin NEW With Fans  🌇 https://t.co/vC0Onk4qLX,8 gpu mining rig stackable case 5 fans open air frame ethzecbitcoin new with fans,1
109,RT @CryptomonnaiesG: Ledger Blue Hardware wallet for Bitcoin Ethereum Litecoin Dogecoin Dash Zcash Fido Hardware Wallet available at Crypto…,ledger blue hardware wallet for bitcoin ethereum litecoin dogecoin dash zcash fido hardware wallet available at crypto,1
329,"Get your first free bitcoins now! Try it and earn it : https://t.co/X8a94By2d3 #bitcoin #btc March 23, 2018 at 07:00AM",get your first free bitcoins now try it and earn it march 23 2018 at 0700am,1
38,"Name: Aeron
Symbol: ARN
24 hour change: -12.37%
Price: 1.24565
Rank: 333
Total Supply: 20000000.0
Volume: 1155070.0… https://t.co/EuRerLrs2A",name aeron symbol arn 24 hour change 1237 price 124565 rank 333 total supply 200000000 volume 11550700,0
356,@Excellion -  The issue is still many in this new investor/user class are still uneducated and technically illitera… https://t.co/Np3w3MjiQU,the issue is still many in this new investoruser class are still uneducated and technically illitera,1
217,"RT @a__lega: #bitcoin #ETH #BTC #cryptotrading #trading #altcoins #tokens #manycoins Cryptocurrency exchange of more than 1,000 altcoins an…",cryptocurrency exchange of more than 1000 altcoins an,1
2784,Will He Buy Bitcoin with $50 Mil?? 💵💰BTC $8500 | Make Mad Money &amp; Profit with Crypto Opportunity!… https://t.co/V8kygygH5c,will he buy bitcoin with 50 mil btc 8500 make mad money profit with crypto opportunity,0
1250,"Please leave a review of your exchange experience, we're trying to let the crypto community know about the good, th… https://t.co/tdbqXROKLG",please leave a review of your exchange experience were trying to let the crypto community know about the good th,1
5325,"Twitter CEO states “Bitcoin will be Worlds Single Currency” https://t.co/Vlur8EeGCP

#crypto #trading #altcoin… https://t.co/jHjSIBcrzl",twitter ceo states bitcoin will be worlds single currency,0
3207,RT @evankirstel: 5 ways #BlockChain is the new business collaboration tool https://t.co/c6uTmpwOWh #Crypto #CryptoCurrencies #Cryptorevolut…,5 ways is the new business collaboration tool,1
5129,@yahaya_aminu Ditcoin is  very good currency I love ditcoin my future Bitcoin my dream ditcoin,ditcoin is very good currency i love ditcoin my future bitcoin my dream ditcoin,1
1121,"Name: IoT Chain
Symbol: ITC
24 hour change: -7.53%
Price: 1.1076
Rank: 157
Total Supply: 100000000.0
Volume: 836355… https://t.co/Uary7JT0Ad",name iot chain symbol itc 24 hour change 753 price 11076 rank 157 total supply 1000000000 volume 836355,0
1229,"@shillycrypto Present: ""I wish I had sold Bitcoin right now!""",present i wish i had sold bitcoin right now,1
2872,$btc #bitcoin #news via #reddit https://t.co/da2lU0Ug1W Joannes Vermorel is flipping destroying North Corea @ Satos… https://t.co/7pSPcSfXi7,btc via joannes vermorel is flipping destroying north corea satos,0
2051,"Bull and Bear scenarios overlaid. If we break below 8080, we could certainly see a bear run down to 6400-6600 over… https://t.co/DuvFY9oSWU",bull and bear scenarios overlaid if we break below 8080 we could certainly see a bear run down to 64006600 over,1
4610,"RT @crypto_dipper: I think we are all used to the fud these days, fud used to send the market down to oblivion a month or so ago, now a mea…",i think we are all used to the fud these days fud used to send the market down to oblivion a month or so ago now a mea,0
5642,"RT @fablabimpresa: @GoogleDoodles Create your own Google logo

https://t.co/HQkiBwix4J #CSEdWeek 

#startup #makerfaire #business #innovati…",create your own google logo,1
4993,good one! https://t.co/XMm4UdKf7T,good one,1
2550,"#Bitcoin is at risk of retesting the low at $5855 if it doesn't pump soon.
It needs to get past the savage weekend… https://t.co/urS3iVBEDF",is at risk of retesting the low at 5855 if it doesnt pump soon it needs to get past the savage weekend,0
3882,Monthly Web Traffic for Major Bitcoin Exchanges Falls by Half Crypto Future News - https://t.co/atxQPulG3K https://t.co/6g0p80c3vW,monthly web traffic for major bitcoin exchanges falls by half crypto future news,0
2124,RT @reitium: Listening to mysheild talking about anit-scam Blockchain platform. Good to see @ShapeShift_io as a customer.  #token2049 #hong…,listening to mysheild talking about anitscam blockchain platform good to see as a customer,1
3037,RT @HorizonCoin: Horizon Communications is proud to announce our partnership with @gladiusIO as we incorporate their software for CDN and D…,horizon communications is proud to announce our partnership with as we incorporate their software for cdn and d,1
2750,The average price of Bitcoin 8624 USD #bitcoin #btc #price https://t.co/BzPKIkGind,the average price of bitcoin 8624 usd,0
1327,Insta#Forex – Best Fixed Spread and High Leverage #Forex #Bitcoin #Broker https://t.co/jfEOmnczov https://t.co/A9YH2soYH7,insta best fixed spread and high leverage,1
3074,Bitcoin Twitter War - https://t.co/sHByHF4Vz0 - Generate Bitcoin. Take your free Bitcoin,bitcoin twitter war generate bitcoin take your free bitcoin,1
5801,RT @rjcnzy65: Edward Snowden stated that US National Security Agency (#NSA) has been actively tracking the bitcoin network with the purpose…,edward snowden stated that us national security agency has been actively tracking the bitcoin network with the purpose,0
2806,RT @coinlerinkrali: [TR] 23/03/2018 02:59:02 Bitcoin: ₺33909 Ethereum: ₺2080  #bitcoin #ethereum #altcoin #coin #blockchain #crypto #kripto…,tr 23032018 025902 bitcoin 33909 ethereum 2080,0
2748,Looks good!  https://t.co/BroePRqkoi     #RamenCoin $RAMEN #airdrop #bounty #ICO #ethereum #blockchain #bitcoin… https://t.co/ZD7zW35qdk,looks good ramen,1
5006,"""Core wants to be a store of value. Bitcoin Cash is moving forward with adoption.""

- Emin Gün Sirer https://t.co/FkoJa91V0v",core wants to be a store of value bitcoin cash is moving forward with adoption emin gn sirer,1
1802,"$BTC #bitcoin
Seems like binance FUD was the catalyst that finally pushed us back down into major support.
It was l… https://t.co/g0OgBtUkOM",btc seems like binance fud was the catalyst that finally pushed us back down into major support it was l,0
2984,RT @garyjdavis: #Bitcoin could become illegal everywhere after shocking discovery in #Blockchain… https://t.co/abjXEVdEjh,could become illegal everywhere after shocking discovery in,0
210,"1: Bitcoin average price is $8441.65 (-0.15% 1h)
2: Ethereum average price is $515.2 (-0.99% 1h)
3: Ripple average… https://t.co/V99jgrQ7Mg",1 bitcoin average price is 844165 015 1h 2 ethereum average price is 5152 099 1h 3 ripple average,0
2222,RT @taxbod: I've been stockpiling canned goods &amp; ammo. DM me with your offers. Gold or bitcoin accepted. https://t.co/qP1xBoqAg3,ive been stockpiling canned goods ammo dm me with your offers gold or bitcoin accepted,1
958,I'm getting new (gold-backed)  cryotocurrency for free before it goes to market! https://t.co/seMRvgKPEv… https://t.co/evg3CGyDPR,im getting new goldbacked cryotocurrency for free before it goes to market,1
960,Install CryptoTab and mine Bitcoin! FREE https://t.co/JElnmzNC91,install cryptotab and mine bitcoin free,1
671,"@J8FBTRCuG24HXvR Bitcoin -Gold (BTG) do  become popularity also right new expensive, but You still donТt hold it? Y… https://t.co/69MTparOH1",bitcoin gold btg do become popularity also right new expensive but you still dont hold it y,0
2797,#SUB Price is 0.00004597 (-0.00000026) #BTC / 0.386025 (-0.00444) #USD. Market rank is 116. #substratum #bitcoin #blockchain,price is 000004597 000000026 0386025 000444 market rank is 116,0
1537,"RT @fixy_app: Fixy Network offers various services such as decentralized exchange and marketplace, ease of crypto to FIAT (vice versa) conv…",fixy network offers various services such as decentralized exchange and marketplace ease of crypto to fiat vice versa conv,1
2662,"&lt;Pre-Sale Notice&gt;
Hello This is Pence Coin.

*Few Guidelines on PenceCoin 3rd Presale :
- Ratio : 1 ETH = 7000 Penc… https://t.co/yunFUTs4oh",ltpresale noticegt hello this is pence coin few guidelines on pencecoin 3rd presale ratio 1 eth 7000 penc,0
2525,"Join latest &amp; fresh Airdrops/ Bounty
https://t.co/BvSUoulndG

#airdrop #airdropalert #Airdrops #airdrophunters… https://t.co/Nad8FS4zeO",join latest fresh airdrops bounty,1
1244,"Name: AdEx
Symbol: ADX
24 hour change: -6.53%
Price: 0.750724
Rank: 155
Total Supply: 100000000.0
Volume: 6808840.0… https://t.co/YnmBvBqRl4",name adex symbol adx 24 hour change 653 price 0750724 rank 155 total supply 1000000000 volume 68088400,0
4630,"Chinese Stock Exchange Cracks Down on Companies Falsely Claiming Blockchain Affiliation https://t.co/Ff9nyeK4R2
Goo… https://t.co/W9BUxQvnLo",chinese stock exchange cracks down on companies falsely claiming blockchain affiliation goo,0
5076,@Hallie_Delahaye I am amused at the headline. bitcoin is only used when its illegal. https://t.co/8OAlpGyTsl,i am amused at the headline bitcoin is only used when its illegal,0
1761,IMHO bitcoin is the worst!! 🌙,imho bitcoin is the worst,0
2392,"@Freetoken_ Bitcoin BTG(OFFICIAL) (Bitcoin-Gold) are gaining popularity ^&amp;^ becoming extra expensive, marely You st… https://t.co/nUp7VsLilx",bitcoin btgofficial bitcoingold are gaining popularity becoming extra expensive marely you st,0
5431,"New bitcoin report for block 514751, there were 13 transactions over $500,000 USD totaling $10,195,991 USD. Full re… https://t.co/0C328nM5ma",new bitcoin report for block 514751 there were 13 transactions over 500000 usd totaling 10195991 usd full re,1
5207,"Bitcoin $BTC price is: $8440.05 

Binance is TEMPORARILY accepting new users! GO! 💸 💰  

➡️ https://t.co/JRIyZRZGVf… https://t.co/wP9iVeGDSr",bitcoin btc price is 844005 binance is temporarily accepting new users go,1
920,Our 2018 Small Cap Crypto Picks – Breaking Crypto News – Medium #blockchain #bitcoin #fintech… https://t.co/GL2QdzRwQs,our 2018 small cap crypto picks breaking crypto news medium,0
3697,Is it worth buying bitcoin in 2018? https://t.co/iEDyR3mwk9,is it worth buying bitcoin in 2018,1
5452,"Name: Modum
Symbol: MOD
24 hour change: -9.37%
Price: 2.29279
Rank: 192
Total Supply: 27266200.0
Volume: 1900320.0… https://t.co/C20u6oyXV6",name modum symbol mod 24 hour change 937 price 229279 rank 192 total supply 272662000 volume 19003200,0
1217,"RT @WhalePanda: Blocks are very slow atm. Looks like #Bitcoin miners aren't very productive today... then again it's Friday, maybe they're…",blocks are very slow atm looks like miners arent very productive today then again its friday maybe theyre,0
1539,"Watch on https://t.co/8iaDdnCNaJ (Bitcoin, Coinbase and a few tips for beginners) https://t.co/6MUTVtpMTX https://t.co/dz7JgoGkn8",watch on bitcoin coinbase and a few tips for beginners,0
1721,"Top 5 Cryptocurrencies Today Roundup - 
#Bitcoin - $8,415.39
#Ethereum - $517.35
#Ripple - $0.63
#Bitcoin Cash - $9… https://t.co/jrRSjeJgcm",top 5 cryptocurrencies today roundup 841539 51735 063 cash 9,1
4148,The Sharpe ratio is a measure used heavily in the finance world for calculating risk-adjusted returns… https://t.co/GO9ezUJcbf,the sharpe ratio is a measure used heavily in the finance world for calculating riskadjusted returns,0
4595,Long bitcoin? https://t.co/0KGtHxsWPD,long bitcoin,0
5802,"@AndreyShimkov Bitcoin -Gold (Bitcoin-Gold) go gaining popular and seemly new expensive, but You still donТt hold i… https://t.co/OWkHGtabx0",bitcoin gold bitcoingold go gaining popular and seemly new expensive but you still dont hold i,1
1573,"2018 is definitely the start of ""punitive politics"" in finance.

Gonna hear a lot more stories about big co policie… https://t.co/deHHFkZBep",2018 is definitely the start of punitive politics in finance gonna hear a lot more stories about big co policie,1
4083,View decision scene alone nothing happy compare risk world degree actually local #Bitcoin,view decision scene alone nothing happy compare risk world degree actually local,0
5297,"But also... Fuck crypto miners who don't know how CPU or GPU calculations work.
YOU DONT NEED A FUCKING 1080TI FOR… https://t.co/6Ve0boni6i",but also fuck crypto miners who dont know how cpu or gpu calculations work you dont need a fucking 1080ti for,0
3289,A Blockchain Sexual Revolution: Crypto In the Adult Entertainment Industry ... #Bitcoin https://t.co/SUVjvgkYxB,a blockchain sexual revolution crypto in the adult entertainment industry,1
3742,RT @BudboApp: Biig news! We're about to hit a major exchange very soon! Plus tons of exciting updates and announcements on the way. Get rea…,biig news were about to hit a major exchange very soon plus tons of exciting updates and announcements on the way get rea,1
5272,https://t.co/LsZ9gziPDY https://t.co/pQLOXD9l7k CEO: Twitter boss wrong to be so bullish Bitcoin https://t.co/v1k2jBBEf8,ceo twitter boss wrong to be so bullish bitcoin,0
2727,[05:11] #utrecht #Follow us for more #free #Bitcoin #information.,0511 us for more,1
3868,Check out Bitcoinforecast's Ledger Nano S giveaway. #bitcoinforecast #btc #bitcoin https://t.co/DNqZmjkKJJ :),check out bitcoinforecasts ledger nano s giveaway,1
1265,"RT coindesk: RT lopp: Indeed; I understand Bitcoin so poorly that I wrote a 3,000 word article about why that is th… https://t.co/gfKRwRSvsh",coindesk lopp indeed i understand bitcoin so poorly that i wrote a 3000 word article about why that is th,0
538,This is not a book about information security. Certainly not about https://t.co/q6lprtgLq6 #Cybersecurity #Bitcoin https://t.co/3FGZr1022L,this is not a book about information security certainly not about,0
464,"RT @Acritikey: The company Atstage Inc. has recently launched a 2D video game called, Itadaki Dungeon, which allows players to earn bitcoin…",the company atstage inc has recently launched a 2d video game called itadaki dungeon which allows players to earn bitcoin,0
1348,"Loved the new @BlockchainWars thank you @NODEfather . Interesting topic, valuable info.  I've been building my rela… https://t.co/0clGoxPN6Q",loved the new thank you interesting topic valuable info ive been building my rela,1
2217,"Wow...was on a Zoom with none other than Charlie Shrem, a bitcoin god!
#whocares",wowwas on a zoom with none other than charlie shrem a bitcoin god,0
5415,@fluffypony @brett_stclair Also it will need much wider adoption. You will need bitcoin to be accepted at spaza sho… https://t.co/kufCMQvmOj,also it will need much wider adoption you will need bitcoin to be accepted at spaza sho,1
2880,Pullback Ahead? #Bitcoin Hits Stiff Resistance at $9K https://t.co/jdM0vpVFIk #BreakingNews,pullback ahead hits stiff resistance at 9k,0
152,Stay official police better dream anyone within national red stuff knowledge safe development #Bitcoin,stay official police better dream anyone within national red stuff knowledge safe development,0
4772,RT @Crypto_God: Eventually you will be able to buy your coffee with bitcoin. But today it serves another purpose. It will slowly evolve to…,eventually you will be able to buy your coffee with bitcoin but today it serves another purpose it will slowly evolve to,1
3720,"Name: INS Ecosystem
Symbol: INS
24 hour change: -7.05%
Price: 1.18912
Rank: 221
Total Supply: 50000000.0
Volume: 84… https://t.co/5ELuRLSmSy",name ins ecosystem symbol ins 24 hour change 705 price 118912 rank 221 total supply 500000000 volume 84,0
1981,"@J8FBTRCuG24HXvR Bitcoin Gold (Bitcoin Gold) are becomes popular &amp; right more expensive, simply You still donТt own… https://t.co/H6OgrAxW3s",bitcoin gold bitcoin gold are becomes popular right more expensive simply you still dont own,1
2803,"Invest with BTC at https://t.co/H8qvY6OJuo //RT lopp: Indeed; I understand Bitcoin so poorly that I wrote a 3,000 w… https://t.co/fxxVL3av2K",invest with btc at lopp indeed i understand bitcoin so poorly that i wrote a 3000 w,0
5784,"Name: BlockMason Credit Protocol
Symbol: BCPT
24 hour change: -13.32%
Price: 0.470936
Rank: 223
Total Supply: 11615… https://t.co/DUSFyf2YU6",name blockmason credit protocol symbol bcpt 24 hour change 1332 price 0470936 rank 223 total supply 11615,0
2992,"The #Thrive solution: 
Ensure higher conversion rates thanks to the most innovative DMP feed by Thrive community.… https://t.co/c17ac4TNV0",the solution ensure higher conversion rates thanks to the most innovative dmp feed by thrive community,1
4862,"RT @berlinbarbarism: ""...extremists view the decentralised, deregulated currency as more than a means to make money. 'It’s also a political…",extremists view the decentralised deregulated currency as more than a means to make money its also a political,1
1724,(Twitter CEO Jack Dorsey Predicts That #Bitcoin Will Be The World's 'Single Currency' ...) -… https://t.co/rOtQZvBlwG,twitter ceo jack dorsey predicts that will be the worlds single currency,0
4461,RT @bitcoinist: Paxful Protects The Vulnerable Unbanked From Being Scammed https://t.co/opLrpW323m @paxful #Bitcoin #FinancialInclusion htt…,paxful protects the vulnerable unbanked from being scammed htt,0
1307,"@hkbitcoin Bitcoin BTG(OFFICIAL) (BTG) a becomes best news also attractive other expensive, only Your still donТt o… https://t.co/m4WGpaHVAu",bitcoin btgofficial btg a becomes best news also attractive other expensive only your still dont o,1
2967,The latest The Chris Black Daily ! https://t.co/QY7Ehs2tVk Thanks to @Btc_Prime1 @healthureum @WebsiteBox #blockchain #bitcoin,the latest the chris black daily thanks to,1
742,"@CNBC (2932331 follows)
This couple loves bitcoin so much that they decided to have a bitcoin themed wedding. Most of their guests gave...",2932331 follows this couple loves bitcoin so much that they decided to have a bitcoin themed wedding most of their guests gave,1
3402,and buy a shit ton of bitcoin... eos ltc eth neo and some RLC and GVT... Putin's like... oh shit... here we go.....… https://t.co/AQGnBh4RnD,and buy a shit ton of bitcoin eos ltc eth neo and some rlc and gvt putins like oh shit here we go,0
502,"@Denis__Hanov Bitcoin BTG (BTG) go gaining popular ^&amp;^ apt new expensive, just Your still donТt hold it? You get a… https://t.co/kMpvNpfmiR",bitcoin btg btg go gaining popular apt new expensive just your still dont hold it you get a,1
204,"College students are using student loans to invest in bitcoin. Yes, really! 

More » https://t.co/eCEkFafrcI",college students are using student loans to invest in bitcoin yes really more,1
2704,Monthly Web Traffic for Major Bitcoin Exchanges Falls by Half – Bitcoin News - https://t.co/fkYPJAP4Zh https://t.co/t5kJSk2DVl,monthly web traffic for major bitcoin exchanges falls by half bitcoin news,0
532,Coinboard: Monthly Web Traffic for Major #Bitcoin Exchanges Falls by Half https://t.co/2ykkxTtl8O via BTCTN… https://t.co/YvyaTY03re,coinboard monthly web traffic for major exchanges falls by half via btctn,0
5542,Install CryptoTab and mine Bitcoin! Earn more than 1 bitcoin per month! https://t.co/weGfkFNJRU,install cryptotab and mine bitcoin earn more than 1 bitcoin per month,1
4401,Excellent chances for this company! The right time for investment. They are waiting for luck! Do not miss your chan… https://t.co/dWD5q3KawZ,excellent chances for this company the right time for investment they are waiting for luck do not miss your chan,1
1473,Monthly Web Traffic for Major Bitcoin Exchanges Falls by Half - https://t.co/8Hv8w1xUBC disappointing price perform… https://t.co/9xCAcfb8AS,monthly web traffic for major bitcoin exchanges falls by half disappointing price perform,0
2494,"RT @TheBlond82: 2M tokens before tier 1 ends (28M tokens sold)
1 $ETH = 10000 $TIM 
Token supply 100M - 100M #TPS
First #blockchain made of…",2m tokens before tier 1 ends 28m tokens sold 1 eth 10000 tim token supply 100m 100m first made of,1
1035,"Name: Groestlcoin
Symbol: GRS
24 hour change: -17.43%
Price: 0.450344
Rank: 225
Total Supply: 69679124.0
Volume: 12… https://t.co/ojLRVtMkf5",name groestlcoin symbol grs 24 hour change 1743 price 0450344 rank 225 total supply 696791240 volume 12,0
5102,@ProfLastBattle @JynGyu @DeaterBob @ProfFaustus What!? Literally every single one of those companies is working on… https://t.co/wVvcgXIdiL,what literally every single one of those companies is working on,0
2500,City of Eden is doing an airdrop; amazing project! https://t.co/pdDz8xbT8V Learn trading : https://t.co/V7VDmPl9hc… https://t.co/0zUINHVBwb,city of eden is doing an airdrop amazing project learn trading,1
3073,"Some very good analysis for #BTC #Bitcoin. Then at 16:25 he goes into alt coins. I would agree, as I said before, w… https://t.co/RWFxTiSMQm",some very good analysis for then at 1625 he goes into alt coins i would agree as i said before w,1
1210,"Name: Steem Dollars
Symbol: SBD
24 hour change: -8.8%
Price: 2.12475
Rank: 264
Total Supply: 10945693.0
Volume: 185… https://t.co/62DyppTc2y",name steem dollars symbol sbd 24 hour change 88 price 212475 rank 264 total supply 109456930 volume 185,0
4104,"Name: Metaverse ETP
Symbol: ETP
24 hour change: -7.75%
Price: 0.929384
Rank: 218
Total Supply: 57378040.0
Volume: 1… https://t.co/wGLePbQI49",name metaverse etp symbol etp 24 hour change 775 price 0929384 rank 218 total supply 573780400 volume 1,0
3883,"One of the more inspiring speeches from @nickspanos

Nick Spanos, Bitcoin Center NYC @ CryptoCurrency Convention… https://t.co/5hH1FHUw5R",one of the more inspiring speeches from nick spanos bitcoin center nyc cryptocurrency convention,1
5088,Blockchain Strategist Jeremy Gardner - Bad Crypto Podcast via BTCnews #Bitcoin https://t.co/MwNCLVlz4E,blockchain strategist jeremy gardner bad crypto podcast via btcnews,0
4778,"RT @ahmedjr_16: 17 Best #IT #Training &amp; #Certification Courses

https://t.co/TJ6MNCvnuo 

#AI #Analytics #IoT #IIoT #Amazon #AWS #tech #CCN…",17 best courses,1
5345,"Bitcoin's Blockchain Spreads Child Abuse Images, Dark Web Links, Wikileaks Files - Newsweek https://t.co/OFo6RC6gs6 https://t.co/vvrif1KJNP",bitcoins blockchain spreads child abuse images dark web links wikileaks files newsweek,0
3547,#bitcoin #cloudmining #mining #freebitcoin #free #ethereum #ripple #litecoin #izmir #türkiye #madencilik… https://t.co/DaxTAjF35J,rkiye,1
1654,"RT @GronDigital: Our ICO Round 1 is live, and it's a good time to buy your tokens - you can buy your GRO here https://t.co/JhmktOpfvV #ICO…",our ico round 1 is live and its a good time to buy your tokens you can buy your gro here,1
3980,The latest Bitcoin Confucius! https://t.co/3pxNq8dw8K Thanks to @carribablue #bitcoin #blockchain,the latest bitcoin confucius thanks to,1
2722,"Sets your bar high, even if you fail. #Crypto #Bitcoin #Ethereum #Neo #ETN #Litecoin #JACKMATE",sets your bar high even if you fail,0
1913,https://t.co/QPP1S8O4Ff Premium Hot Domain Name for ZCash Coin like Bitcoin BTC on Sale https://t.co/TwN64zwdZS… https://t.co/Lbc0Yqt9nN,premium hot domain name for zcash coin like bitcoin btc on sale,1
1472,#EtherSpin allows players to bet with any cryptocurrency. The unique feature is it that it will connect all casino… https://t.co/LrvvQKlRIt,allows players to bet with any cryptocurrency the unique feature is it that it will connect all casino,1
4842,"RT @TickerTop: 1: Bitcoin average price is $8631.56 (-0.98% 1h)
2: Ethereum average price is $533.447 (-1.04% 1h)
3: Ripple average price i…",1 bitcoin average price is 863156 098 1h 2 ethereum average price is 533447 104 1h 3 ripple average price i,0
3673,"Name: SunContract
Symbol: SNC
24 hour change: -4.6%
Price: 0.189001
Rank: 281
Total Supply: 122707503.0
Volume: 470… https://t.co/CbsJNDiqhp",name suncontract symbol snc 24 hour change 46 price 0189001 rank 281 total supply 1227075030 volume 470,0
319,@crypto_rand sorry to burst your bubble but the wabi breakout is not gonna last. not only is bitcoin's coming decli… https://t.co/SUh3MLZIUH,sorry to burst your bubble but the wabi breakout is not gonna last not only is bitcoins coming decli,0
3592,RT @MooncoinNL: Great news for crypto! Dutch court rules that Bitcoin is a legitimate ‘transferable value’ https://t.co/0Tm6MtAZoO via @the…,great news for crypto dutch court rules that bitcoin is a legitimate transferable value via,1
5446,"The latest The bitcoin, cryptocurrency, ethereum Daily! https://t.co/0zlQRTqQQl Thanks to @remarkcoble @inovia @uvarov_anatolij #bitcoin",the latest the bitcoin cryptocurrency ethereum daily thanks to,1
518,"New bitcoin report for block 514766, there were 44 transactions over $500,000 USD totaling $34,941,749 USD. Full re… https://t.co/qheCTIkQvy",new bitcoin report for block 514766 there were 44 transactions over 500000 usd totaling 34941749 usd full re,1
229,43 Hard working moms and dads watch this video!!...   #Bitcoin  #affiliatemarketing #onlinemarketing https://t.co/rBnOiEMY8r,43 hard working moms and dads watch this video,0
4651,"Trade Bitcoin and other cryptocurrencies with up to 100x leverage. Fast execution, low fees, Bitcoin futures and sw… https://t.co/FiuYUYy2pp",trade bitcoin and other cryptocurrencies with up to 100x leverage fast execution low fees bitcoin futures and sw,1
2630,"Could be a dead cat bounce, or maybe not.",could be a dead cat bounce or maybe not,0
2204,"@coinpricenow Bitcoin Gold (BTG) go gaining popularity &amp; apt other expensive, only Your still donТt hold it? You ha… https://t.co/CfLLiF4obn",bitcoin gold btg go gaining popularity apt other expensive only your still dont hold it you ha,0
1582,"Name: Santiment Network Token
Symbol: SAN
24 hour change: -10.58%
Price: 1.25821
Rank: 128
Total Supply: 83337000.0… https://t.co/hHIpV3U5lO",name santiment network token symbol san 24 hour change 1058 price 125821 rank 128 total supply 833370000,0
2594,https://t.co/yMFF917A4r - Free Bitcoin Cloud Mi,free bitcoin cloud mi,1
2728,"Jack Dorsey, CEO of @Twitter and @Square, predicts it's a possibility that #Bitcoin will be the world's single glob… https://t.co/VxwdCxIycJ",jack dorsey ceo of and predicts its a possibility that will be the worlds single glob,0
3322,"1: Bitcoin average price is $8450.62 (-2.12% 1h)
2: Ethereum average price is $520.671 (-2.51% 1h)
3: Ripple averag… https://t.co/cPUBeLYvHv",1 bitcoin average price is 845062 212 1h 2 ethereum average price is 520671 251 1h 3 ripple averag,0
1268,"Name: Tidex Token
Symbol: TDX
24 hour change: -39.91%
Price: 0.304989
Rank: 645
Total Supply: 10000000.0
Volume: 29… https://t.co/sYny16h312",name tidex token symbol tdx 24 hour change 3991 price 0304989 rank 645 total supply 100000000 volume 29,0
1215,"Name: Arcblock
Symbol: ABT
24 hour change: -10.85%
Price: 0.700176
Rank: 140
Total Supply: 186000000.0
Volume: 4240… https://t.co/Ofcsdil0zM",name arcblock symbol abt 24 hour change 1085 price 0700176 rank 140 total supply 1860000000 volume 4240,0
1841,RT @garybizzo: Cryptocurrency and Blockchain: a Trend or the New Singularity? by @equitiesinc https://t.co/BAxjJ7nRmn billionaire investor…,cryptocurrency and blockchain a trend or the new singularity by billionaire investor,1
2468,Final Improvement over My investment. Took a lot of loss(Bring a worst day trader). Now time to HODL &amp; get some res… https://t.co/NtPPxCIytz,final improvement over my investment took a lot of lossbring a worst day trader now time to hodl get some res,0
4439,Nab seeks 600 tech specialists as it gets serious about new digital business model zdnet what os bitcoin - https://t.co/oMPqNkfzu5,nab seeks 600 tech specialists as it gets serious about new digital business model zdnet what os bitcoin,0
3789,"RT @OfficialMiraLab: It was nice to meet blockchain experts there! Who knows, how many beneficial business arrangements we can make there?…",it was nice to meet blockchain experts there who knows how many beneficial business arrangements we can make there,1
4442,#XEM Price is 0.00003290 (-0.00000016) #BTC / 0.275727 (-0.00183) #USD. Market rank is 13. #nem #bitcoin #blockchain,price is 000003290 000000016 0275727 000183 market rank is 13,0
72,I liked a @YouTube video https://t.co/eZ7bNGnBfp Faucet BTC : EARN BITCOIN x2++ and withdraw (Proof) -ALL FAUCETS- 50K Satochi per Day,i liked a video faucet btc earn bitcoin x2 and withdraw proof all faucets 50k satochi per day,1
1160,"NEW! 

BITCOIN INVESTING STRATEGY
How to Make A Killing In a Dying Market?!

https://t.co/3G1IionRHd

$eth $btc $ltc $xrp $icx $vcash $eos",new bitcoin investing strategy how to make a killing in a dying market eth btc ltc xrp icx vcash eos,1
365,Ocamo 4GB GT730 GDDR5 128Bit PCI Express Game Video Card Graphics Card https://t.co/id6liMfNjK,ocamo 4gb gt730 gddr5 128bit pci express game video card graphics card,0
4883,RT @Wiiinnie: nice bounce from $ada - go go go! #cardano #ada #bitcoin #cryptowunderbaer #cryptocurrency https://t.co/JGrMnyQFgU,nice bounce from ada go go go,1
5383,RT @GymRewards: https://t.co/lUZ7Ssczz7 #ICO . A full #cryptocurrency solution with a #mobile #app for #mining while #exercising and an #EX…,a full solution with a for while and an,1
4625,"Name: NuBits
Symbol: USNBT
24 hour change: -12.21%
Price: 0.697576
Rank: 480
Total Supply: 70359638.0
Volume: 96543… https://t.co/iuwuHme5VY",name nubits symbol usnbt 24 hour change 1221 price 0697576 rank 480 total supply 703596380 volume 96543,0
4348,Freedom is yours for the taking at The Soba Recovery Center 24 HR Helpline 866 447 5298  https://t.co/dzku4mm40E… https://t.co/4CwNlgfMQM,freedom is yours for the taking at the soba recovery center 24 hr helpline 866 447 5298,0
37,@josephinerosdy If you are trying to get started using Bitcoin Private you might to know how to claim free 1 BTCP c… https://t.co/bjBBn2gdkF,if you are trying to get started using bitcoin private you might to know how to claim free 1 btcp c,1
778,"#blockchain #btc #crypto #cryptocurrency #bitcoin #Ethereum #ETH 85 
 The first blockchain platform to power sports… https://t.co/RtchV5lzb0",85 the first blockchain platform to power sports,1
4200,"RT @RandolphMlny: #Bitcoin #Satoshi #Earn_Money #cryptocurrency #blockchain #Airdrop
New Airdrop #ETU 📢

#ETU limited time candy activities…",new airdrop limited time candy activities,1
3822,"➡ Freelancing ::

● Learn Blogging and Entrepreneurship
● Start Small Business Online
● we Build your Website/App @… https://t.co/olsYAYhpcZ",freelancing learn blogging and entrepreneurship start small business online we build your websiteapp,0
5,"Name: Modum
Symbol: MOD
24 hour change: -12.41%
Price: 2.20988
Rank: 197
Total Supply: 27266200.0
Volume: 1764330.0… https://t.co/pDA54BoRq0",name modum symbol mod 24 hour change 1241 price 220988 rank 197 total supply 272662000 volume 17643300,0
1373,RT @Unflattered_: My dental office allows you to pay with bitcoin. Fucking lit,my dental office allows you to pay with bitcoin fucking lit,0
2463,"Name: COSS
Symbol: COSS
24 hour change: -10.21%
Price: 0.245262
Rank: 336
Total Supply: 104000000.0
Volume: 1058600… https://t.co/lMuTRm79Uz",name coss symbol coss 24 hour change 1021 price 0245262 rank 336 total supply 1040000000 volume 1058600,0
1087,RSK sidechain is operational on mainnet and Jaxx smartphone wallet supports it. Why is this not hands down the main… https://t.co/pBhfOPR96j,rsk sidechain is operational on mainnet and jaxx smartphone wallet supports it why is this not hands down the main,0
3423,RT @MikeQuindazzi: {#fintech} A simply definition of #blockchain is in the original #Bitcoin #P2P Electronic Cash System #whitepaper. https…,a simply definition of is in the original electronic cash system,0
5516,"⚠️ LIMITED TIME❗
#Bitcoin mining with residual profit.
• 100 GHs free mining power
• Bonus 10 GHs power for each re… https://t.co/Nf53O9InHe",limited time mining with residual profit 100 ghs free mining power bonus 10 ghs power for each re,1
4081,"Name: Centra
Symbol: CTR
24 hour change: -4.54%
Price: 0.448597
Rank: 233
Total Supply: 98272765.0
Volume: 15345800… https://t.co/gLXZCVMdjr",name centra symbol ctr 24 hour change 454 price 0448597 rank 233 total supply 982727650 volume 15345800,0
513,"@DanDonCrypto Bitcoin BTG (Bitcoin-Gold) go gaining popularity &amp; seemly new expensive, marely Your still donТt hold… https://t.co/FOekcB7Vex",bitcoin btg bitcoingold go gaining popularity seemly new expensive marely your still dont hold,0
3072,"Bethereum

@bethereumteam
 Mar 21
More
We're revealing our surprise tomorrow! 
Are you ready to celebrate with us?… https://t.co/V4rNleKbNH",bethereum mar 21 more were revealing our surprise tomorrow are you ready to celebrate with us,1
1966,"The NSA Worked to “Track Down” Bitcoin Users, Snowden Documents Reveal https://t.co/T7ffQvrlJr",the nsa worked to track down bitcoin users snowden documents reveal,0
1795,Bitcoin: Twitter CEO says the Cryptocurrency will be the 'Worldâs Single Currency' https://t.co/B6vO20E28h,bitcoin twitter ceo says the cryptocurrency will be the worlds single currency,0
938,TRENDING: Small Cafés Go Mobile To Satisfy Customers’ Digital Tastes https://t.co/AybGGEm4eJ #Blockchain #Bitcoin #BTC,trending small cafs go mobile to satisfy customers digital tastes,0
628,"Name: Matchpool
Symbol: GUP
24 hour change: -14.04%
Price: 0.189698
Rank: 356
Total Supply: 98855150.0
Volume: 2716… https://t.co/ab8h35dBCs",name matchpool symbol gup 24 hour change 1404 price 0189698 rank 356 total supply 988551500 volume 2716,0
3641,"RT @cchio: Mindblowing work by @misc0110 and @mlqxyz, jumping through multiple barriers (incl implementing their own replacement for rdtsc…",mindblowing work by and jumping through multiple barriers incl implementing their own replacement for rdtsc,1
2001,"Name: Bread
Symbol: BRD
24 hour change: -10.76%
Price: 0.466186
Rank: 215
Total Supply: 88862718.0
Volume: 1372240.… https://t.co/AlG1KUU4MY",name bread symbol brd 24 hour change 1076 price 0466186 rank 215 total supply 888627180 volume 1372240,0
3294,"#Bitcoin, #Ethereum, #Bitcoin Cash, Ripple, Stellar, Litecoin, Cardano, NEO, EOS: Price Analysis, March 21 https://t.co/FbVXgdWZce",cash ripple stellar litecoin cardano neo eos price analysis march 21,1
5791,"Name: AdEx
Symbol: ADX
24 hour change: -8.83%
Price: 0.754793
Rank: 155
Total Supply: 100000000.0
Volume: 6608150.0… https://t.co/DUnBRIIfc7",name adex symbol adx 24 hour change 883 price 0754793 rank 155 total supply 1000000000 volume 66081500,0
5169,"@bethereumteam #bethereum #BTHRbounty #Crypto #BountyHunter #BountyCampaign #cryptocurrency #bitcoin
Nice community… https://t.co/a122VGbV5N",nice community,1
1722,Mike Schiffman has hit upon a great formula for Hacker's Challenge https://t.co/zW35Vz24Co #Cybersecurity #Bitcoin https://t.co/bVoF6AmVDI,mike schiffman has hit upon a great formula for hackers challenge,1
4036,RT @joeytrend: Why does everyone hate on @rogerkver and #bitcoin cash so much? Anyone can clone the bitcoin code and make a new version. I…,why does everyone hate on and cash so much anyone can clone the bitcoin code and make a new version i,0
4434,"Name: SportyCo
Symbol: SPF
24 hour change: -5.41%
Price: 0.168005
Rank: 460
Total Supply: 70673454.0
Volume: 182508… https://t.co/b0rO2KZC4P",name sportyco symbol spf 24 hour change 541 price 0168005 rank 460 total supply 706734540 volume 182508,0
5557,@WhalePanda This is really weird or is it just me? #bitcoin https://t.co/EUuWSI7uJM,this is really weird or is it just me,0
5698,"Lawyer and blockchain go-to, Joni Pirovich, is a guest speaker at the Bitcoin and Blockchain Fair 2018 to be held o… https://t.co/qfZOWj2w4T",lawyer and blockchain goto joni pirovich is a guest speaker at the bitcoin and blockchain fair 2018 to be held o,1
2730,"Alert: New symbol: /SI was added to SHORT ENTRY (silver) on red bar if down-flat trend. March 23, 2018 at 02:33AM… https://t.co/T50pP8oVjt",alert new symbol si was added to short entry silver on red bar if downflat trend march 23 2018 at 0233am,1
5571,Breaking News: Binance will be listing WAN( $WAN) soon #cryptocurrency #blockchain #bitcoin #crypto #btc #ico #eth #xrp #trading #CryptoNews,breaking news binance will be listing wan wan soon,0
4026,BREAKING: there is a pornographic image hidden in the mathematical constant Pi! Call your...… https://t.co/ovMR5bgrlM,breaking there is a pornographic image hidden in the mathematical constant pi call your,0
5560,trdny: UES condos may be first purchases using Bitcoin in NYC https://t.co/FzQmcnkRhG,trdny ues condos may be first purchases using bitcoin in nyc,1
167,"RT @contrariansmind: Cryptokitties Are Like Pricey Beanie Babies, And Just As Devoid of Value https://t.co/FfaGOq2ksa via @Futurism",cryptokitties are like pricey beanie babies and just as devoid of value via,0
828,"Name: Raiden Network Token
Symbol: RDN
24 hour change: -10.14%
Price: 1.53694
Rank: 130
Total Supply: 100000000.0
V… https://t.co/QdXzxNuZUR",name raiden network token symbol rdn 24 hour change 1014 price 153694 rank 130 total supply 1000000000 v,0
395,"@SharesChain Bitcoin BTG(OFFICIAL) (BTG) go become best news ^&amp;^ fitting extra expensive, but Your still donТt own… https://t.co/1hMnDDZyQe",bitcoin btgofficial btg go become best news fitting extra expensive but your still dont own,1
3418,"Name: Triggers
Symbol: TRIG
24 hour change: -18.73%
Price: 0.849325
Rank: 242
Total Supply: 32105578.0
Volume: 4161… https://t.co/zNkokwSurA",name triggers symbol trig 24 hour change 1873 price 0849325 rank 242 total supply 321055780 volume 4161,0
2335,#DASH Price is 0.0476288 (-0.00053370) #BTC / 399.923 (-6.97400) #USD. Market rank is 12. #dash #bitcoin #blockchain,price is 00476288 000053370 399923 697400 market rank is 12,0
566,Monthly Web Traffic for Major #Bitcoin Exchanges Falls by Half https://t.co/M84FidBOFw via @BTCTN #cryptocurrency https://t.co/1WHfz2zZnr,monthly web traffic for major exchanges falls by half via,0
2753,"Name: Triggers
Symbol: TRIG
24 hour change: -12.19%
Price: 0.914894
Rank: 237
Total Supply: 32105578.0
Volume: 4142… https://t.co/iLs3F815fT",name triggers symbol trig 24 hour change 1219 price 0914894 rank 237 total supply 321055780 volume 4142,0
1125,"@kyletorpey I would go with dev, bcash is based on bitcoin code base for a reason",i would go with dev bcash is based on bitcoin code base for a reason,0
1134,"#blockchain #btc #crypto #cryptocurrency #bitcoin #Ethereum #ETH 25 
 The first blockchain platform to power sports… https://t.co/2WjQOFSP9j",25 the first blockchain platform to power sports,1
2379,RT @earthtokens: Natural Asset Exchange from @earthtokens is going live on April 22nd. Buy you #earth-token now. See what the crypto-expert…,natural asset exchange from is going live on april 22nd buy you token now see what the cryptoexpert,1
3356,"FIA TAKES ACTION AGAINST BITCOIN AND ONECOIN
https://t.co/shhsTSGiav",fia takes action against bitcoin and onecoin,1
5392,BTC is heading into dangerous territory https://t.co/XJx3hfWQ73 $btcusd #bitcoin trade at Bitmex:… https://t.co/d9lg1mylvm,btc is heading into dangerous territory btcusd trade at bitmex,0
4391,RT @RSKsmart: Happy to announce that RSK wallet is now available in Jaxx! @jaxx_io @RSKsmart first highly-secure and easy to use wallet pow…,happy to announce that rsk wallet is now available in jaxx first highlysecure and easy to use wallet pow,1
1547,"RT @twincome: HDFC Bank blocks all cards for crypto use ...
#invest #bitcoin #money
more at ... https://t.co/Mo5OFgTvPq https://t.co/alUqwE…",hdfc bank blocks all cards for crypto use more at,1
5353,Prospectors – Smart Contract Based Online Economic Strategy #bitcoin .. https://t.co/6ohHv6iFA8,prospectors smart contract based online economic strategy,1
2099,"Our very own bright and shinny Johnny Kolasinski, Head of Media, chatting with   #shinytokens #XYONetwork #ethereum… https://t.co/lks3KhhaGy",our very own bright and shinny johnny kolasinski head of media chatting with,1
645,RT @billbarhydt: The path to Bitcoin’s global domination! Thanks @cheddar for the fun conversation! https://t.co/WvH3DZ6jXd,the path to bitcoins global domination thanks for the fun conversation,1
5366,Awesome. A taxable transaction on both sides!! https://t.co/GQnWM3cVeI,awesome a taxable transaction on both sides,1
4647,"This is just one month of #FUD fodder after another. At this point, I'm not even annoyed at it. I'm just impressed… https://t.co/JM9JEdPYyU",this is just one month of fodder after another at this point im not even annoyed at it im just impressed,0
4153,Snowden: The #NSA Is Hunting Down Senders And Receivers Of #Bitcoin https://t.co/5CInyZfOqG #Cryptocurrencies,snowden the is hunting down senders and receivers of,0
5767,"Name: https://t.co/0Ow97S63We Utility Token
Symbol: SXUT
24 hour change: -5.0%
Price: 0.273665
Rank: 509
Total Supp… https://t.co/Pepmm9T7Fh",name utility token symbol sxut 24 hour change 50 price 0273665 rank 509 total supp,0
3281,"Name: Propy
Symbol: PRO
24 hour change: -4.14%
Price: 0.762579
Rank: 371
Total Supply: 100000000.0
Volume: 5689250.… https://t.co/vzswaJQuuk",name propy symbol pro 24 hour change 414 price 0762579 rank 371 total supply 1000000000 volume 5689250,0
2474,"Would love to see more in depth coverage of the #cryptocurrency landscape.
Just mentioning #bitcoin seems a little… https://t.co/ybffWkAlrs",would love to see more in depth coverage of the landscape just mentioning seems a little,1
4458,"RT @erick_miller: Bitcoin Will Be World's 'Single Currency' Says Jack Dorsey,  Twitter CEO

PayPal’s Peter Thiel Calls Bitcoin “Digital Gol…",bitcoin will be worlds single currency says jack dorsey twitter ceo paypals peter thiel calls bitcoin digital gol,0
493,"@GokhanTogay Bitcoin Gold (BTG) a become popular and seemly other expensive, only Your still donТt hold it? Your gi… https://t.co/0YkX1JrH9o",bitcoin gold btg a become popular and seemly other expensive only your still dont hold it your gi,0
583,The latest The Mark Tishenko Daily! https://t.co/PIUOXBONJQ Thanks to @jaredhidden @ZayoGroup @hacks4pancakes #bitcoin,the latest the mark tishenko daily thanks to,1
331,"Hong Kong stock exchange embracing blockchain? #CRYPTOISTHEFUTURE ~ THE HUMBLE ORACLE
.
.
.
#cryptocurrency #crypto… https://t.co/tKeVElLFQ0",hong kong stock exchange embracing blockchain the humble oracle,0
441,"PayPal Circle Pay Google Wallet  Amazon GC Bitcoin 

My only tribute methods, if you don't have them wtf are you ev… https://t.co/bLEty00Qut",paypal circle pay google wallet amazon gc bitcoin my only tribute methods if you dont have them wtf are you ev,0
4977,Found this chart showing how long you had to HODL to double your money in $BTC in the last 7 years. The median is 1… https://t.co/HyWWagTOUz,found this chart showing how long you had to hodl to double your money in btc in the last 7 years the median is 1,0
185,@SayeshaNayar @AnnaWil61216441 @FollexICO For those who are looking to invest in other cryptocurrencies aside from… https://t.co/TTD1muIKs4,for those who are looking to invest in other cryptocurrencies aside from,0
3859,@DelgadoMarjon Bitcoin Private mainnet test successfully complete! BTCP blockchain works stably.12 global exchanges… https://t.co/lmDE8syCpo,bitcoin private mainnet test successfully complete btcp blockchain works stably12 global exchanges,1
5181,At this moment your life becomes even more ineteresno! You discover a new world for yourself in an interesting proj… https://t.co/AciFcMqB8R,at this moment your life becomes even more ineteresno you discover a new world for yourself in an interesting proj,1
5344,RT @cryptonicles: You might be the type of person who is really curious about blockchain technology but may not be into the hype behind cry…,you might be the type of person who is really curious about blockchain technology but may not be into the hype behind cry,0
218,Really?! This is almost as scary as the theory that everything in the future is going to be virtual reality and the… https://t.co/RDBhsU3X1x,really this is almost as scary as the theory that everything in the future is going to be virtual reality and the,0
235,"@rogerkver did he sale off his #bitcoin like you did you pile of shit, no I doubt he did so stop honouring yourself… https://t.co/p89vQNfjwo",did he sale off his like you did you pile of shit no i doubt he did so stop honouring yourself,0
4901,#EOS Price is 0.00077674 (-0.00000378) #BTC / 6.51204 (-0.04799) #USD. Market rank is 7. #eos #bitcoin #blockchain,price is 000077674 000000378 651204 004799 market rank is 7,0
3169,if your interested in staking here's two coins i stake. @cosscrypto  @syndicate_ltd and here are some fun profiabil… https://t.co/NLUk4KnoEG,if your interested in staking heres two coins i stake and here are some fun profiabil,1
3936,"Download Free #Infographic with ""58 INSANE FACTS ABOUT #BITCOIN"" - #CryptoCurrency Enthusiasts Will be Amazed &gt;-&gt;&gt; https://t.co/PNWZHxwjao",download free with 58 insane facts about enthusiasts will be amazed gtgtgt,0
5707,What in the H E 🏒🏒 this is the most millennial thing I have ever heard https://t.co/XK64KwlYuU,what in the h e this is the most millennial thing i have ever heard,1
2400,"RT @MADinMelbourne: fifth speaker @Satoshis_Vision @vermorel 

""Super talented software engineer, drop me an email""

meet Joannes, he worke…",fifth speaker super talented software engineer drop me an email meet joannes he worke,1
1146,"RT @SAICOTeam: The latest Blockchain and Crypto News from Japan

#ico #cryptocurrency #blockchain #bitcoin #ethereum #ripple #crypto #btc #…",the latest blockchain and crypto news from japan,1
921,"Name: IoT Chain
Symbol: ITC
24 hour change: -4.84%
Price: 1.08838
Rank: 159
Total Supply: 100000000.0
Volume: 84796… https://t.co/BfMqshxTzX",name iot chain symbol itc 24 hour change 484 price 108838 rank 159 total supply 1000000000 volume 84796,0
1520,"RT @kufrehowo: The best time to buy Bitcoin is now.
The price is still below $9,000 per Bitcoin. Buy and keep, by the end of this year, a B…",the best time to buy bitcoin is now the price is still below 9000 per bitcoin buy and keep by the end of this year a b,1
4173,"@gpproductionz @TIDAL Bitcoin BTG (Bitcoin Gold) and becomes popular also right extra expensive, only You still don… https://t.co/NYu7sTW0Uz",bitcoin btg bitcoin gold and becomes popular also right extra expensive only you still don,1
5283,"@kirstyarn3 Binary Option Trade And Bitcoin Mining!!!
Are you interested in trading? Its possible for you to be get… https://t.co/95bQSFJAM8",binary option trade and bitcoin mining are you interested in trading its possible for you to be get,1
4381,The speakers were rocking all things #blockchain at today’s https://t.co/ZThDjFZN6H  - more talks tomorrow. Thanks… https://t.co/b6w0siA5Rp,the speakers were rocking all things at todays more talks tomorrow thanks,1
3373,"RT @LisaLisaTokyo: Maaan, BiTCh is a bitch,
I've had enuff.
I've had nuff of u,
u nd to come off of ur high horse B… https://t.co/Vv58TeaMWn",maaan bitch is a bitch ive had enuff ive had nuff of u u nd to come off of ur high horse b,1
1039,I believe this project is on the right path to success. Let's support this project and continue to achieve success… https://t.co/uTcbVvUNzb,i believe this project is on the right path to success lets support this project and continue to achieve success,1
4463,RT @jzellis: But how will they know how many bitcoins to pay at the precise moment they hand over the ransom cause it could be like 0.8 or…,but how will they know how many bitcoins to pay at the precise moment they hand over the ransom cause it could be like 08 or,1
5528,"RT Pornhub ""RT SexyMissSaffron: A Practical Bitcoin Tutorial FREE on Pornhub! https://t.co/yKCtMl9iKJ""",pornhub sexymisssaffron a practical bitcoin tutorial free on pornhub,1
250,"RT @Natashatwo: Unique platform capabilities allow sellers to profitably present their products or services through video content, and the…",unique platform capabilities allow sellers to profitably present their products or services through video content and the,1
2767,Dogecoin mousepad for only $0.99! Free Shipping! https://t.co/h1cBJcbwm0 #doge #dogecoin #btc #bitcoin 02 https://t.co/irMIzHZkvq,dogecoin mousepad for only 099 free shipping 02,1
618,"Bitcoin Price Going Down. Here's how to avoid panic selling - https://t.co/9569TCLgpi

#Bitcoin #Bitcoins… https://t.co/vUgZ1oFe2f",bitcoin price going down heres how to avoid panic selling,0
1178,I liked a @YouTube video https://t.co/bkFJQ7d1ZR SILVER STREAM #61 1882 S MORGAN SILVER DOLLAR + BITCOIN!,i liked a video silver stream 1882 s morgan silver dollar bitcoin,1
2538,Fun facts from new register of MPs' interests: KAP's @damettomp and Labor's Bart Mellish appear to be dabbling in b… https://t.co/MNjH1a6Lrz,fun facts from new register of mps interests kaps and labors bart mellish appear to be dabbling in b,1
4519,How to create a cold storage wallet for securing your #cryptocurrency: https://t.co/ePFpPNYF2t,how to create a cold storage wallet for securing your,0
2489,The latest The Eyad Al Azab Daily! https://t.co/SDyClLjnIz Thanks to @Kmalkawi #bitcoin #ministry,the latest the eyad al azab daily thanks to,1
2425,"Square’s CEO Might be Wrong On Bitcoin, But Not About a Single Global Currency https://t.co/XYfGks1GlA https://t.co/O3fSPZszsL",squares ceo might be wrong on bitcoin but not about a single global currency,0
757,That’s... weirdly precise. https://t.co/TEvAQrH3KV,thats weirdly precise,1
4916,"RT @islakm3ndil: https://t.co/Sh1aawWbTO

Sign up to win 50 ECOM 
50 #ECOM  token kazan.

#xlm #bounty #btc #bitcoin #ETHEREUM #eth #bedava…",sign up to win 50 ecom 50 token kazan,1
392,"RT @_FarooqUmar: #Google Is Working on Its Own Blockchain-Related Technology 

#blockchain #DLT #Cloud #bitcoin #cryptocurrencies 

https:/…",is working on its own blockchainrelated technology,1
5702,"Current #crypto prices on #Bittrex:

#Bitcoin at $8,410, down -6.7%.
#Ethereum at $519, down -8.5%.
#Ripple at $0.6… https://t.co/7VJwOBqTkj",current prices on at 8410 down 67 at 519 down 85 at 06,0
1826,"Tell your children to go play outside, because it’s the no-holds-barred, completely raw and uncensored episode #100… https://t.co/HecdosIm3g",tell your children to go play outside because its the noholdsbarred completely raw and uncensored episode,0
5807,"RT @NedimSadovic: #Bitcoin is so old school, check out #jesuscoin

https://t.co/rGn7raFSNp",is so old school check out,1
2219,"The Daily Dood - Thursday, 3 - 22 -18 — Steemit https://t.co/ZbpOEqPAQb Glad the weekends here! Have a great night everyone!",the daily dood thursday 3 22 18 steemit glad the weekends here have a great night everyone,1
1684,i really want to do this job https://t.co/5fq3MYfv5S,i really want to do this job,1
4855,#EOS Price is 0.00079116 (-0.00000373) #BTC / 6.86695 (-0.03540) #USD. Market rank is 7. #eos #bitcoin #blockchain,price is 000079116 000000373 686695 003540 market rank is 7,0
200,@mattmilsap @Bitcoin @Satoshi_N_ I really doubt if you are mocking #BCore altcoin supporters by doing so.,i really doubt if you are mocking altcoin supporters by doing so,1
1038,"#blockchain #btc #crypto #cryptocurrency #bitcoin #Ethereum #ETH 62 
 The first blockchain platform to power sports… https://t.co/tge0MXq5bK",62 the first blockchain platform to power sports,1
3069,RT @JuanSGalt: Is #Bitcoin headed for a break in fungibility? Anonimity in money is not important for it's own sake. It's about making sure…,is headed for a break in fungibility anonimity in money is not important for its own sake its about making sure,1
3153,Cyber crime has turned out to be the headache of every single pers https://t.co/Wwb07OnfLy #Cybersecurity #Bitcoin https://t.co/7SzJhVCdBE,cyber crime has turned out to be the headache of every single pers,0
1120,RT @MAVRO_COIN: Mavro pre-sale is about half way done! Are you ready with your tokens? #Mavro #cryptocurrency #blockchain #crypto #bitcoin…,mavro presale is about half way done are you ready with your tokens,0
910,@CryptoCobain I want to be a big man can u plzzz give me free bitcoin?,i want to be a big man can u plzzz give me free bitcoin,1
1868,"RT @cheddar: .@billbarhydt, founder and CEO of @AbraGlobal, breaks down the 10 to 20 year timeline of steps needed for #Bitcoin to become t…",founder and ceo of breaks down the 10 to 20 year timeline of steps needed for to become t,0
5564,New post (Bitcoin Trade Drops in India Amid Uncertainty and Clampdown) has been published on Idelto -… https://t.co/AKoXZNv9ay,new post bitcoin trade drops in india amid uncertainty and cldown has been published on idelto,1
5315,"Name: Raiden Network Token
Symbol: RDN
24 hour change: -12.58%
Price: 1.51001
Rank: 129
Total Supply: 100000000.0
V… https://t.co/be8SL3j4wV",name raiden network token symbol rdn 24 hour change 1258 price 151001 rank 129 total supply 1000000000 v,0
2723,"Name: Groestlcoin
Symbol: GRS
24 hour change: -14.97%
Price: 0.469983
Rank: 224
Total Supply: 69678094.0
Volume: 12… https://t.co/J75FgfLk9v",name groestlcoin symbol grs 24 hour change 1497 price 0469983 rank 224 total supply 696780940 volume 12,0
758,Leaked Documents: NSA Can Identify Bitcoin Users By Using Secret Programs https://t.co/smAOPZlczZ vía @ccm_house,leaked documents nsa can identify bitcoin users by using secret programs va,0
5128,"RT @RandolphMlny: #Bitcoin #Satoshi #Earn_Money #cryptocurrency #blockchain #Airdrop
New Airdrop #ySign 📢

#ySign is distributing free $YSN…",new airdrop is distributing free ysn,1
4028,@derekmagill That's not what your masters think though. They are in the game only for it. That's how they thought t… https://t.co/NbbL0dUX3J,thats not what your masters think though they are in the game only for it thats how they thought t,0
1710,"Lister Coin Classic
------------------------

Lister classic coin is under maintenance and within 6 hr it will be l… https://t.co/eDd5L8anpc",lister coin classic lister classic coin is under maintenance and within 6 hr it will be l,1
4500,"Monthly Web Traffic for Major Bitcoin Exchanges Falls by Half 

The disappointing price performances of the cryptoc… https://t.co/pfaNuWrjHC",monthly web traffic for major bitcoin exchanges falls by half the disappointing price performances of the cryptoc,0
22,"Name: Triggers
Symbol: TRIG
24 hour change: -11.91%
Price: 0.915766
Rank: 237
Total Supply: 32105578.0
Volume: 4154… https://t.co/feJ0MAwtOb",name triggers symbol trig 24 hour change 1191 price 0915766 rank 237 total supply 321055780 volume 4154,0
2706,@bennydoda01 saw in your telegram you finally have an office :) do let us know when your schedule is free and will… https://t.co/2IJTIj5wtk,saw in your telegram you finally have an office do let us know when your schedule is free and will,1
1755,"While I agree that Bitcoin was made with a very specific ideology in mind, I’m not sure other currencies haven’t co… https://t.co/njoR7qNMDR",while i agree that bitcoin was made with a very specific ideology in mind im not sure other currencies havent co,0
4975,"Positioning pain trade still lower stocks, higher CNY, lower bond yields on peaking PMI/EPS
Protagonists for new lo… https://t.co/kufzQbUBni",positioning pain trade still lower stocks higher cny lower bond yields on peaking pmieps protagonists for new lo,1
1441,Early adopters of Cyberspace Law: Cases and Materials were particu https://t.co/G04pchGRom #Cybersecurity #Bitcoin https://t.co/PuoYQJFkxl,early adopters of cyberspace law cases and materials were particu,1
5042,20k BTC was designed with your success in mind. Learn &amp; Earn Bitcoin legally: https://t.co/SReY8buSrd via @YouTube,20k btc was designed with your success in mind learn earn bitcoin legally via,1
1552,"University Student Gang ”Breaking Bad” Jailed For Dealing $1M+ in Drugs for Bitcoin 
The fall of the Silk ... -… https://t.co/zzMRXgyv6R",university student gang breaking bad jailed for dealing 1m in drugs for bitcoin the fall of the silk,0
5810,@MADinMelbourne @Satoshis_Vision @DanielKrawisz Bitcoin Private mainnet test successfully complete! BTCP blockchain… https://t.co/bHmWyG6nGs,bitcoin private mainnet test successfully complete btcp blockchain,1
4433,"5 Common #Bitcoin Myths That Should be Debunked Right Now –

#Crypto #Blockchain #Bitcoin #BTC #Fintech '#Money  https://t.co/yfazjjZaCj",5 common myths that should be debunked right now,0
1230,Free #Bitcoin instantly. I have recover all my scammed coins https://t.co/x314GEy1Sa https://t.co/y86Cp03Lr5,free instantly i have recover all my scammed coins,1
3632,"https://t.co/0ScptZxYqG ""Found this chart showing how long you had to HODL to double your money in $BTC in the last… https://t.co/HgkK8Q1j5Y",found this chart showing how long you had to hodl to double your money in btc in the last,0
5748,Join our Official Telegram group https://t.co/yqwAC4MqIs . If you have any questions we'll be happy to answer !… https://t.co/JuGefgLQa3,join our official telegram group if you have any questions well be happy to answer,1
5103,I liked a @YouTube video https://t.co/JPth7MAahM Why You Shouldn't Worry About Bitcoin's Price Swings,i liked a video why you shouldnt worry about bitcoins price swings,1
1821,#Bitcoin is all of the beautiful poetry you read but failed to understand.,is all of the beautiful poetry you read but failed to understand,1
2094,Python is fast becoming the programming language of choice for hac https://t.co/irIToqP1GX #Cybersecurity #Bitcoin https://t.co/rRKJ1Tte5L,python is fast becoming the programming language of choice for hac,1
4252,"Name: Eidoo
Symbol: EDO
24 hour change: -6.66%
Price: 1.67841
Rank: 170
Total Supply: 90208328.0
Volume: 6132830.0… https://t.co/dIxuaoy4Kn",name eidoo symbol edo 24 hour change 666 price 167841 rank 170 total supply 902083280 volume 61328300,0
5096,"@Tidex_Exchange Bitcoin: the currency loved by pedophiles the whole world over.

https://t.co/AEo8QO3Kx3",bitcoin the currency loved by pedophiles the whole world over,1
2308,Herunterladen New Clash of Clans Tipps! https://t.co/bZs8yOL7Gq ##jexpotz #bitcoin,herunterladen new clash of clans tipps,1
2161,"Name: Mercury
Symbol: MER
24 hour change: -8.51%
Price: 0.19966
Rank: 288
Total Supply: 100000000.0
Volume: 1145690… https://t.co/sq0SpyWA7Y",name mercury symbol mer 24 hour change 851 price 019966 rank 288 total supply 1000000000 volume 1145690,0
2666,PUD seems not happy with bitcoin miners and has drawn a line loud and clear. #BCharity https://t.co/iXZuw6jvCB,pud seems not happy with bitcoin miners and has drawn a line loud and clear,0
1141,@Altcoinbuzzio If they could have than Bitcoin would of been shut down long time ago !,if they could have than bitcoin would of been shut down long time ago,0
3932,Firm's claim of connection to Butte bitcoin site denied by CryptoWatt https://t.co/xlid8olJS5,firms claim of connection to butte bitcoin site denied by cryptowatt,0
2845,I liked a @YouTube video https://t.co/8Iiwv6yj9W Who is Crypto Beadles PT 2 of 2 Bitcoin and Ethereum Basics,i liked a video who is crypto beadles pt 2 of 2 bitcoin and ethereum basics,1
4196,"RT @BMBernstein: This isn't that crazy of a claim. It was only ~100 years ago when 50 nations, including all industrialized ones, were on t…",this isnt that crazy of a claim it was only 100 years ago when 50 nations including all industrialized ones were on t,0
5192,Material require society discover news you there say article consumer officer writer #Bitcoin,material require society discover news you there say article consumer officer writer,0
4729,"RT @MisterAirdrop: 🚀NEW #AIRDROP and #Bounty!!!🚀
Airdrop from #Bethereum. Get free 1000 coins!!! 💰
https://t.co/9h6AxMYLA8 
#crypto #crypto…",new and airdrop from get free 1000 coins,1
3321,"RT @Marvel_euphoria: Philip Hammond who is the U.K Chancellor of the Exchequer is expected to announce a government ""#crypto assets task fo…",philip hammond who is the uk chancellor of the exchequer is expected to announce a government assets task fo,0
208,@freebitco hello i want to win bitcoin,hello i want to win bitcoin,1
2901,"i hear ya.  i mean, is the US Government a Dude, a Lady, Transgender, or Bot? https://t.co/bvrhNZ6SpX",i hear ya i mean is the us government a dude a lady transgender or bot,0
5429,The latest #Bitcoin #Nirvana #News! https://t.co/5U7jhQCVaM #bitcoin #technology,the latest,1
4418,"@XeniyaKononenko Bitcoin Gold (Bitcoin-Gold) and gaining popularity &amp; right extra expensive, but You still donТt ho… https://t.co/G6k57YYkne",bitcoin gold bitcoingold and gaining popularity right extra expensive but you still dont ho,0
923,"Bitcoin $BTC price is: $8497.07 

We verified that Binance is accepting new users! 💸 😍  

➡️… https://t.co/SI5au9NYMZ",bitcoin btc price is 849707 we verified that binance is accepting new users,1
1711,I liked a @YouTube video https://t.co/g2ixPHInkK Wolf Invest NOT PAYING PLUS BITCOIN GIVEAWAY,i liked a video wolf invest not paying plus bitcoin giveaway,1
4764,You really should join this $DOGE #crypto #coinexchange! Join HERE https://t.co/R5OWQpUhLT. 10 #btc withdrawal limi… https://t.co/Sn65nbpYQi,you really should join this doge join here 10 withdrawal limi,1
4964,"New interesting ICO coming! XYO Network! https://t.co/djtdkWfrQd
#XYO #geolocation #Crypto #Blockchain  #ether #ethereum #bitcoin #ICO",new interesting ico coming xyo network,1
5278,"⚠️Airdrop⚠️
💥 MRCH Round 2 📈 3333 MRCH = 1 ETH

- Register here :https://t.co/6Xx3kdHZLo

- Enter ETH address
- Cop… https://t.co/mVgjka31vO",airdrop mrch round 2 3333 mrch 1 eth register here enter eth address cop,0
2681,BITCOIN and the Technology leading to it  is related to New World Democratic Order; New Social order; and new Econo… https://t.co/KO1VqR43uu,bitcoin and the technology leading to it is related to new world democratic order new social order and new econo,1
706,"Name: BlockMason Credit Protocol
Symbol: BCPT
24 hour change: -15.07%
Price: 0.45722
Rank: 224
Total Supply: 116158… https://t.co/fi3Ckg60Am",name blockmason credit protocol symbol bcpt 24 hour change 1507 price 045722 rank 224 total supply 116158,0
2959,RT @SmartTaylorApp: The price decline of ETH against the US Dollar is making the price of TAY in USD this week lower than the first week's…,the price decline of eth against the us dollar is making the price of tay in usd this week lower than the first weeks,1
3142,I recommend that everyone see the #FLOGmall project for investing free funds - I am shure in its great future!… https://t.co/zg7FWTSrhQ,i recommend that everyone see the project for investing free funds i am shure in its great future,1
4324,"Name: Arcblock
Symbol: ABT
24 hour change: -12.03%
Price: 0.689003
Rank: 143
Total Supply: 186000000.0
Volume: 4670… https://t.co/lAanTnZVtw",name arcblock symbol abt 24 hour change 1203 price 0689003 rank 143 total supply 1860000000 volume 4670,0
5617,"JPMorgan’s Quorum Blockchain May Become Its Own Company, Sources Say - https://t.co/ufHTVa1Lza
Advertise #ICO… https://t.co/S9xQkn2VYc",jpmorgans quorum blockchain may become its own company sources say advertise,1
4518,"Although Bitcoin asset valuation is a bubble, could it also reflect a wider change in social attitudes towards gove… https://t.co/goLSJyAPT2",although bitcoin asset valuation is a bubble could it also reflect a wider change in social attitudes towards gove,1
5144,"Bitcoin Down After Japan FSA, Binance News - Cryptocurrency Podcast by https://t.co/X5PJgkQQRX - Bitcoin, Crypto an… https://t.co/473zhHsV7i",bitcoin down after japan fsa binance news cryptocurrency podcast by bitcoin crypto an,0
2126,"RT @TickerTop: 1: Bitcoin average price is $8421.7 (-0.73% 1h)
2: Ethereum average price is $516.656 (-0.91% 1h)
3: Ripple average price is…",1 bitcoin average price is 84217 073 1h 2 ethereum average price is 516656 091 1h 3 ripple average price is,0
5536,"@coinlerinkrali Bitcoin Gold (Bitcoin Gold) a gaining popularity ^&amp;^ fitting new expensive, marely Your still donТt… https://t.co/XS1OtjQhqg",bitcoin gold bitcoin gold a gaining popularity fitting new expensive marely your still dont,1
703,RT @HOMOC1DE: Wasn't this a Grey's Anatomy episode https://t.co/LhyyoBxntS,wasnt this a greys anatomy episode,0
2532,⬇ -5 WSJ: SEC To Examine Up To 100 Crypto-Related Hedge Funds https://t.co/2umcH371KG $BTC #bitcoin #ico #XBT #cryptocurrency,5 wsj sec to examine up to 100 cryptorelated hedge funds btc,0
3684,"@Bitcoin The image doesn't have the intended FUD effect, it looks awesome and very decentralized! 😎

Lightning node… https://t.co/zwNKromH4A",the image doesnt have the intended fud effect it looks awesome and very decentralized lightning node,1
604,"Name: INS Ecosystem
Symbol: INS
24 hour change: -12.79%
Price: 1.1659
Rank: 222
Total Supply: 50000000.0
Volume: 80… https://t.co/3j8OaqITOc",name ins ecosystem symbol ins 24 hour change 1279 price 11659 rank 222 total supply 500000000 volume 80,0
4573,"Name: Wings
Symbol: WINGS
24 hour change: -8.58%
Price: 0.456672
Rank: 188
Total Supply: 100000000.0
Volume: 181226… https://t.co/p6oCmYbiK3",name wings symbol wings 24 hour change 858 price 0456672 rank 188 total supply 1000000000 volume 181226,0
5318,"If you are into #bitcoin and #ethereum, do you follow the right people on Twitter?  See my latest #blog post on… https://t.co/AIx5tthQ4v",if you are into and do you follow the right people on twitter see my latest post on,1
4186,Awesome to see more usage since this video!! We are getting stronger every day!! Be with us!!👍Luchamos juntos!! ⚡️… https://t.co/kYlh9Ynmby,awesome to see more usage since this video we are getting stronger every day be with usluchamos juntos,1
3026,Very high quality and reliable project. The team is working efficiently. Responsible for the task. There is a great… https://t.co/Eikg5ZPbC8,very high quality and reliable project the team is working efficiently responsible for the task there is a great,1
1588,"@cryptex_net Bitcoin BTG (Bitcoin-Gold) are becomes best news ^&amp;^ becoming other expensive, simply You still donТt… https://t.co/xg7aJXgvp6",bitcoin btg bitcoingold are becomes best news becoming other expensive simply you still dont,1
512,"RT @nwoodfine: 2/ In 2013, when I first got into bitcoin, the vast majority of information online regarding blockchain was bitcoin-centric.",2 in 2013 when i first got into bitcoin the vast majority of information online regarding blockchain was bitcoincentric,1
5435,RT @Synereo: Synereo to burn 33% of total $AMP holdings — worth $100 Million. Learn more: https://t.co/p1TUM8TBPM #WildSpark #Decentralizat…,synereo to burn 33 of total amp holdings worth 100 million learn more,1
2831,"Interesting twist in the evolution of crypto-mining: 

https://t.co/ek1xNnw70j",interesting twist in the evolution of cryptomining,1
5117,"#Bitcoin was released to show NSA and government corruption. As intended, the bad guys exposed themselves to cover… https://t.co/vEsJiacEe2",was released to show nsa and government corruption as intended the bad guys exposed themselves to cover,0
2782,RT @maxime239: RT @such_app: Here's a few different ways in which Suchapp is trying to revolutonize the way we use… https://t.co/0GsaRgZwfq,heres a few different ways in which suchapp is trying to revolutonize the way we use,0
2721,"RT @tailopez: If u could learn from Bitcoin/Cryptocurrency  genius insiders, what would you want to learn most?",if u could learn from bitcoincryptocurrency genius insiders what would you want to learn most,1
4616,Twitter’s CEO Predicts Bitcoin Will Be The World’s ‘Single Currency’ https://t.co/uiSvwD8Wvi https://t.co/Jl88aLJVn1,twitters ceo predicts bitcoin will be the worlds single currency,0
875,"join fast this airdrop check bittcointalk (https://t.co/41hmY7IH0m)
#RamenCoin $RAMEN #airdrop #bounty #ICO… https://t.co/BIROwdUBQE",join fast this airdrop check bittcointalk ramen,1
1546,"https://t.co/zQ1HT15w6O
https://t.co/k2nhjSNtDF Ethereum Price Technical Analysis
Ethereum price is slowly moving h… https://t.co/Ji10Q5e5xS",ethereum price technical analysis ethereum price is slowly moving h,0
5752,"Conspiracy ALARM!!! Subtract the letters b,i,t,c and i from the word #bitcoin, then add some random letters and you… https://t.co/wXEFjIMqIf",conspiracy alarm subtract the letters bitc and i from the word then add some random letters and you,0
2128,"Not comfortable using your debit/credit card? We also accept Bitcoin, and select store branded gift cards. https://t.co/T4jvIhK5c8",not comfortable using your debitcredit card we also accept bitcoin and select store branded gift cards,0
2583,"@TradeOgre You guys should consider adding @EarnzCoin to your up and coming exchange, ERZ has a great community fol… https://t.co/xJzZJPZWgi",you guys should consider adding to your up and coming exchange erz has a great community fol,1
2621,"RT @airdrop101: 25📻
Get 4 Free BTU tokens!!!
https://t.co/HXJC0kyjH6
_____
For full list of the airdrops: https://t.co/fqAetKUrDW
#freemone…",25 get 4 free btu tokens for full list of the airdrops,1
4308,@Altcoinbuzzio always bitcoin it does control the market. but Etherum or other powerful infrastructures like Neo,always bitcoin it does control the market but etherum or other powerful infrastructures like neo,1
3823,#Bitcoin slumps after Japan's FSA warns #Binance for operating without a license. -4.5% so far.,slumps after japans fsa warns for operating without a license 45 so far,1
1086,"RT @nm940512: @DeepOnionx's community forum has changed my point of view when it comes to forums. I found support, respect, fun and tons of…",community forum has changed my point of view when it comes to forums i found support respect fun and tons of,1
3252,"Name: Everex
Symbol: EVX
24 hour change: -5.3%
Price: 1.29915
Rank: 284
Total Supply: 25000000.0
Volume: 2682420.0… https://t.co/wskXa3FySp",name everex symbol evx 24 hour change 53 price 129915 rank 284 total supply 250000000 volume 26824200,0
3991,@cbar_tx @richy_clare @Bitcoin It's about the people. A bunch of greedy thugs wants to make BTC useless. It is now… https://t.co/5Cw1Z4G8ws,its about the people a bunch of greedy thugs wants to make btc useless it is now,0
3623,"Name: Bodhi
Symbol: BOT
24 hour change: -8.27%
Price: 0.346225
Rank: 367
Total Supply: 100000000.0
Volume: 1213620.… https://t.co/fbmQlqM2Xc",name bodhi symbol bot 24 hour change 827 price 0346225 rank 367 total supply 1000000000 volume 1213620,0
1993,SPX down another 20 points from the close.  10yr yield below 2.80.  Gold is flying.  Bitcoin is tanking.  Markets a… https://t.co/QDXcHxT8wN,spx down another 20 points from the close 10yr yield below 280 gold is flying bitcoin is tanking markets a,0
3959,"Public Relations Account Supervisor - Wachsman ( New York City, United States )  - [ ➡ https://t.co/iH7FRnBRYS ]… https://t.co/H3mWhYJDzd",public relations account supervisor wachsman new york city united states,1
798,"#News via #FOX ""https://t.co/010bRhpVwm CEO: Main event of bitcoin is blockchain"" https://t.co/qwfXFaf5hL https://t.co/cuSuulEO9M",via ceo main event of bitcoin is blockchain,1
3619,LTCUSD: still down to 110-113 #bitcoin · Trade $LTCUSD with up to 5x leverage: https://t.co/fKWAkgzyKk https://t.co/loQakIpmGh,ltcusd still down to 110113 trade ltcusd with up to 5x leverage,0
2036,New #bitcoin block 000000000000000000302f93f324f3ff181ef7b90b0fa362e598a4282359d8b9 mined at height 514766.,new block 000000000000000000302f93f324f3ff181ef7b90b0fa362e598a4282359d8b9 mined at height 514766,1
2926,Watch Best Cryptocurrency Exchange – Bitcoin Trading Websites https://t.co/d3zo1mFgEs,watch best cryptocurrency exchange bitcoin trading websites,1
2951,"Name: Modum
Symbol: MOD
24 hour change: -14.14%
Price: 2.17959
Rank: 198
Total Supply: 27266200.0
Volume: 1724890.0… https://t.co/gYIP1EXfaB",name modum symbol mod 24 hour change 1414 price 217959 rank 198 total supply 272662000 volume 17248900,0
5421,"@asadachimann Bitcoin Gold (Bitcoin Gold) do  become popularity ^&amp;^ seemly new expensive, but You still donТt own i… https://t.co/QMF9JMKyWo",bitcoin gold bitcoin gold do become popularity seemly new expensive but you still dont own i,1
1535,"Name: Edgeless
Symbol: EDG
24 hour change: -8.12%
Price: 0.730454
Rank: 147
Total Supply: 132046997.0
Volume: 10166… https://t.co/BzpiqMM3AG",name edgeless symbol edg 24 hour change 812 price 0730454 rank 147 total supply 1320469970 volume 10166,0
1813,#Free #Cryptocurrency at @earncryptocom #BTC #ETH #LTC #XLM #ADA https://t.co/Uew24K2HJk $DAR $BTCD $QWARK #Free… https://t.co/PaZNLdyCUe,at dar btcd qwark,1
2329,PR: Smooth Encrypt Social Software – a Miracle Based on Blockchain #bitcoin .. https://t.co/U1u4Dnt0Pu,pr smooth encrypt social software a miracle based on blockchain,1
3422,"Free #DASH Every 24 hours!

https://t.co/qzXyAgrhZN

It's so EASY: just SIGN UP and you're DONE!!! #ad 

#FreeDASH… https://t.co/nD1vToQbya",free every 24 hours its so easy just sign up and youre done,1
849,RT @BoutsPro: Athletes spend their lives training and competing. BoutsPro values their hard work and commits itself to their upliftment.…,athletes spend their lives training and competing boutspro values their hard work and commits itself to their upliftment,0
5621,Bitcoin Gold (CRYPTO:BTG) Trading Down 8.1% This Week https://t.co/vO6vHABQbi,bitcoin gold cryptobtg trading down 81 this week,0
2352,US Court Shuts Down Promoters of Three Deceptive Crypto Schemes #bitcoin .. https://t.co/pH10ZwQb1z,us court shuts down promoters of three deceptive crypto schemes,0
3516,"Name: Santiment Network Token
Symbol: SAN
24 hour change: -13.85%
Price: 1.23635
Rank: 128
Total Supply: 83337000.0… https://t.co/wVjwMmKwBB",name santiment network token symbol san 24 hour change 1385 price 123635 rank 128 total supply 833370000,0
4190,Drive figure set national when single space receive treatment side would strong director #Bitcoin,drive figure set national when single space receive treatment side would strong director,0
2881,#Bitcoin #price: 8655.14$. Low: 8624.23$  High: 9233.79$. Trade @hitbtc https://t.co/lkwFHD0CoV $btc #cryptocurrency,865514 low 862423 high 923379 trade btc,1
5395,"Name: Metaverse ETP
Symbol: ETP
24 hour change: -10.64%
Price: 0.896489
Rank: 218
Total Supply: 57380446.0
Volume:… https://t.co/adNqCNvm8U",name metaverse etp symbol etp 24 hour change 1064 price 0896489 rank 218 total supply 573804460 volume,0
3417,"In some cases, virtual securities are shares and give right to vote for investment initiatives in the organization… https://t.co/IF2ujIC03H",in some cases virtual securities are shares and give right to vote for investment initiatives in the organization,1
1089,"Bitcoin Q&amp;A: HODLing and the ""get free"" scheme https://t.co/BjCclRIUTK",bitcoin qa hodling and the get free scheme,1
898,"Bitcoin $BTC price is: $8650.44 

Binance registration is now OPEN for limited time! 💸 😊  

➡️… https://t.co/60DVpsiba4",bitcoin btc price is 865044 binance registration is now open for limited time,0
292,"Name: Groestlcoin
Symbol: GRS
24 hour change: -17.18%
Price: 0.457359
Rank: 225
Total Supply: 69678394.0
Volume: 12… https://t.co/mdMC2ujmqQ",name groestlcoin symbol grs 24 hour change 1718 price 0457359 rank 225 total supply 696783940 volume 12,0
2045,"Name: Triggers
Symbol: TRIG
24 hour change: -11.67%
Price: 0.921134
Rank: 238
Total Supply: 32105578.0
Volume: 4136… https://t.co/a3EFSx5XCL",name triggers symbol trig 24 hour change 1167 price 0921134 rank 238 total supply 321055780 volume 4136,0
2932,"Bitcoin Private (BTCP Token): Legit Crypto Coin From Bitcoin Hard Fork? https://t.co/pWYHqA9iaU

With the advent of… https://t.co/GemCJxtZOt",bitcoin private btcp token legit crypto coin from bitcoin hard fork with the advent of,0
4884,"Current #crypto prices on #Bittrex:

#Bitcoin at $8,400, down -7.0%.
#Ethereum at $521, down -8.2%.
#Ripple at $0.6… https://t.co/1WcdVrq2wC",current prices on at 8400 down 70 at 521 down 82 at 06,0
1611,"Love John Oliver but he sounded super dumb talking #crypto! #uneducated #eth #Bitcoin #altcoin 

https://t.co/8kUm5fjp1x",love john oliver but he sounded super dumb talking,1
5299,RT @MAVRO_COIN: The future of the MLM industry will never be the same! Learn more at https://t.co/vMlDrljG9z! #Mavro #cryptocurrency #block…,the future of the mlm industry will never be the same learn more at,1
1942,"RT @voxeltoken: Voxel Token Airdrop Registration Form! Round #1! ($10)
Re-tweet and tweet us your MEW for a bonus!
Random re-tweet will get…",voxel token airdrop registration form round 10 retweet and tweet us your mew for a bonus random retweet will get,0
3493,"Find Real BTC Rewards Roaming 3,000 Levels in New Japanese Mobile Game #bitcoin .. https://t.co/yDuonGcJxN",find real btc rewards roaming 3000 levels in new japanese mobile game,0
95,#XEM Price is 0.00003276 (-0.00000010) #BTC / 0.275143 (-0.00148) #USD. Market rank is 13. #nem #bitcoin #blockchain,price is 000003276 000000010 0275143 000148 market rank is 13,0
5302,"Consumer acquisition strategies include rewarding users (in PDATA tokens) for joining the platform. 
 #Crypto… https://t.co/LLuNKBTPyI",consumer acquisition strategies include rewarding users in pdata tokens for joining the platform,1
912,RT @OnWindowly: Nice!!! Thanks for making this! https://t.co/R3rZtBd9Ip,nice thanks for making this,1
3648,"VeChain Price Retakes the $4 Level Thanks to Lbank’s Trading Volume https://t.co/3cZKwgxuGj 
#newsoftheweek… https://t.co/spYZFVxKVc",vechain price retakes the 4 level thanks to lbanks trading volume,1
4920,1 Bitcoin Cash = 1007.59 USD. BCH has changed by -9.44 USD in 30 mins. Live price: https://t.co/SlFyfFfYJp #bitcoin #bch #cryptocurrency,1 bitcoin cash 100759 usd bch has changed by 944 usd in 30 mins live price,1
4637,"RT @crypto_vixen: If bitcoin is a bubble, which i don't think it is, and it does ""burst"" at least i will still be around to entertain you a…",if bitcoin is a bubble which i dont think it is and it does burst at least i will still be around to entertain you a,0
5734,"Name: Matchpool
Symbol: GUP
24 hour change: -6.44%
Price: 0.200205
Rank: 355
Total Supply: 98855150.0
Volume: 30993… https://t.co/f91S1aTY0Q",name matchpool symbol gup 24 hour change 644 price 0200205 rank 355 total supply 988551500 volume 30993,0
2373,RT @TheNextWeb: Pablo Escobar’s brother has launched his own cryptocurrency: Diet Bitcoin https://t.co/fVwRfgLZjD,pablo escobars brother has launched his own cryptocurrency diet bitcoin,1
4910,@PaulDeBitcoin @derekmagill That's not what your Core masters think though. They are in the game only for it. That'… https://t.co/Q3wmitLyHG,thats not what your core masters think though they are in the game only for it that,0
1485,Number partner control we ahead head hotel fact call card court indicate many ask #Bitcoin,number partner control we ahead head hotel fact call card court indicate many ask,0
1879,"RT @NotDickChaney: Sounds to me like @BillGates and big banks are afraid of #bitcoin, and are trying to stop something he once said was ""un…",sounds to me like and big banks are afraid of and are trying to stop something he once said was un,0
2796,"RT @BryanDoreian: Sneak peak of the new #PIVX wallet!

#zPoS #POS3 #zPIV #proofofstake #crypto #bitcoin #blockchain #purple #community #zer…",sneak peak of the new wallet,1
2563,"@TsunKingFenris @stillgray Well, it literally translates to ""The Secret Masculinities of Gender, Bitcoin and Altcoi… https://t.co/WWY6Jb8o4O",well it literally translates to the secret masculinities of gender bitcoin and altcoi,0
1915,#Investing 70.2% in this optimal #crypto portfolio and 29.8% #cash in the past 30 days would have given you a 2.7%… https://t.co/Ej9RjXxoNq,702 in this optimal portfolio and 298 in the past 30 days would have given you a 27,0
2052,Cool (older 2013) Bitcoin hip-hop track. Not sure how I missed this. Pretty dope. https://t.co/GQxxFJAw59 https://t.co/oftJGRj7AP,cool older 2013 bitcoin hiphop track not sure how i missed this pretty dope,1
5195,RT @MetatronInc: $MRNJ Bitcoin on the rise…Invest Direct https://t.co/IK8dNNR2Ms…Remember Amazon/Google/Apple?…this is still the first inni…,mrnj bitcoin on the riseinvest direct amazongoogleapplethis is still the first inni,1
1422,"Want to keep up to date in $Crypto ? 
Join my free Telegram channel and receive news, TA, thoughts and ideas on… https://t.co/L17kEl3t4d",want to keep up to date in crypto join my free telegram channel and receive news ta thoughts and ideas on,1
696,#bitcoin #cryptocurrency #EEUU #spain #22mar #ElPetroEstaBlindado see the last new of bitcoin is gin to the moon https://t.co/wfX2tAx4Rn  45,see the last new of bitcoin is gin to the moon 45,1
4537,Snowden: The NSA Is Hunting Down Senders And Receivers Of Bitcoin https://t.co/4NgKyVpdhv,snowden the nsa is hunting down senders and receivers of bitcoin,0
1123,"Name: BlockMason Credit Protocol
Symbol: BCPT
24 hour change: -12.58%
Price: 0.468359
Rank: 222
Total Supply: 11615… https://t.co/v3uJC33wxd",name blockmason credit protocol symbol bcpt 24 hour change 1258 price 0468359 rank 222 total supply 11615,0
4904,Louis Chevrolet Watch Company lance le Chrono-Tour Bitcoin Special Edition https://t.co/1TtZ9ienjd,louis chevrolet watch company lance le chronotour bitcoin special edition,1
2687,RT @nikzh: A great talk by @emilolden on colored coins on Bitcoin Cash at @Satoshis_Vision. @Blockchair will definitely support that. By th…,a great talk by on colored coins on bitcoin cash at will definitely support that by th,1
1218,"Name: Centra
Symbol: CTR
24 hour change: -5.48%
Price: 0.44705
Rank: 232
Total Supply: 98272765.0
Volume: 14718700.… https://t.co/6QX2frA6CH",name centra symbol ctr 24 hour change 548 price 044705 rank 232 total supply 982727650 volume 14718700,0
89,Silver Bitcoin Commemorative Round Collectors Coin Bit Coin is Silver Plated https://t.co/4up5DNnFuQ https://t.co/pZ4TjkCCgN,silver bitcoin commemorative round collectors coin bit coin is silver plated,0
795,"Bitcoin Times https://t.co/JKS2Pzb1qF - top stories by @PolyCoins, @damianicash, @jhonblockchain",bitcoin times top stories by,1
4072,"RT @way28bdm: Bear's Target still stands. We most probably going to early $8K before going up up up!! 

#Bitcoin $BTC 

The repetition of ""…",bears target still stands we most probably going to early 8k before going up up up btc the repetition of,1
2941,"Name: Everex
Symbol: EVX
24 hour change: -9.4%
Price: 1.24402
Rank: 284
Total Supply: 25000000.0
Volume: 2539270.0… https://t.co/hMEhwqb9fM",name everex symbol evx 24 hour change 94 price 124402 rank 284 total supply 250000000 volume 25392700,0
4110,You might be the type of person who is really curious about blockchain technology but may not be into the hype behi… https://t.co/JpfmsT6hwE,you might be the type of person who is really curious about blockchain technology but may not be into the hype behi,0
879,"Bitcoin Price Breaks $9,000, Doesn’t Stay For Long https://t.co/oqbq4LTSyZ $BTC #blockchain #bitcoin $ETH",bitcoin price breaks 9000 doesnt stay for long btc eth,0
3123,Bitcoin Traffic - Get HQ Traffic from Forex Directory! Get a limited listing + an exclusive advertising campaign th… https://t.co/dG13I4ZPI3,bitcoin traffic get hq traffic from forex directory get a limited listing an exclusive advertising caign th,0
1092,"You blelive it or not, Jack Dorsey expects bitcoin to become the world's 'single currency' in about 10 years https://t.co/4hqlJfJqR5",you blelive it or not jack dorsey expects bitcoin to become the worlds single currency in about 10 years,0
4052,RT @haitech: Companies might do a better service to its customers with #PDATA! It is highly possible IMO!       https://t.co/CbW1CYa7sA  ht…,companies might do a better service to its customers with it is highly possible imo ht,1
345,Director-Software Architecture - Moody s Corporation - [ 📋 More Info  https://t.co/VM95kePo3t ] #IoT #crypto… https://t.co/rpdNF1MbsC,directorsoftware architecture moody s corporation more info,1
2300,"More about @XYOracleNetwork - https://t.co/R72wWoecxO

#XYO #geolocation #Crypto #Blockchain #ether #ethereum… https://t.co/kSCeUxcdqR",more about,1
2458,"Name: Steem Dollars
Symbol: SBD
24 hour change: -10.46%
Price: 2.05669
Rank: 266
Total Supply: 10952588.0
Volume: 2… https://t.co/pVPXVUwduI",name steem dollars symbol sbd 24 hour change 1046 price 205669 rank 266 total supply 109525880 volume 2,0
3160,"@coinlerinkrali Bitcoin Gold (Bitcoin-Gold) go becomes best news ^&amp;^ becoming other expensive, but You still donТt… https://t.co/xcGpyKbsWX",bitcoin gold bitcoingold go becomes best news becoming other expensive but you still dont,1
782,"RT @joeytrend: #bitcoin, #ethereum, and #Litecoin will live on forever! Spread the word! Our communities are strong! United we stand for th…",and will live on forever spread the word our communities are strong united we stand for th,1
1835,There is a Threat Lurking Online with the Power to Destroy Your Fi https://t.co/pjTJ8yJeI2 #Cybersecurity #Bitcoin https://t.co/ar5tKRYxdt,there is a threat lurking online with the power to destroy your fi,0
3421,"I’d invest in bitcoin &amp; betting money for every big time game lol , I’d do so much lmfao https://t.co/nxWxiAnYZ8",id invest in bitcoin betting money for every big time game lol id do so much lmfao,1
5663,#Canada gets world’s first major stock exchange #cryptocurrency desk! #Finance #Markets #Crypto #Bitcoin #Ethereum… https://t.co/g1JNEhRoT3,gets worlds first major stock exchange desk,1
5049,"Name: Matchpool
Symbol: GUP
24 hour change: -9.49%
Price: 0.194747
Rank: 352
Total Supply: 98855150.0
Volume: 30442… https://t.co/UIoZQeLfyK",name matchpool symbol gup 24 hour change 949 price 0194747 rank 352 total supply 988551500 volume 30442,0
989,"Name: Steem Dollars
Symbol: SBD
24 hour change: -6.42%
Price: 2.16831
Rank: 263
Total Supply: 10945152.0
Volume: 18… https://t.co/G5SYEAVTFE",name steem dollars symbol sbd 24 hour change 642 price 216831 rank 263 total supply 109451520 volume 18,0
3793,RT @atudor27: “@SocialPlastic can be the new #bitcoin but for the earth.” @DavidKatzPB at #think2018 Learn more about the work @PlasticBank…,can be the new but for the earth at learn more about the work,1
684,"Name: Raiden Network Token
Symbol: RDN
24 hour change: -13.18%
Price: 1.49542
Rank: 129
Total Supply: 100000000.0
V… https://t.co/Pa61KsdfEC",name raiden network token symbol rdn 24 hour change 1318 price 149542 rank 129 total supply 1000000000 v,0
1177,"Most underappreciated characterisric of Bitcoin:

1) Anonymous Founder
2) Limited Supply",most underappreciated characterisric of bitcoin 1 anonymous founder 2 limited supply,1
4723,"Alert: New symbol: /SI was added to SHORT ENTRY (silver). March 23, 2018 at 03:52AM #Futures #Silver #Oil #NatGas… https://t.co/bgz3NI3UAV",alert new symbol si was added to short entry silver march 23 2018 at 0352am,1
4149,Monthly Web Traffic for Major #Bitcoin Exchanges Falls by Half: Markets and Costs The… https://t.co/58ra2r86J7,monthly web traffic for major exchanges falls by half markets and costs the,0
595,Bitcoin and the slow ride. Price is taking the long way.: https://t.co/E41fSEoyEY via @YouTube,bitcoin and the slow ride price is taking the long way via,0
4957,"RT @Melt_Dem: the responses to this thread are so sad. “satoshi could have never been a woman!”

grow up. it’s 2018 and 50% of our planet’s…",the responses to this thread are so sad satoshi could have never been a woman grow up its 2018 and 50 of our planets,0
4413,"RT @DocumentTailor: By using the #DocTailor platform, you'll be able to access an #unlimited database of clauses for creating custom made #…",by using the platform youll be able to access an database of clauses for creating custom made,1
943,"RT @MoBeetel_co: I just published “In Germany, Bitcoin Is Now Legal Tender” https://t.co/MjnTHAFQ4P",i just published in germany bitcoin is now legal tender,1
3910,"Name: Arcblock
Symbol: ABT
24 hour change: -12.88%
Price: 0.68892
Rank: 141
Total Supply: 186000000.0
Volume: 46303… https://t.co/Y9qak50L2k",name arcblock symbol abt 24 hour change 1288 price 068892 rank 141 total supply 1860000000 volume 46303,0
967,Could #Bitcoin And Gold Benefit From Weakness In The Stock #Market?: Stocks have encountered some notable volatilit… https://t.co/W4R9F3HcxT,could and gold benefit from weakness in the stock stocks have encountered some notable volatilit,1
1597,"S
n
a
p
s
h
o
t
(
A
l
g
o
r
i
t
h
m
i
c
t
r
a
d
i
n
g
:
​
Exposure
to
an
algorithm
that
has
consistently
outpaced
B… https://t.co/NhAphiA4ms",s n a p s h o t a l g o r i t h m i c t r a d i n g exposure to an algorithm that has consistently outpaced b,1
718,Turn your Raspberry Pi into your very own secret agent toolbox wit https://t.co/s6iihShVdk #Cybersecurity #Bitcoin https://t.co/dNUEawZUMR,turn your raspberry pi into your very own secret agent toolbox wit,1
2544,"RT @rogerkver: Thanks to @MoneyToken Bitcoin Cash holders can leverage their BCH holdings into spending cash, while continuing to hold thei…",thanks to bitcoin cash holders can leverage their bch holdings into spending cash while continuing to hold thei,1
2216,"In other news.
Robert Escobar, brother of drug lord Pablo Escobar, has announced he is launching a cryptocurrency c… https://t.co/9Yc9VxUs34",in other news robert escobar brother of drug lord pablo escobar has announced he is launching a cryptocurrency c,0
1159,"@AlinaYurchenko8 Bitcoin BTG (Bitcoin-Gold) is become popular also fitting added expensive, only You still donТt ho… https://t.co/HfFEKWvKJY",bitcoin btg bitcoingold is become popular also fitting added expensive only you still dont ho,1
3797,How to Earn Bitcoin for Free Without Investment [How to Earn Bitcoin 201... https://t.co/ySujRpiwLK via @YouTube,how to earn bitcoin for free without investment how to earn bitcoin 201 via,1
2956,"@2798614e603147e Bitcoin BTG (BTG) is becomes popularity ^&amp;^ attractive new expensive, only Your still donТt own it… https://t.co/DsYArUJ7Gv",bitcoin btg btg is becomes popularity attractive new expensive only your still dont own it,1
4432,RT @cadyvoge: Curious if and how people are living from bitcoin and other cryptocurrencies? Check out my piece in @WIRED about how they’re…,curious if and how people are living from bitcoin and other cryptocurrencies check out my piece in about how theyre,0
495,"@SharesChain Bitcoin -Gold (Bitcoin Gold) and become popular &amp; right extra expensive, simply Your still donТt hold… https://t.co/lwYj19mpUS",bitcoin gold bitcoin gold and become popular right extra expensive simply your still dont hold,1
1633,"@CryptoTriniti Bitcoin BTG(OFFICIAL) (BTG) go gaining popularity and becoming other expensive, just Your still donТ… https://t.co/42obI86Wcf",bitcoin btgofficial btg go gaining popularity and becoming other expensive just your still don,0
4980,@ssohanurrahman2 what price did you first get into Bitcoin at?,what price did you first get into bitcoin at,1
2002,"Name: Matchpool
Symbol: GUP
24 hour change: -14.09%
Price: 0.189283
Rank: 359
Total Supply: 98855150.0
Volume: 2699… https://t.co/8PFsoFKtJR",name matchpool symbol gup 24 hour change 1409 price 0189283 rank 359 total supply 988551500 volume 2699,0
3055,"RT @obizcoin: Join OBIZCOIN Group Telegram More than 6800 members at the moment. Don't miss out! Join Here- https://t.co/i0fwtSPWip
#Token…",join obizcoin group telegram more than 6800 members at the moment dont miss out join here,1
115,Akaiito team is glad to share with You comments and emotions after Blockchain and Bitcoin Conference visit in Talli… https://t.co/3dOO57q2E5,akaiito team is glad to share with you comments and emotions after blockchain and bitcoin conference visit in talli,1
247,RT @BenSwann_: . @coinbase issued a written testimony to the #US #congress stating that no new regulatory authority is needed and that “fed…,issued a written testimony to the stating that no new regulatory authority is needed and that fed,0
850,"RT @bitxapp: Current #crypto prices on #Bittrex:

#Bitcoin at $8,410, down -6.9%.
#Ethereum at $520, down -8.6%.
#Ripple at $0.63, down -7.…",current prices on at 8410 down 69 at 520 down 86 at 063 down 7,0
4907,"RT @city_bitcoin: They are working with banks &amp; Wall Street firms on this because they are afraid of Cryptos, especially Ethereum. Smart Co…",they are working with banks wall street firms on this because they are afraid of cryptos especially ethereum smart co,0
1391,#Bitcoin latest news: Bitcoin falls after Japan warns largest operator https://t.co/Ql8cEcRHhe,latest news bitcoin falls after japan warns largest operator,1
5230,"Pullback Ahead? Bitcoin Hits Stiff Resistance at $9K: The bulls' failure to beat resistance around $9,000 in a conv… https://t.co/yFvSzvsDPa",pullback ahead bitcoin hits stiff resistance at 9k the bulls failure to beat resistance around 9000 in a conv,0
150,@Twitter CEO Jack Dorsey has said that #bitcoin will become the world's single currency in 10years #SocialMediaNews… https://t.co/0ijSGIWRMf,ceo jack dorsey has said that will become the worlds single currency in 10years,0
3178,"RT @BenSwann_: Had a great interview with Tom and Liam of the Beyond #Bitcoin Team, and talking about the power of #dashpay to help decentr…",had a great interview with tom and liam of the beyond team and talking about the power of to help decentr,1
2497,"Great success are with this bitcoin token team are very active on promoting the token. Visit our new website 
Web:… https://t.co/O03TLN9mHw",great success are with this bitcoin token team are very active on promoting the token visit our new website web,1
1548,"RT @DrewProf: This is wild! 

""But as of this writing, Mt. Gox has enough assets to pay off its claims with more than $1.4 billion worth of…",this is wild but as of this writing mt gox has enough assets to pay off its claims with more than 14 billion worth of,1
180,"RT @plamb: #Bitcoin is falling out of favor on the dark web,https://t.co/xR77STREEu",is falling out of favor on the dark web,0
2101,"Name: Groestlcoin
Symbol: GRS
24 hour change: -17.84%
Price: 0.45334
Rank: 225
Total Supply: 69678479.0
Volume: 126… https://t.co/O25w0hisUE",name groestlcoin symbol grs 24 hour change 1784 price 045334 rank 225 total supply 696784790 volume 126,0
3323,"RT @Bitcoin: As was predicted by many, the topology of the Lightning Network is turning into a centralized hub-and-spoke model, rather than…",as was predicted by many the topology of the lightning network is turning into a centralized hubandspoke model rather than,1
3166,Absolutely! https://t.co/Blhg2LUrMR,absolutely,1
5755,"So this is the plan. Spread some fake news when #bitcoin rises so all the fools sell and we collect
#BTC",so this is the plan spread some fake news when rises so all the fools sell and we collect,0
2113,BTC USD Long https://t.co/ObCGwmWJ43 $btcusd #bitcoin trade at Bitmex: https://t.co/Knes8yZNnO Binance: https://t.co/HayqA8Aim7,btc usd long btcusd trade at bitmex binance,0
1719,"Free #BitcoinCash 

https://t.co/qzXyAgrhZN

Every 24 hours!

It's so EASY: just SIGN UP and you're DONE!!! #ad

Ea… https://t.co/c6ZDPB1Jjk",free every 24 hours its so easy just sign up and youre done ea,1
1424,"@CariBitcoin Bitcoin BTG(OFFICIAL) (Bitcoin-Gold) a becomes popularity &amp; seemly other expensive, marely Your still… https://t.co/Dg9M6Zqu50",bitcoin btgofficial bitcoingold a becomes popularity seemly other expensive marely your still,0
4894,"@Crypto_Lover321 Hey Bitcoin.
sorry to trouble you cause you’re an enthusiast, what do you think on this project… https://t.co/nUucohZlov",hey bitcoin sorry to trouble you cause youre an enthusiast what do you think on this project,0
5580,Bitfury-Backed Bitcoin Miner Secures Canadian Land Deal: Bitfury-backed Hut 8 Mining Corp has secured a new headqua… https://t.co/WDfeyUlGvm,bitfurybacked bitcoin miner secures canadian land deal bitfurybacked hut 8 mining corp has secured a new headqua,1
936,Interesting insight on #SEO and #SMM https://t.co/ApHDDeHlkH,interesting insight on and,1
3351,The latest The VaperPix Daily! https://t.co/KclXypkyJb Thanks to @EquityInsightCA @iamSamsterdam #bitcoin,the latest the vaperpix daily thanks to,1
957,"RT @ebitToken: Dear #bountyhunters 💸 , Here we go again with an other #Exclusive #Giveaway 5000 @bitcoin_token 🎁 : 

1 - FOLLOW 
3 - RETWEE…",dear here we go again with an other 5000 1 follow 3 retwee,0
1908,What Does the Dow Jones Toppling Mean for Cryptocurrencies?: There were… https://t.co/EufqN1aJiW #bitcoin #crypto,what does the dow jones toppling mean for cryptocurrencies there were,0
1723,"Let's gamble a bit 🤑 Moved a little bit of my #bitcoin to have fun 💥

Well worth it and a nice little #profit 😎

Ar… https://t.co/vc1SfboQIr",lets gamble a bit moved a little bit of my to have fun well worth it and a nice little ar,1
3590,"More details of """"LODE"""" from herehttps://goo.gl/riu4bz

#ico #lode #project #gold #trading #investment #crypto… https://t.co/Wtv7HRzK7y",more details of lode from here,1
2144,Really gooood! https://t.co/LaHHrb9RMP,really gooood,1
1306,"1: Bitcoin average price is $8421.7 (-0.73% 1h)
2: Ethereum average price is $516.656 (-0.91% 1h)
3: Ripple average… https://t.co/exLokEkGv6",1 bitcoin average price is 84217 073 1h 2 ethereum average price is 516656 091 1h 3 ripple average,0
2201,"@JoeManzanares Bitcoin -Gold (Bitcoin Gold) are becomes best news also fitting new expensive, just You still donТt… https://t.co/7qTpKHGa0O",bitcoin gold bitcoin gold are becomes best news also fitting new expensive just you still dont,1
1788,Your ability prepare among evening imagine conference necessary #Bitcoin,your ability prepare among evening imagine conference necessary,1
3183,"Australia First, Hong Kong Next? World’s 6th Largest Stock Exchange Eyes Blockchain #bitcoin .. https://t.co/EEgR0giyQ2",australia first hong kong next worlds 6th largest stock exchange eyes blockchain,1
2979,"Feeling Hungry🍔 Asf For Some Sick #Bitcoin Gains? We Got Your Back!

1 - 100x Leverage ✅

▶️… https://t.co/2igQhuqurV",feeling hungry asf for some sick gains we got your back 1 100x leverage,0
5550,"425 #Bitcoin mined since last tweet.
 
 It represents $3,587,425 (At $8,441 per $BTC #BTC) 
 New Supply: 16,934,575 
 Progress: 80.64 %",425 mined since last tweet it represents 3587425 at 8441 per btc new supply 16934575 progress 8064,1
4409,#EOS Price is 0.00078344 (+0.00000327) #BTC / 6.57491 (+0.05265) #USD. Market rank is 6. #eos #bitcoin #blockchain,price is 000078344 000000327 657491 005265 market rank is 6,0
3254,How can an information security professional keep up with all of t https://t.co/MAO4A47v2V #Cybersecurity #Bitcoin https://t.co/0IZgbuepT0,how can an information security professional keep up with all of t,1
4214,"Name: Arcblock
Symbol: ABT
24 hour change: -12.68%
Price: 0.690876
Rank: 143
Total Supply: 186000000.0
Volume: 4611… https://t.co/RMzidF0rc1",name arcblock symbol abt 24 hour change 1268 price 0690876 rank 143 total supply 1860000000 volume 4611,0
1246,@cz_binance CZ can you please add BItcoin Private. It adds exatly THE feutures that are missing in Bitcoin,cz can you please add bitcoin private it adds exatly the feutures that are missing in bitcoin,0
1935,"Name: Asch
Symbol: XAS
24 hour change: -11.06%
Price: 0.725033
Rank: 143
Total Supply: 114855331.0
Volume: 4965910.… https://t.co/5ileRRbZsu",name asch symbol xas 24 hour change 1106 price 0725033 rank 143 total supply 1148553310 volume 4965910,0
1061,"Name: Steem Dollars
Symbol: SBD
24 hour change: -9.86%
Price: 2.09306
Rank: 266
Total Supply: 10949645.0
Volume: 25… https://t.co/PsHdprLjVS",name steem dollars symbol sbd 24 hour change 986 price 209306 rank 266 total supply 109496450 volume 25,0
2139,"RT @Forex_hyip1: #forex good Broker with free Bouns Join On  https://t.co/WlPyRcbQH3  Open On and trade  https://t.co/WlPyRcbQH3
#forextrad…",good broker with free bouns join on open on and trade,1
4652,Giza ICO scammer run off with more than $2 million after... #bitcoin .. https://t.co/otcZEDEdw3,giza ico scammer run off with more than 2 million after,1
2725,"You just mentioned a keyword ""EOS"":the world's greatest https://t.co/bD7fUv3DUS",you just mentioned a keyword eosthe worlds greatest,1
63,The Blockchain Platform that Makes Irritating Pop-ups Obsolete #bitcoin .. https://t.co/qYN6GDwLxb,the blockchain platform that makes irritating popups obsolete,0
4323,"Airdrop from M:
Get free 500 token VLC
https://t.co/3ggSGDpj1T
#airdrop #bounty #free #ICO #tokens #erc20 #Crypto… https://t.co/A654hkMvix",airdrop from m get free 500 token vlc,1
4051,@saifedean @pierre_rochard Capitalism on the other hand steals everyone elses gold. Karl Marx was one of capitalism… https://t.co/7JWNcs9ZI7,capitalism on the other hand steals everyone elses gold karl marx was one of capitalism,0
5198,Twitter CEO Jack Dorsey | Bitcoin Will Be The World's Single Currency-https://t.co/NX0Nxha5VD #altcoin #cryptocurrency #ethereum #blockchain,twitter ceo jack dorsey bitcoin will be the worlds single currency,0
2844,@PardonMyTake Are we still supporting bitcoin 2 gen now,are we still supporting bitcoin 2 gen now,1
4361,"Name: Blocktix
Symbol: TIX
24 hour change: -11.36%
Price: 0.347997
Rank: 366
Total Supply: 62500000.0
Volume: 10761… https://t.co/KzYCafvuhN",name blocktix symbol tix 24 hour change 1136 price 0347997 rank 366 total supply 625000000 volume 10761,0
3706,"New bitcoin report for block 514744, there were 5 transactions over $500,000 USD totaling $3,864,107 USD. Full repo… https://t.co/i8DERQZUjS",new bitcoin report for block 514744 there were 5 transactions over 500000 usd totaling 3864107 usd full repo,1
3612,How to win up to $200 in free Bitcoin without any investment https://t.co/eCdrFyQFv7,how to win up to 200 in free bitcoin without any investment,1
892,"RT @Cryptohxnter: Pour up (btfd), head shot (btfd), sit down (btfd), stand up (btfd), pass out (btfd), wake up (btfd), faded (btfd), faded…",pour up btfd head shot btfd sit down btfd stand up btfd pass out btfd wake up btfd faded btfd faded,0
576,Doctor Bitcoin | Monthly Web Traffic for Major Bitcoin Exchanges Falls by Half https://t.co/DS9eEriktp #RT #DrB,doctor bitcoin monthly web traffic for major bitcoin exchanges falls by half,0
4781,"The #Bitcoin pizza is worth $85,360,325 today. (-7% from yesterday)",the pizza is worth 85360325 today 7 from yesterday,1
1757,New #bitcoin block 00000000000000000032e872239890eb7c362c008137845b7dcefbdb66a4e7ce mined at height 514756.,new block 00000000000000000032e872239890eb7c362c008137845b7dcefbdb66a4e7ce mined at height 514756,1
1085,"Name: Everex
Symbol: EVX
24 hour change: -10.59%
Price: 1.24448
Rank: 284
Total Supply: 25000000.0
Volume: 2604220.… https://t.co/pVYjTonpQ6",name everex symbol evx 24 hour change 1059 price 124448 rank 284 total supply 250000000 volume 2604220,0
3280,"Bitcoin $BTC price is: $8432.81 

We verified that Binance is accepting new users! 💰 🙌  

➡️… https://t.co/dLqtMr0zA0",bitcoin btc price is 843281 we verified that binance is accepting new users,1
3949,#Opiria &amp; #PDATA #token create an #ecosystem for the secure trading of personal data #Crypto #Blockchain #PDATA… https://t.co/pbXbBfaefQ,create an for the secure trading of personal data,1
1057,Word Of Mouth Marketing Is A Powerful Tool For Bitcoin Companies. [https://t.co/48e2BGqAEu] https://t.co/rZSvOuohZW,word of mouth marketing is a powerful tool for bitcoin companies,1
2973,"So fucking sick of this market.

#cryptocurrency #crypto #BTC #bitcoin",so fucking sick of this market,0
1370,Bitcoin long wait - BTCUSD TradingView https://t.co/xzTm7XhR2R,bitcoin long wait btcusd tradingview,0
841,@mrupsys @alistairmilne So now bitcoin is an indication of intellectual ability?,so now bitcoin is an indication of intellectual ability,1
2596,"Name: BlockMason Credit Protocol
Symbol: BCPT
24 hour change: -9.41%
Price: 0.494792
Rank: 220
Total Supply: 116158… https://t.co/swI9nsbmnL",name blockmason credit protocol symbol bcpt 24 hour change 941 price 0494792 rank 220 total supply 116158,0
2360,"Name: Modum
Symbol: MOD
24 hour change: -12.61%
Price: 2.20358
Rank: 195
Total Supply: 27266200.0
Volume: 1752780.0… https://t.co/FfD5IW4QIa",name modum symbol mod 24 hour change 1261 price 220358 rank 195 total supply 272662000 volume 17527800,0
2083,"#Bitcoin: 8484 USD -1.04 %
#Bitcoin 24h price high: 9025 USD
#Bitcoin all time high: 19666 USD
#BTC #ethereum #ETH… https://t.co/ixrmcALhm6",8484 usd 104 24h price high 9025 usd all time high 19666 usd,1
1082,"RT @athereum: @airdrops_io 5000 Athereum (ATH) Airdrop Round #1 for 5000 participants! ATH Giveaway!
1. Follow us at @athereum and retweet…",5000 athereum ath airdrop round for 5000 participants ath giveaway 1 follow us at and retweet,0
3151,From everywhere we hear about bitcoin and crypto currencies. But not  many people get involved in the technology ba… https://t.co/uraspkAWfd,from everywhere we hear about bitcoin and crypto currencies but not many people get involved in the technology ba,0
3550,"A well-rounded, accessible exposition of honeypots in wired and wi https://t.co/oZJtBU08fZ #Cybersecurity #Bitcoin https://t.co/m1uqGIZIzJ",a wellrounded accessible exposition of honeypots in wired and wi,1
2747,"RT @MoonLite_ICO: ""There are several reasons that make Moonlite stand out..."" A great article by Japan Today, follow this link to read and…",there are several reasons that make moonlite stand out a great article by japan today follow this link to read and,1
4987,"Name: Arcblock
Symbol: ABT
24 hour change: -8.82%
Price: 0.713653
Rank: 141
Total Supply: 186000000.0
Volume: 41705… https://t.co/xRyjjnN4xY",name arcblock symbol abt 24 hour change 882 price 0713653 rank 141 total supply 1860000000 volume 41705,0
4853,"Trading Bitcoin futures is already available on Real accounts
✅ Trade with 100% Trust in CME
✅ Trade also “Short”
✅… https://t.co/e4tRUWK8LF",trading bitcoin futures is already available on real accounts trade with 100 trust in cme trade also short,1
5475,"Bitcoin is showing signs of strength, but I’m still cautious.",bitcoin is showing signs of strength but im still cautious,1
3617,"Here’s a very good video on bitcoin guys, just watch it!",heres a very good video on bitcoin guys just watch it,1
2654,Excellent idea and a strong team. #FLOGmall is Strong Project. Millions of products for me and you. Check here… https://t.co/SD1iap2GGI,excellent idea and a strong team is strong project millions of products for me and you check here,1
3686,"Younger Americans are certainly the most enthusiastic about cryptocurrency! https://t.co/MNlbozVJzB

Younger Americ… https://t.co/U7nFsf3WON",younger americans are certainly the most enthusiastic about cryptocurrency younger americ,1
1801,RT @bitrewards: 🔥Why Do Bitcoin and Altcoin Prices Often Correlate? — new post on Medium: https://t.co/N64aLkooDV,why do bitcoin and altcoin prices often correlate new post on medium,1
5804,"@Cryptoskopia Bitcoin -Gold (Bitcoin-Gold) are becomes popularity &amp; right extra expensive, but Your still donТt hol… https://t.co/Hz7G6i44M6",bitcoin gold bitcoingold are becomes popularity right extra expensive but your still dont hol,0
1266,"Interested to understand why #Bitcoin increased so much in 2017? #Blockchain #FOMO #Bullish #WealthMigrate #WealthE 
https://t.co/EZYTj08YUl",interested to understand why increased so much in 2017,1
2589,"Name: Bread
Symbol: BRD
24 hour change: -10.22%
Price: 0.472256
Rank: 212
Total Supply: 88862718.0
Volume: 1423990.… https://t.co/4n8rHa106e",name bread symbol brd 24 hour change 1022 price 0472256 rank 212 total supply 888627180 volume 1423990,0
5121,"Smartphones Come to a New Level https://t.co/eIEtJXXvsG 
#newsoftheweek #Bitcoin #blockchain #crypto… https://t.co/jKvbsipxQP",smartphones come to a new level,1
4404,Icky https://t.co/BQUU2pNCUq,icky,0
1837,"Name: Metaverse ETP
Symbol: ETP
24 hour change: -9.81%
Price: 0.897682
Rank: 217
Total Supply: 57381081.0
Volume: 1… https://t.co/wrw6GvlpXv",name metaverse etp symbol etp 24 hour change 981 price 0897682 rank 217 total supply 573810810 volume 1,0
4366,Bitcoin news sentiment changed to Negative in the last hour #bitcoin #bitsmart,bitcoin news sentiment changed to negative in the last hour,0
1645,"RT @MAGARoseTaylor: It looks like the SEC has caught wind Bitcoin's popularity and now want to put regulations on it.

What are your though…",it looks like the sec has caught wind bitcoins popularity and now want to put regulations on it what are your though,0
5720,"@ElixiumCrypto Bitcoin BTG (BTG) and gaining popular and becoming new expensive, simply Your still donТt own it? Yo… https://t.co/PKwcd1cYyv",bitcoin btg btg and gaining popular and becoming new expensive simply your still dont own it yo,1
2112,RT @abelardadam: Bitcoin Price Weekly Analysis – BTC/USD Breakdown is Real https://t.co/XNU0ufIIkd https://t.co/PL3dQzwqjv,bitcoin price weekly analysis btcusd breakdown is real,1
1149,I can barely remember AOL. Will #bitcoin still be around in 20 years time? #Crypto https://t.co/ZV8XSauigF,i can barely remember aol will still be around in 20 years time,1
1492,"Hurry Come see what's happening on my Premium snap RIGHT NOW!

🚨JOIN FOR ONLY $25 FOR LIFE🚨

⬇️Click here⬇️… https://t.co/MnKprADU5Q",hurry come see whats happening on my premium snap right now join for only 25 for life click here,1
869,@MarioCasanova99 @RichardHeartWin Seems more important for stocks than Bitcoin since Bitcoin loves to fake people o… https://t.co/MoqagcheDw,seems more important for stocks than bitcoin since bitcoin loves to fake people o,1
3608,"Name: Blocktix
Symbol: TIX
24 hour change: -12.35%
Price: 0.34162
Rank: 368
Total Supply: 62500000.0
Volume: 108356… https://t.co/s0Mp5Mcehm",name blocktix symbol tix 24 hour change 1235 price 034162 rank 368 total supply 625000000 volume 108356,0
2987,Bitcoin Slide | PROOF IT’S ALL GOOD | Don’t Worry – Be Happy https://t.co/7tD5NKGuG1,bitcoin slide proof its all good dont worry be happy,1
3382,It's not just me bleating about crypto tribalist and maximalists getting too militant about single coins or project… https://t.co/lnuARH6ue8,its not just me bleating about crypto tribalist and maximalists getting too militant about single coins or project,0
1465,"Positive thoughts = positive results
#millionairemindset #success #money2020 #bitcoin #entrepreneur #future… https://t.co/9vlLqyyCbO",positive thoughts positive results,1
5684,"Name: INS Ecosystem
Symbol: INS
24 hour change: -6.43%
Price: 1.19597
Rank: 221
Total Supply: 50000000.0
Volume: 84… https://t.co/YJUhDS9FbL",name ins ecosystem symbol ins 24 hour change 643 price 119597 rank 221 total supply 500000000 volume 84,0
1361,"Name: WaBi
Symbol: WABI
24 hour change: -6.65%
Price: 0.786934
Rank: 208
Total Supply: 99218023.0
Volume: 4379730.0… https://t.co/AkkMjSbCZi",name wabi symbol wabi 24 hour change 665 price 0786934 rank 208 total supply 992180230 volume 43797300,0
895,The average price of Bitcoin 8499.15 USD #bitcoin #btc #price https://t.co/BzPKIkGind,the average price of bitcoin 849915 usd,0
1706,RT @YahooFinance: Jack Dorsey: Bitcoin will become the world's 'single currency' https://t.co/1Fx9xdLAVx https://t.co/IYXVYk7t51,jack dorsey bitcoin will become the worlds single currency,0
1245,The end of  #bitcoin? German data scientists found illegal data in the bitcoin blockchain - https://t.co/GhUaV0HOtH,the end of german data scientists found illegal data in the bitcoin blockchain,0
1195,"@btccloud 
#BTC2 #Airdrop
Total Supply # 20M
4M Coins Will be Airdrop For Free
Limited to 10,000 
Airdrop Date 5 Ma… https://t.co/MbRM7gEkbC",total supply 20m 4m coins will be airdrop for free limited to 10000 airdrop date 5 ma,1
141,RT @lopp: @psycho_sage @naval Bitcoin is a game where everybody watches everybody else to make sure nobody cheats.,bitcoin is a game where everybody watches everybody else to make sure nobody cheats,1
4996,RT @disruptivelive: Julian Matossian from @watchguarduk is LIVE NOW - #TheCloudShow LIVE at Cloud Expo Europe 2018 - Day 2 #Cloud #InfoSec…,julian matossian from is live now live at cloud expo europe 2018 day 2,1
1901,"Google+ Bitcoin Cash community - A quality community was missing on Google+, hence this one for those that use the… https://t.co/bA8sXeOk0Y",google bitcoin cash community a quality community was missing on google hence this one for those that use the,0
361,"Name: Groestlcoin
Symbol: GRS
24 hour change: -16.89%
Price: 0.451569
Rank: 227
Total Supply: 69679214.0
Volume: 12… https://t.co/e9G4IJPj6Y",name groestlcoin symbol grs 24 hour change 1689 price 0451569 rank 227 total supply 696792140 volume 12,0
2902,"RT @VectorZilla: VectorZilla ICO Date Announcement!

Read more in our blog post: https://t.co/PxcM2HP0WN 

Sign up now: https://t.co/Ary3x7…",vectorzilla ico date announcement read more in our blog post sign up now,1
3801,"RT @TestyRecipes007: Pork and Black Bean Soup
For Android https://t.co/DJcDHU7NRM
For Iphone https://t.co/QJ5PoWGiQu
#Cavs #Botafogo #Bress…",pork and black bean soup for android for iphone,0
1752,"Name: SunContract
Symbol: SNC
24 hour change: -6.15%
Price: 0.18711
Rank: 281
Total Supply: 122707503.0
Volume: 457… https://t.co/sAfWKdk8TR",name suncontract symbol snc 24 hour change 615 price 018711 rank 281 total supply 1227075030 volume 457,0
504,India has emerged as a hub of the IT industry due to the phenomena https://t.co/WmERHmTllg #Cybersecurity #Bitcoin https://t.co/zkmkCmh8Wv,india has emerged as a hub of the it industry due to the phenomena,0
5712,"RT @RealAirdrop: NEW #AIRDROP 📢

#ScudoCash distributing 200 $SCH tokens to Telegram user.

➡ https://t.co/vIcA6HnXJW 🚀

GET 75 #SCH FOR EA…",new distributing 200 sch tokens to telegram user get 75 for ea,1
5466,"Bitcoin is bloody and beaten, but never out! WOOO!!!! https://t.co/nP1g50xa6t",bitcoin is bloody and beaten but never out wooo,0
2913,[07:45] #Volendam Start your #free #Bitcoin #mining #project with 1000 GH/s for free. https://t.co/goqYliqM9n https://t.co/jbfYdeijl2,0745 start your with 1000 ghs for free,1
4090,"Name: Everex
Symbol: EVX
24 hour change: -11.81%
Price: 1.22884
Rank: 285
Total Supply: 25000000.0
Volume: 2588980.… https://t.co/QyPo3K3GaG",name everex symbol evx 24 hour change 1181 price 122884 rank 285 total supply 250000000 volume 2588980,0
5191,Get paid every 3 mins for real? YES! #Bitfun #Bitcoin https://t.co/E0B2HUVm7o https://t.co/Xw77UfbgiH,get paid every 3 mins for real yes,1
4803,"Bitcoin Brief - Will This Be Final Dead Cat Bounce Before $7,500 Capitulation? #Crypto #TradeCrypto https://t.co/u9mUq6JIob",bitcoin brief will this be final dead cat bounce before 7500 capitulation,0
4117,"Name: WaBi
Symbol: WABI
24 hour change: -6.47%
Price: 0.786488
Rank: 210
Total Supply: 99218023.0
Volume: 4461830.0… https://t.co/2fhGLNZjZr",name wabi symbol wabi 24 hour change 647 price 0786488 rank 210 total supply 992180230 volume 44618300,0
3930,"RT @CloudMiningX: Use the code: HF18BDAY30 at purchase to get a 30% discount for all contracts. The offer is limited. 

10 Ghs = 0.84$
1000…",use the code hf18bday30 at purchase to get a 30 discount for all contracts the offer is limited 10 ghs 084 1000,0
4154,Bitcoin news sentiment changed to Positive in the last hour #bitcoin #bitsmart,bitcoin news sentiment changed to positive in the last hour,1
2461,Where could Bitcoin succeed as a currency? In a failed state. Curious if and how people are living from bitcoin and… https://t.co/zdsRjcoEUP,where could bitcoin succeed as a currency in a failed state curious if and how people are living from bitcoin and,0
139,How to keep Bitcoin safe  https://t.co/aCzOdean3U @contractium  @contractium_CEO https://t.co/nBqnnAaBja,how to keep bitcoin safe,1
3082,"“The more people that use bitcoin the more it’s worth, and this is the first time ever that the more saturated a ma… https://t.co/2k77LkShAm",the more people that use bitcoin the more its worth and this is the first time ever that the more saturated a ma,1
3940,RT @cz_binance: No need to worry.  Some negative news often turn out to be positive in the long term.  Chinese have… https://t.co/OxMphbIk6f,no need to worry some negative news often turn out to be positive in the long term chinese have,0
5738,RT @FEAR_RTs: Fancy mining Bitcoin for FREE with Minerfarm cloud farming I've been using this for a while now and it's great. Like &amp; Rt whe…,fancy mining bitcoin for free with minerfarm cloud farming ive been using this for a while now and its great like whe,1
4185,"Regarding the recent FUD about illegal content stored on Bitcoin's blockchain (and others), here is a paper elabora… https://t.co/tKFLIhLrrk",regarding the recent fud about illegal content stored on bitcoins blockchain and others here is a paper elabora,0
1730,"I'd like to buy an additional $100,000 in #bitcoin, so please go down. 

#BTC #BCH #LTC #ETH #XMR #ADA #NEO #XEM… https://t.co/zpnlDwET38",id like to buy an additional 100000 in so please go down,0
509,"coindesk: RT lopp: Indeed; I understand Bitcoin so poorly that I wrote a 3,000 word article about why that is the c… https://t.co/zKR2jnysLh",coindesk lopp indeed i understand bitcoin so poorly that i wrote a 3000 word article about why that is the c,0
3964,"@TheFuNk_TV @bstategames I mean, there are physical bitcoin irl, but it's just not a practical or common thing.",i mean there are physical bitcoin irl but its just not a practical or common thing,0
834,I feel like most of the stock drops are because of amerixan owned bitcoin owners though,i feel like most of the stock drops are because of amerixan owned bitcoin owners though,1
1290,"Name: https://t.co/0Ow97S63We Utility Token
Symbol: SXUT
24 hour change: -9.03%
Price: 0.265017
Rank: 510
Total Sup… https://t.co/cRJRxHUYjT",name utility token symbol sxut 24 hour change 903 price 0265017 rank 510 total sup,0
5148,RT @Jesuscoinico: The best crypto investors agree... https://t.co/qMGHE7oCrr,the best crypto investors agree,1
3544,RT @EddieDonovan: The latest Global CIO Daily! https://t.co/OCortKaCMA Thanks to @jwaxsom @B_J_Ryu @vicgri2 #crypto #bitcoin,the latest global cio daily thanks to,1
364,@solitaryflight_ @_Kevin_Pham @CacheBoi Not necessarily. If you and others start your own competing mining operatio… https://t.co/qt4zFai1hF,not necessarily if you and others start your own competing mining operatio,1
2886,"How the blockchain can be applied in healthcare https://t.co/LQN5R7hAcW

While Bitcoin and other cryptocurrencies f… https://t.co/3FBnIEpOan",how the blockchain can be applied in healthcare while bitcoin and other cryptocurrencies f,0
4626,"Thrive is going to guarantee all publishers to access the new marketplace with equal rights, with clear and transpa… https://t.co/r9Rv7eC0Po",thrive is going to guarantee all publishers to access the new marketplace with equal rights with clear and transpa,1
2569,"@DanDonCrypto Bitcoin Gold (Bitcoin Gold) a become popularity also apt extra expensive, but You still donТt hold it… https://t.co/PfeOfqE1rA",bitcoin gold bitcoin gold a become popularity also apt extra expensive but you still dont hold it,1
2043,"The war continues and a new, secret, front is emerging as a threat https://t.co/ypFMOX98uc #Cybersecurity #Bitcoin https://t.co/z95lNko5kn",the war continues and a new secret front is emerging as a threat,0
1439,"@cryptopricebot Bitcoin BTG (BTG) do  becomes popularity ^&amp;^ attractive new expensive, marely You still donТt own i… https://t.co/vl3mHkhYfr",bitcoin btg btg do becomes popularity attractive new expensive marely you still dont own i,1
2816,Ok but why are the hackers offering bulk deals like it’s Safeway? Do we also get some fuel points for this transact… https://t.co/mkMmwYHoIs,ok but why are the hackers offering bulk deals like its safeway do we also get some fuel points for this transact,1
3386,"RT @Wandering_being: Jed McCabe, Mt Gox and Ripple Make for a Less Than Stellar Crypto? Check out @HypedOnCrypto for an article to find out…",jed mccabe mt gox and ripple make for a less than stellar crypto check out for an article to find out,1
1155,"👉👉telegram: https://t.co/xIPKZzTuKH   👈👈 for more information #cryptocurrency , #Ethereum , #Blockchain , #Bitcoin,… https://t.co/TMUVrDtK8v",telegram for more information,1
5052,Ben is a chatbot that lets you learn about and buy #Bitcoin It’s generally a given that whenever a new technology t… https://t.co/sWccnL2tD2,ben is a chatbot that lets you learn about and buy its generally a given that whenever a new technology t,1
1075,"RT @luxcessgroup: About our SYSTEM! 

LUXCESS GROUP ! 🔥 We Are On Fire 🔥
CHECH NEW POST ON MEDIUM! 
        👇👇👇👇👇👇👇
➡️ https://t.co/ZoURgOV…",about our system luxcess group we are on fire chech new post on medium,1
1401,"@Meleern Bitcoin up 10%
- We're going to the moon! Lambos... BTC 1 million soon!!!
Bitcoin down 10%
- It's over wer… https://t.co/NMi2hgYMUM",bitcoin up 10 were going to the moon lambos btc 1 million soon bitcoin down 10 its over wer,0
4372,"Your report card is posted publicly, as is everybody else's, at 3 pm. Everyone fights with each other for the chanc… https://t.co/2LjWZiYjqp",your report card is posted publicly as is everybody elses at 3 pm everyone fights with each other for the chanc,0
5816,@dtarian04 imagine if China decided to sell all of our government debt that they own as retribution. Dow could drop… https://t.co/zStHhLe2Jp,imagine if china decided to sell all of our government debt that they own as retribution dow could drop,1
2551,"Current #crypto prices on #Bittrex:

#Bitcoin at $8,555, down -5.7%.
#Ethereum at $530, down -7.0%.
#Ripple at $0.6… https://t.co/ezA7BEVhW5",current prices on at 8555 down 57 at 530 down 70 at 06,0
1181,"BTC,ETH,ETC,LTC,BCH,MONA
Please please give me a little earlier Christmas present ...　
#Bitcoin #VirtualCurrency",btcethetcltcbchmona please please give me a little earlier christmas present,0
4767,RT @_jillruth: My favorite thing about when men make public statements in support of women is that suddenly their notifications get flooded…,my favorite thing about when men make public statements in support of women is that suddenly their notifications get flooded,1
1533,#Bitcoin #Ethereum #Blockchain Warren Buffet's Railroad Firm Joins Blockchain Alliance https://t.co/vd5K7G9Eln,warren buffets railroad firm joins blockchain alliance,0
5423,Meme of the Day: Love this movie. #HODL #HODLgang #hodling #bitcoin #BTC #cryptocurrency #crypto  @MrHodl https://t.co/gaTfBD5m1y,meme of the day love this movie,1
1736,Some nice ANTI-FUD in a US Congress Report basically says leave Bitcoin alone. We want Entrepreneurs to THRIVE!!!… https://t.co/z1IAmVhmzo,some nice antifud in a us congress report basically says leave bitcoin alone we want entrepreneurs to thrive,1
4882,Upbit Announces Launch of Korea's First Cryptocurrency Index - https://t.co/Rl5mdHk5TL #bitcoin #news #finance by… https://t.co/bltRqgcz38,upbit announces launch of koreas first cryptocurrency index by,1
1924,@bethereumteam is a social betting platform that allows to place customizable bets on chosen events with other peop… https://t.co/jS2fo5DuYY,is a social betting platform that allows to place customizable bets on chosen events with other peop,0
1623,"🆕 New Bitcoin Green $BITG event! 
 
22 March 2018 
Coin Marktet Cap Listing  
 
Source: https://t.co/DQPtcubG9F
Fol… https://t.co/88MXHrBeSs",new bitcoin green bitg event 22 march 2018 coin marktet cap listing source fol,0
2254,"Finally @wanchain_org  🚀🚀🚀
$wan #wanchain #bitcoin #cryptocurrency https://t.co/e49ZsIYHL1",finally wan,0
4888,"@aaaamhim Bitcoin BTG(OFFICIAL) (Bitcoin-Gold) go become popular also becoming extra expensive, simply You still do… https://t.co/HVsTZUlSe2",bitcoin btgofficial bitcoingold go become popular also becoming extra expensive simply you still do,1
5486,"Name: Centra
Symbol: CTR
24 hour change: -5.88%
Price: 0.439546
Rank: 233
Total Supply: 98272765.0
Volume: 14283500… https://t.co/TQEQYSzt2V",name centra symbol ctr 24 hour change 588 price 0439546 rank 233 total supply 982727650 volume 14283500,0
1002,"Name: Arcblock
Symbol: ABT
24 hour change: -4.85%
Price: 0.73295
Rank: 141
Total Supply: 186000000.0
Volume: 400438… https://t.co/jKHLbkMawm",name arcblock symbol abt 24 hour change 485 price 073295 rank 141 total supply 1860000000 volume 400438,0
3781,"RT @bakasam_lcc3: RT @hobbit_token: 10k  HBTT Giveaway! #Giveaway 
200 first person will each receive 50 HBTT Token… https://t.co/Pv5ccubweU",10k hbtt giveaway 200 first person will each receive 50 hbtt token,1
2082,"@coin_chart Bitcoin -Gold (BTG) is become popular ^&amp;^ apt other expensive, just Your still donТt own it? You got a… https://t.co/VBE9WvQmNc",bitcoin gold btg is become popular apt other expensive just your still dont own it you got a,1
2306,Get the new gold-backed cryotocurrency free before it goes to market! https://t.co/seMRvgKPEv #cryptocurrency @ico… https://t.co/ZrRNmXVvw0,get the new goldbacked cryotocurrency free before it goes to market,1
3198,"Name: Steem Dollars
Symbol: SBD
24 hour change: -11.55%
Price: 2.04725
Rank: 267
Total Supply: 10950331.0
Volume: 2… https://t.co/TIvBMVqWTF",name steem dollars symbol sbd 24 hour change 1155 price 204725 rank 267 total supply 109503310 volume 2,0
5146,#Bitcoin Social Sentiment is currently MIXED (-14)%. Visit https://t.co/BCZzlVBhQH to find out why. $BTC $BTCUSD,social sentiment is currently mixed 14 visit to find out why btc btcusd,1
2999,"Name: WaBi
Symbol: WABI
24 hour change: -4.14%
Price: 0.799883
Rank: 205
Total Supply: 99218023.0
Volume: 4527130.0… https://t.co/luI471GcNd",name wabi symbol wabi 24 hour change 414 price 0799883 rank 205 total supply 992180230 volume 45271300,0
4814,"Looks like still too much uncertainty and pessimism to be out of the woods just yet...Overall, I see it as potentia… https://t.co/PFhWOvgeLi",looks like still too much uncertainty and pessimism to be out of the woods just yetoverall i see it as potentia,1
4726,Dogecoin mousepad for only $0.99! Free Shipping! https://t.co/h1cBJcbwm0 #doge #dogecoin #btc #bitcoin 00 https://t.co/AwxLTciMW0,dogecoin mousepad for only 099 free shipping 00,1
460,"Name: INS Ecosystem
Symbol: INS
24 hour change: -6.51%
Price: 1.195
Rank: 221
Total Supply: 50000000.0
Volume: 8305… https://t.co/GGp45F3n8Q",name ins ecosystem symbol ins 24 hour change 651 price 1195 rank 221 total supply 500000000 volume 8305,0
2744,New: Coinbase In Talks to Buy Bitcoin Startup https://t.co/r4ya7QiqRQ https://t.co/I7FAaHlqMV,new coinbase in talks to buy bitcoin startup,1
2685,"Name: SunContract
Symbol: SNC
24 hour change: -5.06%
Price: 0.187502
Rank: 274
Total Supply: 122707503.0
Volume: 46… https://t.co/MRq3NXhIm5",name suncontract symbol snc 24 hour change 506 price 0187502 rank 274 total supply 1227075030 volume 46,0
1685,@dKryptLive audited and found #perfect #accurate. ties 100% with ur #trade calls on #btc #bitcoin . glad to see… https://t.co/aY6yeXrRHC,audited and found ties 100 with ur calls on glad to see,1
5820,"Name: Groestlcoin
Symbol: GRS
24 hour change: -16.44%
Price: 0.461834
Rank: 225
Total Supply: 69678199.0
Volume: 12… https://t.co/BNcTHTfEX2",name groestlcoin symbol grs 24 hour change 1644 price 0461834 rank 225 total supply 696781990 volume 12,0
132,"@cryptopolite no yeah exactly. thus the “we are all satoshi” thing, which was the mantra that emerged basically spo… https://t.co/ctOfJycG8n",no yeah exactly thus the we are all satoshi thing which was the mantra that emerged basically spo,1
2792,Find Out Why Everyone Is Going Crazy Over These 2 Secret Platforms All The #Bitcoin Gurus Are Using… https://t.co/xIVBobKAHC,find out why everyone is going crazy over these 2 secret platforms all the gurus are using,0
3013,RT @ixBlaZeRxi: @crypt0snews Within the data of one of the transactions is a title to one of the Dark Web websites that has child porn on i…,within the data of one of the transactions is a title to one of the dark web websites that has child porn on i,0
824,"1: Bitcoin average price is $8475.55 (0.42% 1h)
2: Ethereum average price is $521.277 (1.12% 1h)
3: Ripple average… https://t.co/ID9SlQoMJO",1 bitcoin average price is 847555 042 1h 2 ethereum average price is 521277 112 1h 3 ripple average,0
3849,support will not hold for long https://t.co/w3kW4pmInX $btcusd #bitcoin trade at Bitmex: https://t.co/Knes8yZNnO Bi… https://t.co/gCpFflhR1z,support will not hold for long btcusd trade at bitmex bi,0
601,China’s First Central Bank Governor in 15 Years Likes Bitcoin https://t.co/FpUaqMUMKW via @BTCTN,chinas first central bank governor in 15 years likes bitcoin via,1
4592,"Current Bitcoin Rate in USD : 8,395.5225 Check other Currencies: https://t.co/KqQpwIzXrs #BitsRate #BTC #Bitcoins",current bitcoin rate in usd 83955225 check other currencies,0
1478,"#blockchain #btc #crypto #cryptocurrency #bitcoin #Ethereum #ETH 13 
 The first blockchain platform to power sports… https://t.co/05CI4cp5GG",13 the first blockchain platform to power sports,1
2553,Twitter CEO Jack Dorsey Predicts That Bitcoin Will Be The World’s ‘Single Currency’ Within 10 Years… https://t.co/TKcCdHFFTz,twitter ceo jack dorsey predicts that bitcoin will be the worlds single currency within 10 years,0
3893,"RT @WeareThrivelabs: Hurry up ! Presales whitelist will be closed soon ! Don't miss the chance to participate with 30% bonus !
#ICO #Startu…",hurry up presales whitelist will be closed soon dont miss the chance to participate with 30 bonus,0
674,"Bitcoin $BTC price is: $8435.77 

Binance fees are 3-5x less than Bittrex ! 💰 💸  

➡️ https://t.co/WY7HQaE5ec

$BQX… https://t.co/sifYlZc2Zv",bitcoin btc price is 843577 binance fees are 35x less than bittrex bqx,0
4259,"RT @overheardcoffee: $BTC #Bitcoin ""IT LIVES"" Edition
- The fractal I mean
- Here it is, but more accurately lined up
- 1hr Sept/Oct '17 on…",btc it lives edition the fractal i mean here it is but more accurately lined up 1hr septoct 17 on,1
1409,"Name: Bodhi
Symbol: BOT
24 hour change: -9.04%
Price: 0.34992
Rank: 366
Total Supply: 100000000.0
Volume: 1202690.0… https://t.co/O96ZkuZZKi",name bodhi symbol bot 24 hour change 904 price 034992 rank 366 total supply 1000000000 volume 12026900,0
4737,"I've been thinking about this and I think Rosenstein wants this to be a show of force, a show of solidarity among l… https://t.co/NNY3LRqX5R",ive been thinking about this and i think rosenstein wants this to be a show of force a show of solidarity among l,1
3368,@Trader_Dante Am only interested in your 24k gold bitcoin toilet flush button,am only interested in your 24k gold bitcoin toilet flush button,1
1470,RT @JanKasparecArt: I think @KeanuReeves_USA (Neo) would agree that #bitcoin will win this epic battle against fiat. Love will prevail and…,i think neo would agree that will win this epic battle against fiat love will prevail and,1
4176,#SUB Price is 0.00004617 (-0.00000073) #BTC / 0.385999 (-0.00771) #USD. Market rank is 116. #substratum #bitcoin #blockchain,price is 000004617 000000073 0385999 000771 market rank is 116,0
5701,Thanks to all 56 people who picked up card. When we say we LOVE a card &amp; Guarantee a 3-0 or 2-1 at worst. We ain't… https://t.co/zAiKlUgSP3,thanks to all 56 people who picked up card when we say we love a card guarantee a 30 or 21 at worst we aint,0
1662,"#Bitcoin is currently tired of going into space and visiting the moon.

Seems like the Earth's core is a new destination. ♨️#BTC $BTC",is currently tired of going into space and visiting the moon seems like the earths core is a new destination btc,0
3864,"Raises an eyebrow? Bitcoin is CIA?
That’s new. 🤨 https://t.co/XurBT1alGz",raises an eyebrow bitcoin is cia thats new,1
381,Cryptocurrency / Bitcoin market Recovery coming?! | CNBC Fast Money https://t.co/tq78yvRVXz,cryptocurrency bitcoin market recovery coming cnbc fast money,1
2703,"BTC Price: 8395.00$, 
BTC Today High : 8715.71$, 
BTC All Time High : 19903.44$
ETH Price: 510.03$ #bitcoin #BTC… https://t.co/2scikM3fY3",btc price 839500 btc today high 871571 btc all time high 1990344 eth price 51003,1
2064,RT @GigApp_io: Uber co-founder unveils a new cryptocurrency to go up against Bitcoin and Fiat #Blockchain #cryptocurrency... https://t.co/3…,uber cofounder unveils a new cryptocurrency to go up against bitcoin and fiat,1
5074,"RT @CoinsAirdrops: #Bitcoin #Satoshi #Earn_Money #cryptocurrency #blockchain #Airdrop
New Airdrop #ySign 📢

#ySign is distributing free $YS…",new airdrop is distributing free ys,1
1334,"Read #cancer news https://t.co/u3bmvq2Jd7 • March 23, 2018 at 05:15AM • #health #success #mesothelioma #attorney… https://t.co/QkfH35yFsY",read news march 23 2018 at 0515am,1
5268,A project with great prospects and opportunities. I place great hopes on him #ICO #blockchain #bitcoin #TokenSale #UTEMIS,a project with great prospects and opportunities i place great hopes on him,1
352,@tiffkhsu @andrewrsorkin Thank you Citigroup for giving millions of people more reasons to use #bitcoin https://t.co/IjxQs57Qwy,thank you citigroup for giving millions of people more reasons to use,1
1808,"Name: Eidoo
Symbol: EDO
24 hour change: -6.49%
Price: 1.68193
Rank: 170
Total Supply: 90208328.0
Volume: 6124570.0… https://t.co/T0RFQmznAM",name eidoo symbol edo 24 hour change 649 price 168193 rank 170 total supply 902083280 volume 61245700,0
4475,Invest in #PDATA 🔥‼️ Get bonuses💯 It's hard to refuse from such an offer🚀 #Crypto #Blockchain #PDATA #Opirium… https://t.co/K50sLMhHeN,invest in get bonuses its hard to refuse from such an offer,0
5141,1 Bitcoin = 8443.86 USD. Bitcoin has changed by -16.55 USD in 30 mins. Live price: https://t.co/PC3GnnmE8F #bitcoin #fintech #crypto,1 bitcoin 844386 usd bitcoin has changed by 1655 usd in 30 mins live price,1
3052,@ProfFaustus @k8vail @leadthewise @Kubananana @tvaddonsco Hard to gauge when user interest in transacting btc will… https://t.co/FadJoWnmbT,hard to gauge when user interest in transacting btc will,0
67,"@CoinSutra Bitcoin Gold (BTG) do  becomes best news ^&amp;^ becoming added expensive, simply You still donТt own it? Yo… https://t.co/H2NnKs7ElS",bitcoin gold btg do becomes best news becoming added expensive simply you still dont own it yo,1
860,"Name: Aeron
Symbol: ARN
24 hour change: -13.6%
Price: 1.23513
Rank: 331
Total Supply: 20000000.0
Volume: 1143410.0… https://t.co/DlJs187lKb",name aeron symbol arn 24 hour change 136 price 123513 rank 331 total supply 200000000 volume 11434100,0
1029,"!!!! 80 #TRON $TRX GIVEAWAY !!!!

Receive 80 free TRON (TRX) when you register at Huobipro Exchange!!!

Claim your… https://t.co/kpaYjKvh5D",80 trx giveaway receive 80 free tron trx when you register at huobipro exchange claim your,1
3803,"@Cointelegraph This debate about what coins are, including Bitcoin, is really stupid.",this debate about what coins are including bitcoin is really stupid,0
2370,"RT @bitcoinyuri: The next bull run will make a lot more people think and say ""I want some $BTC, I can't ignore it anymore"".

At the same ti…",the next bull run will make a lot more people think and say i want some btc i cant ignore it anymore at the same ti,1
4820,@Cryptos_Aus As long as it's not the fraudster bitcoin-fund-manager ?,as long as its not the fraudster bitcoinfundmanager,0
4925,"Name: COSS
Symbol: COSS
24 hour change: -7.17%
Price: 0.256646
Rank: 333
Total Supply: 104000000.0
Volume: 1035260.… https://t.co/fW408dsfoe",name coss symbol coss 24 hour change 717 price 0256646 rank 333 total supply 1040000000 volume 1035260,0
2745,"RT @starkness: After countless late nights, lines of code, bug fixes, and memes...

We finally released Lightning for bitcoin mainnet!!! ⚡️…",after countless late nights lines of code bug fixes and memes we finally released lightning for bitcoin mainnet,0
4628,"@fanney_aketch Bitcoin BTG (Bitcoin Gold) go become popularity also becoming other expensive, marely Your still don… https://t.co/TlsJq2fCUN",bitcoin btg bitcoin gold go become popularity also becoming other expensive marely your still don,0
2330,"This is The Perfect Explanation of Bitcoin.

LOL!

https://t.co/tfentrCdtF

🌎👑😂

#DynoEmpire",this is the perfect explanation of bitcoin lol,1
4267,Binance Denies Japanese Regulator’s Criminal Warning: Binance Denies… https://t.co/5xv8pvnAgi #Bitcoin news Today,binance denies japanese regulators criminal warning binance denies news today,0
3564,"#Bethereum is an amazing project that will change the world of online betting. It's excellent security, transparenc… https://t.co/iEdUyAMQ0W",is an amazing project that will change the world of online betting its excellent security transparenc,1
5471,Fuck a bitcoin,fuck a bitcoin,0
4175,Astronaut Capital contributes to @TrustToken - tokenizing real world assets with true fractional ownership.… https://t.co/6VCopiAnmg,astronaut capital contributes to tokenizing real world assets with true fractional ownership,1
2006,"@Melt_Dem If satosh is a man, Great! If she is a woman, great! The discussions is fucking useless! Making Satosh ge… https://t.co/M68Erj5zhi",if satosh is a man great if she is a woman great the discussions is fucking useless making satosh ge,1
296,Monthly Web Traffic for Major #Bitcoin #Exchanges Falls by Half - Bitcoin #News https://t.co/q0AlSNu98X,monthly web traffic for major falls by half bitcoin,0
551,"RT @zloadr: 600 computer servers used to #mine #bitcoin were #stolen in Iceland in December and January. 

Roughly 10 people have been brou…",600 computer servers used to were in iceland in december and january roughly 10 people have been brou,0
3865,Earn between 500 and 10000 satoshis every 60 minute/s from https://t.co/bD9zjvcBKu for free :) #FreeBitcoin #Bitcoin #WeLoveBitcoin .,earn between 500 and 10000 satoshis every 60 minutes from for free,1
4893,Women don't want a nigga buying them flowers anymore. They want shit like bitcoin or just give them money.,women dont want a nigga buying them flowers anymore they want shit like bitcoin or just give them money,0
5789,Actual utility unlike the thousands of shit tokens pumped out of Ethereum in 2017. #Bitcoin leading the way in *rea… https://t.co/64xmaPSQli,actual utility unlike the thousands of shit tokens pumped out of ethereum in 2017 leading the way in rea,0
1758,"@coinlerinkrali Bitcoin -Gold (BTG) are become popular ^&amp;^ apt extra expensive, only You still donТt hold it? Your… https://t.co/pa04lDG8bA",bitcoin gold btg are become popular apt extra expensive only you still dont hold it your,1
1794,"Name: Bodhi
Symbol: BOT
24 hour change: -10.36%
Price: 0.329956
Rank: 371
Total Supply: 100000000.0
Volume: 1169610… https://t.co/KtHcLHKipN",name bodhi symbol bot 24 hour change 1036 price 0329956 rank 371 total supply 1000000000 volume 1169610,0
4844,"The Great #Bitcoin Price Dip: Its Causes and a Way Forward
https://t.co/qhcsUSNgBA",the great price dip its causes and a way forward,1
1769,"Bitcoin Loses Crypto Dominance Position, Startups Eye Altcoins https://t.co/OjAiva7hdw",bitcoin loses crypto dominance position startups eye altcoins,0
577,"The public ledger has definitely only a limited lifespan... The blockchain, as a distribution data format also has… https://t.co/ligBcRWMtI",the public ledger has definitely only a limited lifespan the blockchain as a distribution data format also has,0
3383,Play Free Treasure R https://t.co/2sznHbkgTx #bitcoingame #bitcoinslotgame #bitcoinslots,play free treasure r,1
3384,"Name: DADI
Symbol: DADI
24 hour change: -12.21%
Price: 0.185239
Rank: 355
Total Supply: 100000000.0
Volume: 2240970… https://t.co/2ov7Bn6Q0y",name dadi symbol dadi 24 hour change 1221 price 0185239 rank 355 total supply 1000000000 volume 2240970,0
2631,"Tax-Report for #bitcoin and other #cryptocurrencies!
This tool helps with #taxes for your tax declaration!
Import y… https://t.co/Mlu8Gp7EoE",taxreport for and other this tool helps with for your tax declaration import y,0
2788,RT @IBMBlockchain: We're #LIVE again from #LasVegas with 72 Hours of #Blockchain at 9am PST today! Tune in @coindesk and tweet us any quest…,were again from with 72 hours of at 9am pst today tune in and tweet us any quest,1
666,#DisruptAllHub Bitcoin: ICO Trackers Are the New Gatekeepers of Crowdsales https://t.co/eNOnHkWPpw #Bitcoin… https://t.co/1UCcIL6iYj,bitcoin ico trackers are the new gatekeepers of crowdsales,1
1022,@lookscoin Bitcoin Private mainnet test successfully complete! BTCP blockchain works stably.12 global exchanges sta… https://t.co/UeLCuleiqC,bitcoin private mainnet test successfully complete btcp blockchain works stably12 global exchanges sta,1
4641,Go watch within son usually question Mr thought #Bitcoin,go watch within son usually question mr thought,0
1486,"RT @Sinone69: .@billbarhydt Listen to him carefully, in terms of ""Bitcoin and volatility""  
#DigiByteCoin  Decentralized Blockchain on @Abr…",listen to him carefully in terms of bitcoin and volatility decentralized blockchain on,0
2828,Top 6 BTC/USD Exchange Orderbooks: Resistance til $8600:$23.0M; Support til $8100:$52.1M $BTC $BTCUSD #bitcoin #orderbook #finance #crypto,top 6 btcusd exchange orderbooks resistance til 8600230m support til 8100521m btc btcusd,1
3563,Nobody Understands Bitcoin (And That's OK) - CoinDesk https://t.co/x0qNnnckun by @lopp,nobody understands bitcoin and thats ok coindesk by,1
941,#bitcoin Will Be the World's 'Single Currency' Says Twitter CEO @Twitter @jack #cryptocurrency… https://t.co/sasnpvhNwA,will be the worlds single currency says twitter ceo,0
1863,New video by Cryptobud: Why Trade Wars will PUSH bitcoin to 100k! https://t.co/JLZHgHEMKe,new video by cryptobud why trade wars will push bitcoin to 100k,1
1905,"CROWDFUNDING "" Who Wants To Be BITCOIN Millionaire"" https://t.co/mpg7PevX2L #crowdfunding #"" https://t.co/R7XJiGJpOD",crowdfunding who wants to be bitcoin millionaire,1
1738,The latest Poker Today! https://t.co/KXleOyF5Oj Thanks to @pokrparty #poker #bitcoin,the latest poker today thanks to,1
4141,Its 30 minutes past the hour time to beg mrbeastyt for a bitcoin https://t.co/pzO2DFEFgQ,its 30 minutes past the hour time to beg mrbeastyt for a bitcoin,0
1188,"first speaker @Satoshis_Vision @digitsu

""investment is ultimately what determines success of #bitcoin
you have to… https://t.co/sApWJOHs5n",first speaker investment is ultimately what determines success of you have to,1
1426,"@aggre550r Bitcoin BTG (Bitcoin Gold) and becomes popularity &amp; attractive extra expensive, marely Your still donТt… https://t.co/u1NuFIn7KU",bitcoin btg bitcoin gold and becomes popularity attractive extra expensive marely your still dont,1
765,"@PapixSatoshi @nanocurrency If Bitcoin we're to crash and burn right now, every crypto would become worthless. Be careful what you wish for",if bitcoin were to crash and burn right now every crypto would become worthless be careful what you wish for,0
1751,"Whales are afraid. The G20 does not regulate cryptos-currency yet, I do not see that on a positive side, we are sti… https://t.co/zkPdwI7ezX",whales are afraid the g20 does not regulate cryptoscurrency yet i do not see that on a positive side we are sti,0
4546,You’re an idiot of you think this is true https://t.co/CDwtirbWoV,youre an idiot of you think this is true,0
800,This is good and exciting for me. Good project and kudos to the devs...#FLOGmall #Blockchain #Bitcoin #BTC… https://t.co/nbgOnZ9OUL,this is good and exciting for me good project and kudos to the devs,1
5199,"RT @bitmari_: #BitMari #nsbe44 don’t forget to come to the bitcoin ,blockchain and black liberation workshop tomorrow at  4pm room 304 at #…",dont forget to come to the bitcoin blockchain and black liberation workshop tomorrow at 4pm room 304 at,0
1106,@zucando ??? I love #bitcoin #ethereum and #Litecoin,i love and,1
580,"NSA Tracking International Bitcoin Activity I say good, but that is going to hurt the price for sure #bitcoin… https://t.co/ouk0MnaxBf",nsa tracking international bitcoin activity i say good but that is going to hurt the price for sure,1
5695,Check out the summary of @TokenFest 2018 with Etherparty's token creator demo video and some great pics of the even… https://t.co/cc64wo74Rg,check out the summary of 2018 with etherpartys token creator demo video and some great pics of the even,1
709,New #airdrop Thermis THM https://t.co/g03N3p83EX join now! #cryptocurrency #crypto #cryptos #cryptocurrencies… https://t.co/7riHxMnMZZ,new thermis thm join now,1
5314,"RT @LpesaICO: Pre-ICO launch in a few hours. Join us in the discussion here: https://t.co/VTHbl83eZn.

#toKripton #bitcoin #blockchain #btc…",preico launch in a few hours join us in the discussion here,0
4408,Bitcoin Suffers As Japanese Regulator Warns Crypto Exchange Binance https://t.co/zXtSIjriJP https://t.co/4p8XXYLLsq,bitcoin suffers as japanese regulator warns crypto exchange binance,0
5135,Monthly Web #Traffic for Major #BitcoinExchanges Falls by Half: The disappointing price performances of the cryptoc… https://t.co/y9cJIbN0W0,monthly web for major falls by half the disappointing price performances of the cryptoc,0
5457,Perform radio get performance smile economic science rather wall mother #Bitcoin,perform radio get performance smile economic science rather wall mother,0
2948,"Every single thing that has been done by the team has measured well to reach the goals, #Retainly #RetainlyICO in f… https://t.co/ceSL5YELIT",every single thing that has been done by the team has measured well to reach the goals in f,0
163,"#blockchain #btc #crypto #cryptocurrency #bitcoin #Ethereum #ETH 33 
 The first blockchain platform to power sports… https://t.co/9XfMhqYIOG",33 the first blockchain platform to power sports,1
3507,"Win 0.50 mBTC everyday!! Following easy steps can make you one of the lucky winners chosen 12PM EST DAILY!! 

Submi… https://t.co/HKJrsPTRO8",win 050 mbtc everyday following easy steps can make you one of the lucky winners chosen 12pm est daily submi,1
2504,https://t.co/lPdcl2NalZ   #blockchain #crypto #ico ICO IS LIVE NOW https://t.co/J5907bgQah,ico is live now,1
1544,"Current Bitcoin Rate in USD : 8,594.5338 Check other Currencies: https://t.co/KqQpwIzXrs #BitsRate #BTC #Bitcoins",current bitcoin rate in usd 85945338 check other currencies,0
3490,The rise of sophisticated cyber threats means that the task of man https://t.co/8A7ScOXcBG #Cybersecurity #Bitcoin https://t.co/v7XqegdLq7,the rise of sophisticated cyber threats means that the task of man,1
565,Crypto Collectibles Are Worthless Without a Website - Bitcoin News https://t.co/XlaHcLBMBt by @bitcoin101 #bitcoin,crypto collectibles are worthless without a website bitcoin news by,0
3399,This volume explores the contemporary challenges to US national cy https://t.co/ZBZLOlrgOx #Cybersecurity #Bitcoin https://t.co/inHBWXdxU3,this volume explores the contemporary challenges to us national cy,1
2952,RT @QweenOfHells: Bitcoin and all is cool but have you invested in a person that turned out totally worthless.,bitcoin and all is cool but have you invested in a person that turned out totally worthless,0
1890,"@NotDaOne1337 Bitcoin Gold (BTG) and become popularity &amp; seemly new expensive, simply Your still donТt hold it? You… https://t.co/bd6NEmdpT9",bitcoin gold btg and become popularity seemly new expensive simply your still dont hold it you,0
4944,"AI, Blockchain, and Email marketing: the newest mix in the crypto world - Live Bitcoin News via BTCnews #Bitcoin https://t.co/3r0oOMWvHt",ai blockchain and email marketing the newest mix in the crypto world live bitcoin news via btcnews,1
933,Then #ishook will be one of the successful crypto projects and has a high selling point https://t.co/EZSi97iBvK,then will be one of the successful crypto projects and has a high selling point,1
3087,RT @TechCoinHQ: We're proud to announce TechCoin Airdrop! 1M Token will be distributed to #Airdrop participants. #Bitcoin #Etherium #Crypto…,were proud to announce techcoin airdrop 1m token will be distributed to participants,1
5221,"Name: IoT Chain
Symbol: ITC
24 hour change: -4.96%
Price: 1.11241
Rank: 158
Total Supply: 100000000.0
Volume: 83308… https://t.co/8TK4AEXtd3",name iot chain symbol itc 24 hour change 496 price 111241 rank 158 total supply 1000000000 volume 83308,0
4316,"Name: Everex
Symbol: EVX
24 hour change: -11.69%
Price: 1.23017
Rank: 285
Total Supply: 25000000.0
Volume: 2583260.… https://t.co/R9od79YJW1",name everex symbol evx 24 hour change 1169 price 123017 rank 285 total supply 250000000 volume 2583260,0
4415,People in South Africa really went crazy for Bitcoin and quick money https://t.co/bPspkGT8PR via @mybroadband,people in south africa really went crazy for bitcoin and quick money via,0
2228,"RT @Freetoken_: 💥 MRCH Round 2 📈 3333 MRCH = 1 ETH

- Register here : https://t.co/VdrT3mJ1Ej

- Enter ETH address
- Copy Code
- Send Code…",mrch round 2 3333 mrch 1 eth register here enter eth address copy code send code,0
1980,RT @MAVRO_COIN: The ICO will be closed before you know it! Get your tokens now! #Mavro #cryptocurrency #blockchain #crypto #bitcoin #bitcoi…,the ico will be closed before you know it get your tokens now,0
1369,"RT @fixy_app: Want to learn more about Fixy Network? Read our Whitepaper at: https://t.co/AUqaCoiKdt

#btc #crypto #cryptocurrency #bitcoin…",want to learn more about fixy network read our whitepaper at,1
3740,(AUD/USD Technical Analysis: Two-Year Uptrend Threatened) has been published on Free Forex Signals - Forex/ Bitcoin… https://t.co/IdnGLZoTOr,audusd technical analysis twoyear uptrend threatened has been published on free forex signals forex bitcoin,1
5544,1 Bitcoin = 8451.41 USD. Bitcoin has changed by -45.66 USD in 30 mins. Live price: https://t.co/PC3GnnmE8F #bitcoin #fintech #crypto,1 bitcoin 845141 usd bitcoin has changed by 4566 usd in 30 mins live price,1
2407,Cyberattacks are one of the greatest fears for governments and the https://t.co/8Gru3b08ML #Cybersecurity #Bitcoin https://t.co/BDguYBs9eT,cyberattacks are one of the greatest fears for governments and the,1
866,♥Entertainment♥  Twitter CEO Jack Dorsey Predicts That Bitcoin Will Be The World’s ‘Single Currency’ Within 1… https://t.co/L2qlwNn6Lv,entertainment twitter ceo jack dorsey predicts that bitcoin will be the worlds single currency within 1,0
4113,"RT @Mokenex: Our community grows fast. ⚡️
Join our Aidrop and Mini Token Sale https://t.co/IhQjZAlxN5
https://t.co/5i0s7IbBL9

#blockchain…",our community grows fast join our aidrop and mini token sale,1
252,"RT @bethereumteam: The Bounty program is still running! We had to close down new Sign ups, because a massive amount of 45k users joined. 
W…",the bounty program is still running we had to close down new sign ups because a massive amount of 45k users joined w,0
4451,"@humanifold @Blockstream @shesek Sorry, not interested in bitcoin. There are other better coins.",sorry not interested in bitcoin there are other better coins,0
3437,"Name: COSS
Symbol: COSS
24 hour change: -6.27%
Price: 0.256294
Rank: 334
Total Supply: 104000000.0
Volume: 1053960.… https://t.co/ux4Zh6BhKW",name coss symbol coss 24 hour change 627 price 0256294 rank 334 total supply 1040000000 volume 1053960,0
3790,"BTC-STEEM AskRate: 0.00024274 #Bittrex  #STEEM $STEEM #STEEM #altcoin #altcoins #bitcoin
 ♥ FOLLOW for PROFIT",btcsteem askrate 000024274 steem follow for profit,1
5484,"Name: ATBCoin
Symbol: ATB
24 hour change: -5.66%
Price: 0.24269
Rank: 431
Total Supply: 53119262.0
Volume: 2207450.… https://t.co/NuYraL8pEJ",name atbcoin symbol atb 24 hour change 566 price 024269 rank 431 total supply 531192620 volume 2207450,0
3701,#bitcoin #cryptocurrency #EEUU #spain #22mar #ElPetroEstaBlindado see the last new of bitcoin is gin to the moon https://t.co/wfX2tAx4Rn  4,see the last new of bitcoin is gin to the moon 4,1
777,New post: Bitcoin drops over 4% after Japan warns largest operator https://t.co/v3vXQpOvzc,new post bitcoin drops over 4 after japan warns largest operator,1
5662,KARMA — Smart Community with Blockchain Technology https://t.co/d3dmV252NE #blockchain #medium #bitcoin,karma smart community with blockchain technology,1
2604,"Name: Blocktix
Symbol: TIX
24 hour change: -11.78%
Price: 0.344843
Rank: 366
Total Supply: 62500000.0
Volume: 10836… https://t.co/7IT8VtmIPH",name blocktix symbol tix 24 hour change 1178 price 0344843 rank 366 total supply 625000000 volume 10836,0
2283,"Name: Matchpool
Symbol: GUP
24 hour change: -8.88%
Price: 0.195213
Rank: 357
Total Supply: 98855150.0
Volume: 30368… https://t.co/CwuQyxr0OC",name matchpool symbol gup 24 hour change 888 price 0195213 rank 357 total supply 988551500 volume 30368,0
2108,Ok he just told me that a nurse here made 1M in a month and quit so apparently it’s very possible? https://t.co/IA7mQA724O,ok he just told me that a nurse here made 1m in a month and quit so apparently its very possible,1
5732,"Name: NuBits
Symbol: USNBT
24 hour change: -8.17%
Price: 0.712051
Rank: 478
Total Supply: 70359638.0
Volume: 121279… https://t.co/g2hregvp9Q",name nubits symbol usnbt 24 hour change 817 price 0712051 rank 478 total supply 703596380 volume 121279,0
2516,"@zepaev911 Bitcoin BTG(OFFICIAL) (Bitcoin-Gold) and become popular &amp; seemly extra expensive, but Your still donТt o… https://t.co/LEQoxHRPBx",bitcoin btgofficial bitcoingold and become popular seemly extra expensive but your still dont o,1
2340,"Name: COSS
Symbol: COSS
24 hour change: -6.9%
Price: 0.256662
Rank: 333
Total Supply: 104000000.0
Volume: 1033540.0… https://t.co/lcYX2cP3PL",name coss symbol coss 24 hour change 69 price 0256662 rank 333 total supply 1040000000 volume 10335400,0
525,"College students are using student loans to invest in bitcoin. Yes, really - The Boston Globe… https://t.co/RXHCxmW1YV",college students are using student loans to invest in bitcoin yes really the boston globe,1
3406,Bitcoin Falls on Fears of Japanese Regulatory Trouble for Big Crypto Exchange https://t.co/AGDb4oCpo4 … https://t.co/5syl5JrUeh,bitcoin falls on fears of japanese regulatory trouble for big crypto exchange,0
4922,"@Cryptoskopia Bitcoin BTG(OFFICIAL) (BTG) do  becomes popularity and becoming extra expensive, simply You still don… https://t.co/T1DlRHGqSs",bitcoin btgofficial btg do becomes popularity and becoming extra expensive simply you still don,0
1301,"It Looks Like the Bitcoin Price Will Keep Crashing — Unfortunately
#bitcoin #crypto #news
https://t.co/huvPPl78E9",it looks like the bitcoin price will keep crashing unfortunately,0
2878,"Name: Triggers
Symbol: TRIG
24 hour change: -17.54%
Price: 0.845898
Rank: 244
Total Supply: 32105578.0
Volume: 4060… https://t.co/wK8elenJ0o",name triggers symbol trig 24 hour change 1754 price 0845898 rank 244 total supply 321055780 volume 4060,0
4250,RT @CryptoconnectR: Which would be the world's single currency after 10 years?Speaking to Times Of London #twitter &amp; #square CEO Jack Dorse…,which would be the worlds single currency after 10 yearsspeaking to times of london ceo jack dorse,0
2947,"Name: Bodhi
Symbol: BOT
24 hour change: -6.78%
Price: 0.342589
Rank: 366
Total Supply: 100000000.0
Volume: 1213450.… https://t.co/aU2JnkzSPg",name bodhi symbol bot 24 hour change 678 price 0342589 rank 366 total supply 1000000000 volume 1213450,0
2042,"RT @BZstockss: $ARYC - scientist bought 136 mil shares- he knows what's coming!
#stock #trading at a #penny and a half per #share @arrayit_…",aryc scientist bought 136 mil shares he knows whats coming at a and a half per,0
1977,"@coinlerinkrali Bitcoin BTG (BTG) a become best news ^&amp;^ apt added expensive, marely You still donТt hold it? You g… https://t.co/md2JzNCNqa",bitcoin btg btg a become best news apt added expensive marely you still dont hold it you g,1
2746,"Name: Modum
Symbol: MOD
24 hour change: -12.36%
Price: 2.21739
Rank: 198
Total Supply: 27266200.0
Volume: 1800600.0… https://t.co/mZFM3IL8SA",name modum symbol mod 24 hour change 1236 price 221739 rank 198 total supply 272662000 volume 18006000,0
5019,"@coinlerinkrali Bitcoin -Gold (Bitcoin Gold) a gaining popularity and becoming other expensive, just Your still don… https://t.co/umqgL1ENvh",bitcoin gold bitcoin gold a gaining popularity and becoming other expensive just your still don,0
3570,I know this has to be fake but it’s still hilarious. Bitcoin jokes amuse me because of the this is to stupid to be real but yet,i know this has to be fake but its still hilarious bitcoin jokes amuse me because of the this is to stupid to be real but yet,0
3984,"RT @ericgarland: Wow, *all* of Bitcoin might be illegal because the blockchain itself contain child pornography. Weird. https://t.co/8MWUL0…",wow all of bitcoin might be illegal because the blockchain itself contain child pornography weird,0
2432,"Name: Triggers
Symbol: TRIG
24 hour change: -16.85%
Price: 0.852005
Rank: 243
Total Supply: 32105578.0
Volume: 4069… https://t.co/1GrcbTh6PL",name triggers symbol trig 24 hour change 1685 price 0852005 rank 243 total supply 321055780 volume 4069,0
3881,"RT @ProfFaustus: HODL is anti-bitcoin.

These are Parasites.

The get-rich-while-sitting-in-pajamas culture is worse than toxic, it is para…",hodl is antibitcoin these are parasites the getrichwhilesittinginpajamas culture is worse than toxic it is para,0
1283,RT @LeNuitRenard: @LordRapt0rJesus @Crypto_Wax @Dunnestar @ProfFaustus Don’t get so emotional little kids. Bitcoin Cash can be owned and us…,dont get so emotional little kids bitcoin cash can be owned and us,0
4821,Since the rise of Napster and other file-sharing services in its w https://t.co/U5HKLe4xsc #Cybersecurity #Bitcoin https://t.co/Ms9do0zgnX,since the rise of napster and other filesharing services in its w,0
1804,"Name: Modum
Symbol: MOD
24 hour change: -7.03%
Price: 2.31984
Rank: 191
Total Supply: 27266200.0
Volume: 2000780.0… https://t.co/LXPYu3Nz6z",name modum symbol mod 24 hour change 703 price 231984 rank 191 total supply 272662000 volume 20007800,0
3171,I say or I think a lot of the minutes are very strange bechause the people are very dangerous #bitcoin… https://t.co/BZvjsPtQco,i say or i think a lot of the minutes are very strange bechause the people are very dangerous,0
3114,RT @rubyenraylls: Anybody else see this whole abuse of the bitcon ledger thing? WTF. https://t.co/Efdq846bRb,anybody else see this whole abuse of the bitcon ledger thing wtf,0
5787,Ion know who’s behind this but I want in ! Ion even know how to work Bitcoin 😭,ion know whos behind this but i want in ion even know how to work bitcoin,0
3262,That's after the next halvening. There's absolutely no way a digital currency issued by a central bank will have a… https://t.co/7t3DHgJmAy,thats after the next halvening theres absolutely no way a digital currency issued by a central bank will have a,0
4158,Bitcoin Analysis - Bulls weak: https://t.co/qz584tZl2U via @YouTube,bitcoin analysis bulls weak via,0
4762,"PartyPoker 2018 Millions Schedule Partypoker announces exciting 2018 Partypoker millions schedule with over $100,00… https://t.co/tTWje0qySU",partypoker 2018 millions schedule partypoker announces exciting 2018 partypoker millions schedule with over 10000,1
3956,Wish your favorite PC game had a more informative heads up display https://t.co/zK6I6fABZH #Cybersecurity #Bitcoin https://t.co/df06sbe177,wish your favorite pc game had a more informative heads up display,1
2441,"Average Bitcoin market price is: USD 8,382.36, EUR 6,803.94",average bitcoin market price is usd 838236 eur 680394,0
3095,"Well, At Least America’s Regulators Are Asking Crypto Leaders’ Opinions - #bitcoin #cryptocurrency #news @coinbase… https://t.co/Vnj2f1Xp9b",well at least americas regulators are asking crypto leaders opinions,0
4718,"CryptoMarket Rebounds! Is the WORST OVER????? Bitcoin, NEO, all CRYPTO https://t.co/GToQzesuRj",cryptomarket rebounds is the worst over bitcoin neo all crypto,0
3135,Expecting $BTC to drop sharply to the 8200 zone before going back up. Bearish cloud entry on the 1H with bearish TK… https://t.co/NShhzWC0K5,expecting btc to drop sharply to the 8200 zone before going back up bearish cloud entry on the 1h with bearish tk,0
1864,"RT @nauticusen: We'd like to give a big THANKS to everyone! 
Nauticus reached 100,000 users TWO days before the start of PRE-SALE!

50% tra…",wed like to give a big thanks to everyone nauticus reached 100000 users two days before the start of presale 50 tra,1
762,@cz_binance I think that some whales at FSA wanted some cheap bitcoin before the upcoming bullrun (27-32k I'm guess… https://t.co/L7mhb3O6GY,i think that some whales at fsa wanted some cheap bitcoin before the upcoming bullrun 2732k im guess,1
2015,RT @CNBC: More and more U.S. politicians are accepting campaign donations in bitcoin. That makes it easier for them to dodge campaign finan…,more and more us politicians are accepting caign donations in bitcoin that makes it easier for them to dodge caign finan,1
2433,New post (Drive Genuine Cryptocurrency bitcoin traffic for ICO for $5) has been published on FlashPro - https://t.co/6YxGErgM8w,new post drive genuine cryptocurrency bitcoin traffic for ico for 5 has been published on flashpro,1
369,$51k in bitcoin? Seems like an odd amount to hold a city’s computers hostage? https://t.co/653Xcz4XNi,51k in bitcoin seems like an odd amount to hold a citys computers hostage,0
2520,RT @jratcliff: Social media companies banning ads for ICOs and crypto-investing does not affect bitcoin; which has an advertising budget of…,social media companies banning ads for icos and cryptoinvesting does not affect bitcoin which has an advertising budget of,1
3546,"Name: Triggers
Symbol: TRIG
24 hour change: -14.75%
Price: 0.862802
Rank: 242
Total Supply: 32105578.0
Volume: 4128… https://t.co/kgMrkQw35M",name triggers symbol trig 24 hour change 1475 price 0862802 rank 242 total supply 321055780 volume 4128,0
3572,"Name: Bread
Symbol: BRD
24 hour change: -10.32%
Price: 0.475796
Rank: 213
Total Supply: 88862718.0
Volume: 1408310.… https://t.co/2ChQU97Xju",name bread symbol brd 24 hour change 1032 price 0475796 rank 213 total supply 888627180 volume 1408310,0
62,New #bitcoin block 0000000000000000000ddc396a7ed473727624a4e72287b0d9b45c8c6a1022c5 mined at height 514744.,new block 0000000000000000000ddc396a7ed473727624a4e72287b0d9b45c8c6a1022c5 mined at height 514744,1
1789,What real world value does Bitcoin have? https://t.co/Mbc0eTWZuR #ripple #hodl #cryptocoin $xvg $btc $eth #xlm $xrp… https://t.co/4dkxB0IaCU,what real world value does bitcoin have xvg btc eth xrp,1
1477,:( :( ....[Bitcoin performance assessment (-0.58%)] #bitcoin,bitcoin performance assessment 058,0
5808,"RT @VergeAddict: The best thing you can do for Verge is to DONATE for the crowdfunding!!!
If the target is met, there will be a HUGE opport…",the best thing you can do for verge is to donate for the crowdfunding if the target is met there will be a huge opport,1
549,"Name: AdEx
Symbol: ADX
24 hour change: -8.33%
Price: 0.757033
Rank: 155
Total Supply: 100000000.0
Volume: 6626270.0… https://t.co/di5xkv4Ddk",name adex symbol adx 24 hour change 833 price 0757033 rank 155 total supply 1000000000 volume 66262700,0
1095,"@cryptex_net Bitcoin BTG(OFFICIAL) (BTG) are becomes popularity &amp; attractive new expensive, but You still donТt hol… https://t.co/I5ZmcFJWeG",bitcoin btgofficial btg are becomes popularity attractive new expensive but you still dont hol,1
4160,RT @MatiGreenspan: Really glad to see Forbes starting to focus on the relationships between digital assets and traditional markets and I'm…,really glad to see forbes starting to focus on the relationships between digital assets and traditional markets and im,1
4399,"Coding for Penetration Testers: Building Better Tools, Second Edit https://t.co/j3lPBN0f8r #Cybersecurity #Bitcoin https://t.co/tcSE7kBrph",coding for penetration testers building better tools second edit,1
313,"Name: Everex
Symbol: EVX
24 hour change: -10.87%
Price: 1.23494
Rank: 285
Total Supply: 25000000.0
Volume: 2631520.… https://t.co/gTSOzNoaZi",name everex symbol evx 24 hour change 1087 price 123494 rank 285 total supply 250000000 volume 2631520,0
2269,"@Maggnatte Bitcoin BTG(OFFICIAL) (Bitcoin-Gold) go becomes popular also fitting new expensive, only You still donТt… https://t.co/1ZCkZjZhp9",bitcoin btgofficial bitcoingold go becomes popular also fitting new expensive only you still dont,1
688,I love reading news like that! https://t.co/X85UnzOKQ4,i love reading news like that,1
2939,"RT @MikeQuindazzi: #Bitcoin was invented in 2008. Since that time, the #cryptocurrency #blockchain has operated without significant #disrup…",was invented in 2008 since that time the has operated without significant,1
4923,"#BitMEX current #Bitcoin (XBTUSD) price is $8,410.00.  Down from $8,413.50 - 0.04 percent. https://t.co/drWUeo99Cl",current xbtusd price is 841000 down from 841350 004 percent,0
1806,"@Cylinders_io Great project, impressive level! 
#CCA #ICO #Crowdsale #Bitcoin #Blockchain #Token #ETH #Ethereum #TokenSale",great project impressive level,1
1234,"Blockchain, IoT, and the future of seamless transactions (VB Live) - VentureBeat https://t.co/TOFTMi55Tk #blockchain #bitcoin",blockchain iot and the future of seamless transactions vb live venturebeat,1
1946,#Bitcoin-seeking Hackers Infect Atlanta’s Computers Marking First Such Attack on the Capital of the South  - https://t.co/3EP1LmJyfx,seeking hackers infect atlantas computers marking first such attack on the capital of the south,1
2623,"RT @ixviimcmxc: Pablo Escobar’s Brother Has Created a New Cryptocurrency, Diet Bitcoin 
 https://t.co/72xjIKXQiD",pablo escobars brother has created a new cryptocurrency diet bitcoin,1
3184,"15 min #RSI Signals:

$BTC - $BCY: 9.33
$BTC - $GBG: 24.09
$BTC - $TKS: 24.98
$BTC - $PINK: 27.55
$BTC - $XVC: 29.2… https://t.co/frtCV6c2VO",15 min signals btc bcy 933 btc gbg 2409 btc tks 2498 btc pink 2755 btc xvc 292,0
4265,"Get your first free bitcoins now! Try it and earn it : https://t.co/X8a94By2d3 #bitcoin #btc March 23, 2018 at 08:00AM",get your first free bitcoins now try it and earn it march 23 2018 at 0800am,1
1175,"Name: EZToken
Symbol: EZT
24 hour change: -10.69%
Price: 0.878415
Rank: 426
Total Supply: 50000000.0
Volume: 105211… https://t.co/UH4cP093mI",name eztoken symbol ezt 24 hour change 1069 price 0878415 rank 426 total supply 500000000 volume 105211,0
5443,"Buying $100 worth Bitcoin Wallet- Is it worth it? Read: https://t.co/FP6ULJgxyx

#Bitcoin #Bitcoins #buybitcoin… https://t.co/r9UPorEyPL",buying 100 worth bitcoin wallet is it worth it read,1
2798,"@Cyberarms The Bitcoin story is more amusing cuz I dunno which way will it go. Facebook will survive anything, its… https://t.co/F9XCj133GZ",the bitcoin story is more amusing cuz i dunno which way will it go facebook will survive anything its,1
4238,US Marshals Office Auctions Off Another $18.7M in Bitcoin - https://t.co/sHByHENkaq - Generate Bitcoin. Take your free Bitcoin,us marshals office auctions off another 187m in bitcoin generate bitcoin take your free bitcoin,1
3015,"@AirdropKitty Bitcoin BTG (Bitcoin Gold) a become popularity and becoming other expensive, but Your still donТt hol… https://t.co/GNSscX9aez",bitcoin btg bitcoin gold a become popularity and becoming other expensive but your still dont hol,0
4533,"Unless you have been living under a digital rock for the last few weeks, you may have noticed that Bitcoin has been… https://t.co/Yp5O0iFzCV",unless you have been living under a digital rock for the last few weeks you may have noticed that bitcoin has been,0
5730,Everyone will be interested to see this Skyllz_platform Project #Skyllz_platform #ICO #crptocurrency #Blockchain… https://t.co/DgGimlmrID,everyone will be interested to see this skyllzplatform project,1
241,Around teach suddenly expert whose conference without #Bitcoin,around teach suddenly expert whose conference without,0
1523,$18.7M Worth of Bitcoin Sold by The US Marshals Office: A spokesperson has announced on… https://t.co/wf3i4jnC9Z,187m worth of bitcoin sold by the us marshals office a spokesperson has announced on,1
1447,"#BinaryFest #BinaryOptions #Forex #Bitcoin #MakeMoney, 3 Places to Park For $5 Or Less at a Detroit Tiger's Game at Comerica Park...",3 places to park for 5 or less at a detroit tigers game at comerica park,0
5522,"RT @EOTCOIN: You own #Crypto and you don't have a Swiss Bank in Your Pocket? #WOW
https://t.co/iTMryEAYy8 - #bitcoin #blockchain #crypto #c…",you own and you dont have a swiss bank in your pocket,1
2734,"Kensington, The Professionals' Choice for device security for near https://t.co/qR6ykQW3i4 #Cybersecurity #Bitcoin https://t.co/dttJLMpbRU",kensington the professionals choice for device security for near,1
4353,@versacetone I think you can be a unique bitcoin expert please join https://t.co/6rortIStnD,i think you can be a unique bitcoin expert please join,1
1488,Daily Update (3/22/2018) Binance hit by fake news as Bitcoin approaches a death cross https://t.co/zU8G7vdrLr,daily update 3222018 binance hit by fake news as bitcoin approaches a death cross,0
5385,Who Really Owns Bitcoin Anyways? ⋆ Tech Talk https://t.co/HTjnD39LT4,who really owns bitcoin anyways tech talk,1
5288,"RT @CryptoAsylum: #Trezor One hardware wallets are available and shipping daily! Keep your #crypto safe &amp; secure with this trusted, easy-to…",one hardware wallets are available and shipping daily keep your safe secure with this trusted easyto,1
3003,RT @CoinTarot: IBM reveals new blockchain platform. Google patent for audits via blockchain. Huawei is developing a blockchain phone and Li…,ibm reveals new blockchain platform google patent for audits via blockchain huawei is developing a blockchain phone and li,1
5453,"@tayakumaa @c0nvey Bitcoin BTG (Bitcoin Gold) a gaining popularity also attractive more expensive, but You still do… https://t.co/c21hC8sSUU",bitcoin btg bitcoin gold a gaining popularity also attractive more expensive but you still do,1
2564,Bitcoin Loses $9k Support After Binance Confusion Shak... | News | Cointelegraph https://t.co/5LecAAeorO,bitcoin loses 9k support after binance confusion shak news cointelegraph,0
1840,"RT @UppercoinC: #Giveaway $100 in $ETH!

-Like
-Retweet
-Follow
-Comment down below with your #Ethereum (preferably) ERC20 address.

Like a…",100 in eth like retweet follow comment down below with your preferably erc20 address like a,0
724,"@BCHBitcoinCash @crypto_chimp @Markoola121 @CobraBitcoin @Blockstream @JihanWu You are stupid mate, don't know how… https://t.co/WQDte5FBfW",you are stupid mate dont know how,0
5411,"Name: DADI
Symbol: DADI
24 hour change: -12.01%
Price: 0.188457
Rank: 354
Total Supply: 100000000.0
Volume: 2543970… https://t.co/hINxu4qm87",name dadi symbol dadi 24 hour change 1201 price 0188457 rank 354 total supply 1000000000 volume 2543970,0
5534,"@Aleksey4453 For those who are looking to invest in other cryptocurrencies aside from bitcoin, you should try NOAHc… https://t.co/M0zuIJcAsx",for those who are looking to invest in other cryptocurrencies aside from bitcoin you should try noahc,0
1745,RT @pathtoken: Path's website is live! Read more about our vision in our white paper. https://t.co/S0wimsEfe9 #ICO #blockchain #bitcoin #cr…,paths website is live read more about our vision in our white paper,1
5628,"New to #cryptocurrency 
#buy #litecoin / #ethereum / #bitcoin here and get $10 free 😁✅

https://t.co/N4PyAzx3vS",new to here and get 10 free,1
3712,"RT @bethereumteam: What are Smart Contracts?
Read more about the technology and what they mean for #Bethereum: https://t.co/Eki5dzkfyp
#blo…",what are smart contracts read more about the technology and what they mean for,1
5629,RT @BlockfolioApp: Bitcoin takes a minor retreat today following news reported by  #NIKKEI and now picked up by Bloomberg. Nikkei is under…,bitcoin takes a minor retreat today following news reported by and now picked up by bloomberg nikkei is under,0
82,"Name: Iconomi
Symbol: ICN
24 hour change: -12.53%
Price: 0.999138
Rank: 102
Total Supply: 99735687.0
Volume: 118276… https://t.co/q3OCKAJykj",name iconomi symbol icn 24 hour change 1253 price 0999138 rank 102 total supply 997356870 volume 118276,0
1202,"Name: https://t.co/0Ow97S63We Utility Token
Symbol: SXUT
24 hour change: -5.29%
Price: 0.272272
Rank: 509
Total Sup… https://t.co/dIIkKoCjNM",name utility token symbol sxut 24 hour change 529 price 0272272 rank 509 total sup,0
4488,"Cheap mining, sign up to Genesis Mining https://t.co/ttS5uXwOTY 3% off any purchase. #Bitcoin #Ethereum… https://t.co/8RYZNboTZW",cheap mining sign up to genesis mining 3 off any purchase,1
484,Many across the world have needed or wanted financial freedom. So we were all given Bitcoin regardless of who or wh… https://t.co/2kIUniReoi,many across the world have needed or wanted financial freedom so we were all given bitcoin regardless of who or wh,1
5408,@JacaNews Why not have a whole different Crypto segment instead of including just Bitcoin as single cryptocurrency ?,why not have a whole different crypto segment instead of including just bitcoin as single cryptocurrency,1
3314,The disappointing price performances of the cryptocurrency markets in January and February have apparently driven m… https://t.co/lPzFx7QFbi,the disappointing price performances of the cryptocurrency markets in january and february have apparently driven m,0
5321,"Pour up (btfd), head shot (btfd), sit down (btfd), stand up (btfd), pass out (btfd), wake up (btfd), faded (btfd),… https://t.co/DY84StNLUz",pour up btfd head shot btfd sit down btfd stand up btfd pass out btfd wake up btfd faded btfd,0
5253,"Name: SunContract
Symbol: SNC
24 hour change: -4.71%
Price: 0.188006
Rank: 277
Total Supply: 122707503.0
Volume: 46… https://t.co/CQODs29t4R",name suncontract symbol snc 24 hour change 471 price 0188006 rank 277 total supply 1227075030 volume 46,0
5388,Bitcoin Falls on Fears of Regulatory Trouble for Big Crypto ... - Bloomberg https://t.co/bxaCxzesNJ https://t.co/SdAJNicfRb,bitcoin falls on fears of regulatory trouble for big crypto bloomberg,0
4473,Is storing the Bitcoin blockchain illegal since there appears to be encoded illegal content on ... https://t.co/YPCgGHLYT9,is storing the bitcoin blockchain illegal since there appears to be encoded illegal content on,0
3530,"@NotDaOne1337 Bitcoin BTG(OFFICIAL) (Bitcoin-Gold) go gaining popularity also becoming added expensive, marely You… https://t.co/UPVEBRILvO",bitcoin btgofficial bitcoingold go gaining popularity also becoming added expensive marely you,0
5053,"Name: Modum
Symbol: MOD
24 hour change: -18.97%
Price: 2.1072
Rank: 197
Total Supply: 27266200.0
Volume: 1200320.0… https://t.co/ef52N7sYpl",name modum symbol mod 24 hour change 1897 price 21072 rank 197 total supply 272662000 volume 12003200,0
3353,DragonMint 16T Miner Announced and Available for Pre-Order #bitcoin .. https://t.co/DJvgQD7Cph,dragonmint 16t miner announced and available for preorder,1
1528,"#Bitcoin news - ""Japan Warns Binance Exchange Over Licensing"" More at https://t.co/OFb2iwQqlF.",news japan warns binance exchange over licensing more at,1
3727,"RT @kakushinEco: If a window of opportunity appears, do not pull down the shade, Grab the opportunity @ #Kakushin Ecosystem a Decentralized…",if a window of opportunity appears do not pull down the shade grab the opportunity ecosystem a decentralized,0
4416,"#blockchain #btc #crypto #cryptocurrency #bitcoin #Ethereum #ETH 71 
 The first blockchain platform to power sports… https://t.co/c4414rQ5LO",71 the first blockchain platform to power sports,1
1686,IS YOUR CRYPTOCURRENCY SAFE? - BITCOIN CHART and TRADING UPDATE: https://t.co/dWtZRfoINe via @YouTube,is your cryptocurrency safe bitcoin chart and trading update via,1
3224,"RT @GGlobal_Project: New advisor! Meet Dmitrly Laush: https://t.co/IiLyW0PqnQ 
#ICO #blockchain #cryptocurrency #Eth #invest #trading #trad…",new advisor meet dmitrly laush,1
2172,"Name: Bodhi
Symbol: BOT
24 hour change: -7.31%
Price: 0.340562
Rank: 367
Total Supply: 100000000.0
Volume: 1205870.… https://t.co/uW96olU2Fb",name bodhi symbol bot 24 hour change 731 price 0340562 rank 367 total supply 1000000000 volume 1205870,0
4426,Monthly Web Traffic for Major #Bitcoin #Exchanges Falls by Half https://t.co/vRzpfO8QwR #CryptoCurrencies,monthly web traffic for major falls by half,0
3946,"RT @nollycoin: Nollycoin CEO, Dr Ope Banwo, provides free training for youths and the cryptocurrency community on how to make money with th…",nollycoin ceo dr ope banwo provides free training for youths and the cryptocurrency community on how to make money with th,1
2173,RT @Khil0ne: My NEW weekly blog about @stratisplatform is out 'The Unofficial Weekly Stratis Retrospect #17' https://t.co/qPZhwsH9La @gluto…,my new weekly blog about is out the unofficial weekly stratis retrospect,1
998,#DASH Price is 0.0474086 (-0.00009870) #BTC / 398.154 (-0.05400) #USD. Market rank is 12. #dash #bitcoin #blockchain,price is 00474086 000009870 398154 005400 market rank is 12,0
1903,"@ledgerstatus Well said! Bitcoin is still young in financial terms, though growing quickly!",well said bitcoin is still young in financial terms though growing quickly,1
2896,@TechCrunch @spudowiar This is the reason why our cold storage ledger wallets are the most secure in the World.… https://t.co/IdXxLBTUGy,this is the reason why our cold storage ledger wallets are the most secure in the world,1
3481,"Name: Steem Dollars
Symbol: SBD
24 hour change: -10.75%
Price: 2.04222
Rank: 265
Total Supply: 10953455.0
Volume: 2… https://t.co/PDBOkQPSYe",name steem dollars symbol sbd 24 hour change 1075 price 204222 rank 265 total supply 109534550 volume 2,0
3162,Not sure if compliment or insult. 🤔 https://t.co/KmyIYztZJN,not sure if compliment or insult,0
1407,I added a video to a @YouTube playlist https://t.co/ntFJrNvSvZ How To Bitcoin Cloud Mining Free For Lifetime Urdu / Hindi,i added a video to a playlist how to bitcoin cloud mining free for lifetime urdu hindi,1
1540,Leaked Documents: #NSA Can Identify #Bitcoin Users By Using Secret Programs - Crypto Core Media -… https://t.co/1Aq6na9Xm4,leaked documents can identify users by using secret programs crypto core media,0
1053,California socialists lol. Dug deep for that one. https://t.co/sdGrl8dgAc,california socialists lol dug deep for that one,1
3109,"RT @CBOE: $XBT #BitcoinFutures price action, $GXBT @GeminiDotCom Bitcoin Trade Price Index highs/lows, $XBT trading volume &amp; ADV, probablit…",xbt price action gxbt bitcoin trade price index highslows xbt trading volume adv probablit,1
4806,$INNV Get UriVArx - a dietary supplement to support healthy bladder function https://t.co/Vor2JxpPSD #bladder #wsj… https://t.co/qLrrhoOyaq,innv get urivarx a dietary supplement to support healthy bladder function,1
4102,People not answering Shitmex are bag holding and losing mad money lmao https://t.co/jVKCpygD9c,people not answering shitmex are bag holding and losing mad money lmao,0
1130,"Name: Iconomi
Symbol: ICN
24 hour change: -12.76%
Price: 0.995975
Rank: 103
Total Supply: 99735687.0
Volume: 118682… https://t.co/9oTDPr24v3",name iconomi symbol icn 24 hour change 1276 price 0995975 rank 103 total supply 997356870 volume 118682,0
1440,"Name: Bodhi
Symbol: BOT
24 hour change: -6.58%
Price: 0.345822
Rank: 361
Total Supply: 100000000.0
Volume: 1230210.… https://t.co/QVfnqZfMvL",name bodhi symbol bot 24 hour change 658 price 0345822 rank 361 total supply 1000000000 volume 1230210,0
5601,RT @BryanDoreian: What?!!!  Tell me more!  That sounds like an epic story!!!! https://t.co/csfFj2HXpi,what tell me more that sounds like an epic story,1
3124,"@FoxBlockChain Bitcoin -Gold (BTG) a becomes best news also becoming extra expensive, simply Your still donТt hold… https://t.co/PSr4KDECMZ",bitcoin gold btg a becomes best news also becoming extra expensive simply your still dont hold,1
5391,"BlockChannel:RT lopp: Indeed; I understand Bitcoin so poorly that I wrote a 3,000 word article about why that is th… https://t.co/Bglhj9Carf",blockchannelrt lopp indeed i understand bitcoin so poorly that i wrote a 3000 word article about why that is th,0
3042,"Name: Arcblock
Symbol: ABT
24 hour change: -6.06%
Price: 0.730527
Rank: 140
Total Supply: 186000000.0
Volume: 41048… https://t.co/0rkiO8yPPC",name arcblock symbol abt 24 hour change 606 price 0730527 rank 140 total supply 1860000000 volume 41048,0
3047,The south is awful https://t.co/95bCMtOWne,the south is awful,0
2799,"RT @betriumBets: Betrium is now listed on one of the most popular and trusted ICO calendars!

https://t.co/rQnuELX2SP

#Betrium #Tokensale…",betrium is now listed on one of the most popular and trusted ico calendars,1
1388,Should we be crying out for standardisation and regulation of the digital currency Bitcoin? https://t.co/GtpynsyQV5 #tags,should we be crying out for standardisation and regulation of the digital currency bitcoin,0
386,@TeaPainUSA @materia1wor1d @GeeJustG U wld think but idk how they handle other cases. Does Rosenstein deal w/ speci… https://t.co/iaUrfmOnE0,u wld think but idk how they handle other cases does rosenstein deal w speci,0
4827,"Crypto Collectibles Are Worthless Without a Website - https://t.co/KzW2e6oFr2
Advertise #ICO… https://t.co/cttaqWLUEf",crypto collectibles are worthless without a website advertise,0
4994,"RT https://t.co/aNOnf7Bo9X Thousands of crypto companies will be created and go public, but only a few will be mass… https://t.co/uykwtIWTEL",thousands of crypto companies will be created and go public but only a few will be mass,0
3263,"RT @bitcoinprivate: We have a few open spots left for our networking / meetup event this Saturday, March 24th in SF! If you are a merchant…",we have a few open spots left for our networking meetup event this saturday march 24th in sf if you are a merchant,0
321,The latest The Bitcoin Times! https://t.co/uz8OemhEFX Thanks to @vega40k @jjilufsv @abelceline23 #bitcoin #cybersecurity,the latest the bitcoin times thanks to,1
2743,RT @MegaWinsCasino: 🍬How Fun is Your Friday?🍬 PLAY NOW with #FIAT or #BTC at @MegaWinsCasino  and get a 50% bonus to start your weekend lik…,how fun is your friday play now with or at and get a 50 bonus to start your weekend lik,1
3578,"#YABTCL - #Bitcoin #Lottery
Draw #701 - Winning Numbers: 03-10-16-18-46-62",draw winning numbers 031016184662,1
2988,(Yields and the dollar lower as the Fed underwhelms) has been published on Free Forex Signals - Forex/ Bitcoin Sign… https://t.co/t3KDnZZKvh,yields and the dollar lower as the fed underwhelms has been published on free forex signals forex bitcoin sign,1
3583,"BTC-NXT AskRate: 0.00001621 #Bittrex  #NXT $NXT #NXT #altcoin #crypto #bitcoin
 ♥ FOLLOW for PROFIT",btcnxt askrate 000001621 nxt follow for profit,1
2928,"RT @blocklancer: #Blocklancer announcing a partnership with #OriginProtocol

Full story: https://t.co/uMNmf7HUFY

 Join discussion at Teleg…",announcing a partnership with full story join discussion at teleg,1
4963,@bitstein By this logic what is work?? Trading??? Every diehard hodler I know works to better bitcoin for free.,by this logic what is work trading every diehard hodler i know works to better bitcoin for free,1
1243,"1 Bitcoin Price Analysis: Wait for a BTC/USD Triangle Break
Although updates from the G20 Summit have been mostly p… https://t.co/2SVtDxERUe",1 bitcoin price analysis wait for a btcusd triangle break although updates from the g20 summit have been mostly p,1
593,Wake the F*CK up people! If you don't own #crypto by mid-2018 then you are going to miss out 'THE CHANCE' of your life. #Bitcoin,wake the fck up people if you dont own by mid2018 then you are going to miss out the chance of your life,1
5094,BITCOIN LITECOIN ETH BITCOIN CASH ULTIMATE EARING LIVE PAYOUT DICE GAME TRICK: https://t.co/xnGT98v8W4 via @YouTube,bitcoin litecoin eth bitcoin cash ultimate earing live payout dice game trick via,0
1389,#XEM Price is 0.00003308 (+0.00000032) #BTC / 0.280236 (+0.00509) #USD. Market rank is 13. #nem #bitcoin #blockchain,price is 000003308 000000032 0280236 000509 market rank is 13,0
5626,"Bitcoin is dead, crypto tweeter are fake and you are all going to be rekt. Enjoy !",bitcoin is dead crypto tweeter are fake and you are all going to be rekt enjoy,0
5416,"Name: Triggers
Symbol: TRIG
24 hour change: -12.69%
Price: 0.910828
Rank: 238
Total Supply: 32105578.0
Volume: 4136… https://t.co/PdvrdXmaMp",name triggers symbol trig 24 hour change 1269 price 0910828 rank 238 total supply 321055780 volume 4136,0
4606,"MyFreeBTC - Bitcoin Faucet, Win Free Bitcoins every 15 minutes! https://t.co/ZlPkpUKupI",myfreebtc bitcoin faucet win free bitcoins every 15 minutes,1
3215,"Name: DADI
Symbol: DADI
24 hour change: -10.82%
Price: 0.189316
Rank: 349
Total Supply: 100000000.0
Volume: 2280000… https://t.co/5TOniVLRax",name dadi symbol dadi 24 hour change 1082 price 0189316 rank 349 total supply 1000000000 volume 2280000,0
720,@bitsko_xt @CatoshiK @rogerkver He is the CEO of https://t.co/VM9F3qiIU5 which heavily supports #BCash. He definate… https://t.co/KhMFh6R2Zq,he is the ceo of which heavily supports he definate,0
293,Top 5 Ways To Earn Bitcoin I Earn Free Bitcoin Daily I 0.5-1.0BTC a day ! https://t.co/WG7Vtw9rTf via @YouTube,top 5 ways to earn bitcoin i earn free bitcoin daily i 0510btc a day via,1
1717,RT @Crypt0Sauce: Guys and Gals! Let's take a moment to remind ourselves the @Feathercoin hashrate has not been this high since the old days…,guys and gals lets take a moment to remind ourselves the hashrate has not been this high since the old days,1
1742,"Name: BlockMason Credit Protocol
Symbol: BCPT
24 hour change: -15.44%
Price: 0.456174
Rank: 224
Total Supply: 11615… https://t.co/WLmxNl7XeM",name blockmason credit protocol symbol bcpt 24 hour change 1544 price 0456174 rank 224 total supply 11615,0
4145,"New post: ""Twitter CEO Says Bitcoin Will Be World’s ‘Single Currency’ Within A Decade"" https://t.co/HTUnOPewPI",new post twitter ceo says bitcoin will be worlds single currency within a decade,1
1032,The Guardian economist has the right to analyze one bitcoin exchange often,the guardian economist has the right to analyze one bitcoin exchange often,1
2261,@LordRapt0rJesus @Crypto_Wax @Dunnestar @ProfFaustus Don’t get so emotional little kids. Bitcoin Cash can be owned… https://t.co/F58fj695tl,dont get so emotional little kids bitcoin cash can be owned,0
4396,"A truly dispassionate crypto maximalist would buy Bannon’s ICO. It’s as useless as Dogecoin, Litecoin, or Bitcoin.… https://t.co/ePHDQrozVA",a truly dispassionate crypto maximalist would buy bannons ico its as useless as dogecoin litecoin or bitcoin,0
3651,"@LooksCoin Toke Sale is OPEN! Open network for creative products.
Join at https://t.co/NJVpSbFPeM  #RETWEEET… https://t.co/eFfBCyzWAE",toke sale is open open network for creative products join at,1
3773,#Future will #give us #new #ways for #development and #role of #cryptocurencies are #enormous. BeonBOX is… https://t.co/AqscZjn6Jt,will us for and of are beonbox is,1
312,RT @BitcoinMagazine: What Big Tech’s Ban Might Mean for Cryptocurrency Advertising https://t.co/4Xfz5lrUNg #cryptocurrency #Google #Faceboo…,what big techs ban might mean for cryptocurrency advertising,0
3699,RT @BitcoinBtcNews: China’s Bitcoin Mining Moves to Siberia: Unseen Rules Behind It https://t.co/95DZYfrBiW https://t.co/mces5Q0FPX,chinas bitcoin mining moves to siberia unseen rules behind it,0
1063,"@SKYFchain 
Register now before its too late, avail the 30% off
#skyfchain #Crowdsale #Bitcoin #Blockchain",register now before its too late avail the 30 off,0
1395,@chase why are you shutting down people's accounts for buying bitcoins? scared of crypto eating your lunch. My frie… https://t.co/W7VeCKismK,why are you shutting down peoples accounts for buying bitcoins scared of crypto eating your lunch my frie,0
1408,"Name: NuBits
Symbol: USNBT
24 hour change: -14.65%
Price: 0.690086
Rank: 484
Total Supply: 70359638.0
Volume: 54445… https://t.co/TKAtzTKxNn",name nubits symbol usnbt 24 hour change 1465 price 0690086 rank 484 total supply 703596380 volume 54445,0
3730,Bitcoin Long setup for the day.... $BTCUSD https://t.co/Wc5qt26Szo,bitcoin long setup for the day btcusd,0
4503,Earn between 100 and 100 satoshis every 30 minute/s from https://t.co/T40rNkqAn0 for free :) #FreeBitcoin #Bitcoin #LandsOfChaos .,earn between 100 and 100 satoshis every 30 minutes from for free,1
700,Montreal Rental Apartments -  Monthly Web Traffic for Major Bitcoin Exchanges Falls by Half https://t.co/w1Irjh5duc,montreal rental apartments monthly web traffic for major bitcoin exchanges falls by half,0
1627,"Name: Mercury
Symbol: MER
24 hour change: -9.37%
Price: 0.198746
Rank: 289
Total Supply: 100000000.0
Volume: 121244… https://t.co/enHBO7Cm4E",name mercury symbol mer 24 hour change 937 price 0198746 rank 289 total supply 1000000000 volume 121244,0
3724,Bitcoin bites the dust; what’s next another rally or move to new lows https://t.co/aQPgtaxe3G,bitcoin bites the dust whats next another rally or move to new lows,1
3813,Enjoy the #Bundesliga. BET with Bitcoin and get 5 BTC Bonus! - #Deutschland #Bitcoin |https://t.co/InlJi0TZET https://t.co/iKo5FGLLWj,enjoy the bet with bitcoin and get 5 btc bonus,1
4127,Will New York Abolish BitLicense? | Senator Ron Kim proposes Bill https://t.co/jUSFQ5TVnS #bitcoin,will new york abolish bitlicense senator ron kim proposes bill,1
555,"Current #crypto prices on #Bittrex:

#Bitcoin at $8,393, down -6.6%.
#Ethereum at $514, down -9.6%.
#Ripple at $0.6… https://t.co/12Er5lxeEO",current prices on at 8393 down 66 at 514 down 96 at 06,0
3863,https://t.co/8m2oy2Lu33  #Blockchain #Skyllz #SDP #ethereum #bitcoin  😊😊😊 good project - my recomend 👇 https://t.co/o0Ghg9r6YF,good project my recomend,1
69,RT @yeeeeeaaaaaooou: In ten years im gonna be homeless in papua new guinea having sold all my teeth having gone on and off T like five time…,in ten years im gonna be homeless in papua new guinea having sold all my teeth having gone on and off t like five time,1
2039,"RT @randypiricks: Conspiracy ALARM!!! Subtract the letters b,i,t,c and i from the word #bitcoin, then add some random letters and you get #…",conspiracy alarm subtract the letters bitc and i from the word then add some random letters and you get,0
4208,#EQUI stands out compared to all other projects i have come across. join the team to success today… https://t.co/YEMrbNGHSG,stands out compared to all other projects i have come across join the team to success today,1
1590,"Name: Mercury
Symbol: MER
24 hour change: -11.34%
Price: 0.198503
Rank: 295
Total Supply: 100000000.0
Volume: 13072… https://t.co/rPvuNBUrge",name mercury symbol mer 24 hour change 1134 price 0198503 rank 295 total supply 1000000000 volume 13072,0
2153,RT @StoneCrypto: The whole #facebook and #CambridgeAnalytics scandal just brings to light how important privacy coins and anonymity are! Th…,the whole and scandal just brings to light how important privacy coins and anonymity are th,1
5354,Bitcoin and other Cryptocurrencies - Could a bear market in stocks bolster Bitcoin and gold? https://t.co/MUzNeWbpyX,bitcoin and other cryptocurrencies could a bear market in stocks bolster bitcoin and gold,0
3241,"Bitcoin is at 8400, dominance around 44%, peoples are dumping like hell.. i keep buying more because i know how thi… https://t.co/xLdYTpdUh7",bitcoin is at 8400 dominance around 44 peoples are dumping like hell i keep buying more because i know how thi,1
940,"Name: COSS
Symbol: COSS
24 hour change: -9.49%
Price: 0.250086
Rank: 335
Total Supply: 104000000.0
Volume: 1043140.… https://t.co/vrn4Dcbof9",name coss symbol coss 24 hour change 949 price 0250086 rank 335 total supply 1040000000 volume 1043140,0
1519,"RT @CryptoChoe: #btc #bitcoin

i) we expected this pullback yesterday and finally topped-off

ii) #btc is looking for bottom currently on t…",i we expected this pullback yesterday and finally toppedoff ii is looking for bottom currently on t,0
1318,#Followback To the MOON !🚀 follow_me and i follow you back ;) #Hanoi #VietNam #SaiGon #HCM #ARMY #Crypto #Bitcoin… https://t.co/WgU6ZRp7um,to the moon followme and i follow you back,1
1452,#DASH Price is 0.0474443 (-0.00018450) #BTC / 397.633 (-2.29000) #USD. Market rank is 12. #dash #bitcoin #blockchain,price is 00474443 000018450 397633 229000 market rank is 12,0
3475,"RT @Sipemulungg1: #Giveaway $100 in ETH
-Like
-Retweet
-Follow
-Comment down below with your #Ethereum ERC20 address.

https://t.co/Iw60hS4…",100 in eth like retweet follow comment down below with your erc20 address,0
4340,Monthly Web Traffic for Major Bitcoin Exchanges Falls by Half cryptocurrencies https://t.co/Ls1NWbS2VI,monthly web traffic for major bitcoin exchanges falls by half cryptocurrencies,0
2695,"Twitter CEO: Bitcoin will be the world’s single currency
https://t.co/jpF1coronK https://t.co/bQJlANZwsI",twitter ceo bitcoin will be the worlds single currency,0
5718,"⚡️New tees in stock! Grab one now: https://t.co/2jRkMoD9QQ
#bitattire #bitcoin #tee #pink #women #cryptocurrency… https://t.co/1hzZy4p9Ll",new tees in stock grab one now,0
2223,"Crypto News | Bitcoin World Currency? Lightning Network Attacked, 20% Shut Down https://t.co/NdZtMcRVoj https://t.co/kGWxVo6See",crypto news bitcoin world currency lightning network attacked 20 shut down,0
2829,"RT @Freetoken_: 🔹#Huobi Exchange is airdropping 80 TRON (TRX)!
🔹Get free TRX for signing up on Huobi Exchange
🔹Get 40 TRX for referring fri…",exchange is airdropping 80 tron trx get free trx for signing up on huobi exchange get 40 trx for referring fri,1
2595,EASIEST WAY TO GET FREE BITCOIN - EARN UP TO 0.5 - 1.0 BTC PER DAY https://t.co/5rp5doE6Vp via @YouTube,easiest way to get free bitcoin earn up to 05 10 btc per day via,1
2495,"Name: Eidoo
Symbol: EDO
24 hour change: -5.01%
Price: 1.71332
Rank: 170
Total Supply: 90208328.0
Volume: 5904980.0… https://t.co/Do7RYUfnqL",name eidoo symbol edo 24 hour change 501 price 171332 rank 170 total supply 902083280 volume 59049800,0
3376,"Name: Santiment Network Token
Symbol: SAN
24 hour change: -12.27%
Price: 1.2469
Rank: 128
Total Supply: 83337000.0… https://t.co/JbMyOVgJIg",name santiment network token symbol san 24 hour change 1227 price 12469 rank 128 total supply 833370000,0
360,Current price of Bitcoin is $8376.47 “Like” if thats good for you and “retweet” if thats not good for you #bitcoin #btc #bitcoinprice,current price of bitcoin is 837647 like if thats good for you and retweet if thats not good for you,1
318,"RT thecryptokidd: The #BitcoinCash community is taking Tokyo by storm this weekend 🌎✌🏻

Live stream ✨… https://t.co/Lk0whToips",thecryptokidd the community is taking tokyo by storm this weekend live stream,1
510,New #bitcoin block 0000000000000000004a17ad7123b0eae9c15cabf7951ad24c44dba46ec20606 mined at height 514747.,new block 0000000000000000004a17ad7123b0eae9c15cabf7951ad24c44dba46ec20606 mined at height 514747,1
596,"@ElixiumCrypto Bitcoin Gold (Bitcoin-Gold) do  gaining popularity and seemly other expensive, simply Your still don… https://t.co/EH15SayhSu",bitcoin gold bitcoingold do gaining popularity and seemly other expensive simply your still don,0
1848,"RT @BitNautic: Can BitNautic help design a better maritime internet?
 #bitnautic #cryptocurrency #blockchain #blockchaintechnology #interne…",can bitnautic help design a better maritime internet,1
2907,Bitcoin Price Shoots Above $1400; Reaching for New All Time High Levels #bitcoin .. https://t.co/bdlV0pUcWD,bitcoin price shoots above 1400 reaching for new all time high levels,1
2625,"@ledgerstatus This is true. 

For the next few years at least. People speculating that a recession will be good for… https://t.co/fA8LYTMVi0",this is true for the next few years at least people speculating that a recession will be good for,1
2185,"Name: CRYPTO20
Symbol: C20
24 hour change: -4.46%
Price: 1.33065
Rank: 167
Total Supply: 40656082.0
Volume: 2726730… https://t.co/5vGmSzP9mH",name crypto20 symbol c20 24 hour change 446 price 133065 rank 167 total supply 406560820 volume 2726730,0
831,"RT @Flinchcoin: Important Update!!!

We have changed the eligibility to get Airdrop tokens.Everyone need to purchase minimum 100 tokens to…",important update we have changed the eligibility to get airdrop tokenseveryone need to purchase minimum 100 tokens to,1
652,"Name: Everex
Symbol: EVX
24 hour change: -6.57%
Price: 1.28499
Rank: 286
Total Supply: 25000000.0
Volume: 2634900.0… https://t.co/KY5qf5O0Fh",name everex symbol evx 24 hour change 657 price 128499 rank 286 total supply 250000000 volume 26349000,0
2046,"Come and join us! Make your life better with Jolly5Xpander, join for only 0.006 BTC!!!
#xpander #jollycoin #x1 #x2… https://t.co/gz5EMC1TaX",come and join us make your life better with jolly5xpander join for only 0006 btc,1
414,"Monthly Web Traffic for Major Bitcoin Exchanges Falls by Half - https://t.co/wJI1JxxiPk
Advertise #ICO… https://t.co/Lb0nkY3cjq",monthly web traffic for major bitcoin exchanges falls by half advertise,0
611,"Click on the link below and register to earn $3 coins. https://t.co/HKXXM9GzuJ
MAKE SURE YOU VERIFY YOUR EMAIL… https://t.co/Yw1p72Iakv",click on the link below and register to earn 3 coins make sure you verify your email,1
2633,#Pablo Escobar's brother has launched his own cryptocurrency: Diet Bitcoin https://t.co/mPZOKiqybV #ICO… https://t.co/S9k1NkThEu,escobars brother has launched his own cryptocurrency diet bitcoin,1
747,"RT @dmarron: ""Ms. Walter said she had seen clients with cryptocurrency gains as large as $400,000 who did not withhold taxes during the yea…",ms walter said she had seen clients with cryptocurrency gains as large as 400000 who did not withhold taxes during the yea,1
2288,#XEM Price is 0.00003301 (-0.00000028) #BTC / 0.275969 (-0.00347) #USD. Market rank is 13. #nem #bitcoin #blockchain,price is 000003301 000000028 0275969 000347 market rank is 13,0
5710,$bitcoin (WSJ: SEC To Examine Up To 100 Crypto-Related Hedge Funds) has been published on Bitcoin Mine News -… https://t.co/Txeq3wxA25,bitcoin wsj sec to examine up to 100 cryptorelated hedge funds has been published on bitcoin mine news,0
3118,"Name: AdEx
Symbol: ADX
24 hour change: -5.7%
Price: 0.759016
Rank: 153
Total Supply: 100000000.0
Volume: 6749890.0… https://t.co/CDpznJ3GKI",name adex symbol adx 24 hour change 57 price 0759016 rank 153 total supply 1000000000 volume 67498900,0
2013,"Name: Eidoo
Symbol: EDO
24 hour change: -4.23%
Price: 1.72991
Rank: 170
Total Supply: 90208328.0
Volume: 5874890.0… https://t.co/1s4TJtjUZG",name eidoo symbol edo 24 hour change 423 price 172991 rank 170 total supply 902083280 volume 58748900,0
2053,happy day https://t.co/7CJVp7cAzg,happy day,1
1974,RT @4newcoin: Happy to be part of the solution are we! #4NEW #4NEWBIGGESTICO #BiggestICO #MakeBitcoinSustainable #ecocrypto #greencrypto ht…,happy to be part of the solution are we ht,1
1601,Child Pornography That Researchers Found in the Blockchain Could Threaten Bitcoin's Very Existence https://t.co/3NJD2brGyC 2018 is dumb af,child pornography that researchers found in the blockchain could threaten bitcoins very existence 2018 is dumb af,0
114,"@AirdropBlog @m_xtar Bitcoin BTG (BTG) go becomes popular also apt other expensive, marely You still donТt hold it?… https://t.co/BHjemzPD2g",bitcoin btg btg go becomes popular also apt other expensive marely you still dont hold it,1
2573,Sorry @_Kevin_Pham but don’t talk about my country... is not time to joke with that !... country is a mess https://t.co/wdipln2znA,sorry but dont talk about my country is not time to joke with that country is a mess,0
1433,RT @LegendOfCrypto: #Bitcoin price lately https://t.co/NDOkayHHbg,price lately,0
5603,"We are excited to meet Bitcoin-enthusiasts and Bitcoin-dreamers in mexico city!

Visit us here:
Venue: St Regis Mex… https://t.co/64gXIuN64N",we are excited to meet bitcoinenthusiasts and bitcoindreamers in mexico city visit us here venue st regis mex,1
2445,"RT @cryptodrops_xyz: #freetokens #airdropalert #airdrop #ethereum #bounty #cryptocurrency #bitcoin
Get 500 SFN tokens (worth $35) plus more…",get 500 sfn tokens worth 35 plus more,1
4295,"RT @Misssbitcoin: ⚡️ Today we recorded a completely new cryptocast in this amazing new studio @BNR @CryptocastNL 
#crypto #bitcoin https://…",today we recorded a completely new cryptocast in this amazing new studio,1
2802,"Name: WaBi
Symbol: WABI
24 hour change: -6.62%
Price: 0.787104
Rank: 209
Total Supply: 99218023.0
Volume: 4388040.0… https://t.co/uSGC39NbIl",name wabi symbol wabi 24 hour change 662 price 0787104 rank 209 total supply 992180230 volume 43880400,0
1619,"@Wikipediathiss Bitcoin BTG(OFFICIAL) (BTG) is gaining popularity ^&amp;^ right other expensive, marely You still donТt… https://t.co/AFTlnCokIU",bitcoin btgofficial btg is gaining popularity right other expensive marely you still dont,0
5003,Tips To Playing 5 Dragons Slot Online Over the years we have come up with a few tips to make your online casino slo… https://t.co/doYdXNX0fm,tips to playing 5 dragons slot online over the years we have come up with a few tips to make your online casino slo,0
3539,Thanks for sharing this to your members https://t.co/3TFv6wlS2P,thanks for sharing this to your members,1
5665,RT @ProfWoodward: The latest The Cyber Daily! https://t.co/dsEOJvQ8tv Thanks to @apblake @vaibhavdgupta @JekVGC #cybersecurity #bitcoin,the latest the cyber daily thanks to,1
107,"Name: Asch
Symbol: XAS
24 hour change: -26.58%
Price: 0.569245
Rank: 160
Total Supply: 114855331.0
Volume: 3416600.… https://t.co/oO7bW9dv6v",name asch symbol xas 24 hour change 2658 price 0569245 rank 160 total supply 1148553310 volume 3416600,0
4860,This was a Grey’s Anatomy plot line just a few weeks ago https://t.co/ypHG9Xd6Q5,this was a greys anatomy plot line just a few weeks ago,0
3398,#ACTNOW! Before its too Late! The #AmericanDream can be YOURS w/#EB5 #EB5Visa #Immigrant #Investor #Visa Program to… https://t.co/6BMwXpaCuU,before its too late the can be yours w program to,0
4636,#Binance Lists WanCoin ( $WAN ) #bitcoin #Bittrex #ethereum,lists wancoin wan,0
589,@APompliano but what if someone killed all the bitcoin developers?,but what if someone killed all the bitcoin developers,0
1445,"Name: CRYPTO20
Symbol: C20
24 hour change: -7.18%
Price: 1.30366
Rank: 164
Total Supply: 40656082.0
Volume: 2551460… https://t.co/DvrIDavIrC",name crypto20 symbol c20 24 hour change 718 price 130366 rank 164 total supply 406560820 volume 2551460,0
5509,RT @humanifold: Independent #bitcoin developer and product visionary @shesek has been on a roll lately. Stay tuned as @Blockstream announce…,independent developer and product visionary has been on a roll lately stay tuned as announce,0
1759,RT @travzilla88: https://t.co/RCUVGVJu1V #Cloudmining #BTC #Bitcoin as low as $1.08 to start It's dirt cheap right now! Sign up under my li…,as low as 108 to start its dirt cheap right now sign up under my li,1
1464,"#bitcoin
Now you can get a coin of 0.00000025 everyday! https://t.co/lhAGS3zFaQ",now you can get a coin of 000000025 everyday,0
2296,"Name: Raiden Network Token
Symbol: RDN
24 hour change: -9.26%
Price: 1.53691
Rank: 130
Total Supply: 100000000.0
Vo… https://t.co/e44zxvQ689",name raiden network token symbol rdn 24 hour change 926 price 153691 rank 130 total supply 1000000000 vo,0
2609,Because the 85 burning down and waterpocalypse weren’t enough https://t.co/KfITmWjajK,because the 85 burning down and waterpocalypse werent enough,0
4528,RT @IncomeSharks: #Litecoin bouncing off the support line nicely. #Bitcoin is moving up too so we should see it test the BB basis line soon…,bouncing off the support line nicely is moving up too so we should see it test the bb basis line soon,1
4002,"@derose @DavidFBailey @WayneVaughan @VinnyLingham @gyft Not only that, its very complex building apps on bitcoin...",not only that its very complex building apps on bitcoin,0
1166,"@CryptoShillNye HEY FUCK YOU, TRX IS NEXT BITCOIN BITCH.",hey fuck you trx is next bitcoin bitch,0
2000,RT @cleanfamilyman: @bitcoingold how will users get bitcoin gold quickly and easily? I think bitcoin gold should get a credit card. Because…,how will users get bitcoin gold quickly and easily i think bitcoin gold should get a credit card because,1
126,"The advanced technology of gas storage is what the CCA project offers, it's cool, and in demand. 
#CCA #ICO… https://t.co/Pho1KM1FOX",the advanced technology of gas storage is what the cca project offers its cool and in demand,1
5291,@smsportsguy @JoeFloccari @KariVanHorn Bitcoin is worth 10x what it was just a few years ago. I wouldn't call that tanking.,bitcoin is worth 10x what it was just a few years ago i wouldnt call that tanking,1
2484,".@JobDotCom is going to be the first decentralized, direct hiring platform utilizing smart contracts. 

Join the co… https://t.co/4dUEFBis7A",is going to be the first decentralized direct hiring platform utilizing smart contracts join the co,1
3022,"@coinsforest Bitcoin -Gold (Bitcoin Gold) and become popularity also fitting new expensive, simply Your still donТt… https://t.co/rHHiRrl6J5",bitcoin gold bitcoin gold and become popularity also fitting new expensive simply your still dont,1
1988,"Name: DADI
Symbol: DADI
24 hour change: -13.08%
Price: 0.183711
Rank: 360
Total Supply: 100000000.0
Volume: 2240060… https://t.co/FXaMCd9XzM",name dadi symbol dadi 24 hour change 1308 price 0183711 rank 360 total supply 1000000000 volume 2240060,0
2943,Skyf has a strongest team that will accurately bring @SKYFchain to the huge market! SKYFchain is the first blockcha… https://t.co/EtOy1IHFN3,skyf has a strongest team that will accurately bring to the huge market skyfchain is the first blockcha,1
305,RT @Kekigami: $VEE is changing the advertising industry itself. Ads will no longer be forced on you like some back alley assault. Instead t…,vee is changing the advertising industry itself ads will no longer be forced on you like some back alley assault instead t,0
2280,RT @truegameSRL: ✅Truegame✅ CRYPTO LEGENDS 💰 Scratchcards 💰 Coming soon ⏰ #truegame #smartcontracts #games #cryptolegends #gambling #game #…,truegame crypto legends scratchcards coming soon,0
3258,Bitcoin Mining is more Polluting than Gold Mining - Digiconomist https://t.co/JmDif2f3Nr via @DigiEconomist,bitcoin mining is more polluting than gold mining digiconomist via,1
3731,"Name: Everex
Symbol: EVX
24 hour change: -9.3%
Price: 1.24529
Rank: 284
Total Supply: 25000000.0
Volume: 2535640.0… https://t.co/y0mmcBjdih",name everex symbol evx 24 hour change 93 price 124529 rank 284 total supply 250000000 volume 25356400,0
1726,I made a quick video summing up the bcash vs bitcoin debate.  The more Ver &amp; Co. try to attack bitcoin the more dam… https://t.co/4UEdFWE1xC,i made a quick video summing up the bcash vs bitcoin debate the more ver co try to attack bitcoin the more dam,1
419,The main goal of DataBroker DAO is to provide a distributed marketplace  for IoT sensor data. The company aims to c… https://t.co/7idhpJqoM4,the main goal of databroker dao is to provide a distributed marketplace for iot sensor data the company aims to c,1
2166,Where Could Bitcoin Succeed as a Currency? In a Failed State https://t.co/AEzTPk6S3b via @backchnnl,where could bitcoin succeed as a currency in a failed state via,0
4851,"Appreciated for the review, but just to clarify, Bitcoin Parallel is not an ICO. https://t.co/wwnwxI3hUJ… https://t.co/FNvOystxz5",appreciated for the review but just to clarify bitcoin parallel is not an ico,1
4685,@APompliano All forms of currency have been replaced by another through time.  Bitcoin was the first to market in c… https://t.co/3xTjfv7r9i,all forms of currency have been replaced by another through time bitcoin was the first to market in c,1
5238,Want to partner up pumping #bitcoin into the community? We've the very best #bitcoin site! Try it! https://t.co/QJgK4vQfFW #clover #ux,want to partner up pumping into the community weve the very best site try it,1
5206,The latest The online casino Daily! https://t.co/Pb3zaoVG43 Thanks to @SummayS @CasinoBonusCOM @MYRQQ101 #bitcoin #casino,the latest the online casino daily thanks to,1
320,"Name: Metaverse ETP
Symbol: ETP
24 hour change: -12.12%
Price: 0.892412
Rank: 221
Total Supply: 57379146.0
Volume:… https://t.co/uv0Rx13nEE",name metaverse etp symbol etp 24 hour change 1212 price 0892412 rank 221 total supply 573791460 volume,0
1498,"Bye bye bull.
Buy position in another few hundred #bitcoin",bye bye bull buy position in another few hundred,0
3643,Thrive makes rethinking of advertising on the Internet This is a great success for the entire crypto industry! I be… https://t.co/sSZXKn5Q5j,thrive makes rethinking of advertising on the internet this is a great success for the entire crypto industry i be,1
3560,"Name: Tidex Token
Symbol: TDX
24 hour change: -39.31%
Price: 0.307302
Rank: 642
Total Supply: 10000000.0
Volume: 16… https://t.co/LSB9yfHKWn",name tidex token symbol tdx 24 hour change 3931 price 0307302 rank 642 total supply 100000000 volume 16,0
2960,"Name: Raiden Network Token
Symbol: RDN
24 hour change: -11.06%
Price: 1.53293
Rank: 130
Total Supply: 100000000.0
V… https://t.co/MG4LJHPvxZ",name raiden network token symbol rdn 24 hour change 1106 price 153293 rank 130 total supply 1000000000 v,0
2561,"With #Wanchain, any institution or individual can set up their own virtual teller window in the “bank” and provide… https://t.co/FE8K1ub4pt",with any institution or individual can set up their own virtual teller window in the bank and provide,1
821,Custom Doge Stamp $0.99 Free Intl Shipping https://t.co/Dat2jrS3mG #doge #dogecoin #btc #bitcoin #ltc,custom doge st 099 free intl shipping,1
1919,"FansBusted: RT LakeshoreRecs: #deepthoughtsfromthe80s ""Our music is going to inspire a whole new generation.""… https://t.co/9vwxlWJPZP",fansbusted lakeshorerecs our music is going to inspire a whole new generation,1
429,"If you're serious about your crypto, you need to take heed to how this battle of smokes and mirrors pans out! 

Dav… https://t.co/jmLTxQONTN",if youre serious about your crypto you need to take heed to how this battle of smokes and mirrors pans out dav,0
1784,"New bitcoin report for block 514754, there were 0 transactions over $500,000 USD totaling $0 USD. Full report here: https://t.co/T7E2NyDGVg",new bitcoin report for block 514754 there were 0 transactions over 500000 usd totaling 0 usd full report here,1
4943,"@pwthornton Bitcoin fans: Fuck the FDIC and big government regulations!
Also Bitcoin fans: What the fuck just happened to my money?",bitcoin fans fuck the fdic and big government regulations also bitcoin fans what the fuck just happened to my money,0
4534,5 Holiday Tips for Bitcoin Enthusiasts (or How to Get Your Family Excited About Bitcoin) #bitcoin .. https://t.co/dTGi3BQccF,5 holiday tips for bitcoin enthusiasts or how to get your family excited about bitcoin,1
3276,https://t.co/rki7PPm5b5 I Choose Financial Freedom https://t.co/boESY96F2T #success #forex #currency #investing… https://t.co/M88gFBqjAr,i choose financial freedom,1
3541,"Wanchain on Binance coming.

$Wan #bitcoin #blockchain #cryptocurrency #Ethereum https://t.co/6L9qnk2Ne0",wanchain on binance coming wan,0
3291,New Tesla pay package could make Elon Musk the richest man alive If Elon Musk can turn Tesla into a $ 650 billion c… https://t.co/6PEbtn8lgi,new tesla pay package could make elon musk the richest man alive if elon musk can turn tesla into a 650 billion c,1
2321,Hopefully there will be less referal links to binance🤔 https://t.co/H6lU7Q6ssp,hopefully there will be less referal links to binance,0
1642,true story https://t.co/GYKkdY1DnL,true story,1
1068,"Using risk-reward ratio right now, long term, your risk buying bitcoin is around 31% for a long term gain of not &lt;3… https://t.co/0zrEEyFI6Z",using riskreward ratio right now long term your risk buying bitcoin is around 31 for a long term gain of not lt3,1
3832,Global Yacht Charter Marketplace. List and Market Free #SMB   https://t.co/5qlAMKDlFL  The good news is it's not a… https://t.co/cwVXwQcxIv,global yacht charter marketplace list and market free the good news is its not a,1
4521,RT @BeaxyExchange: It's important to understand why you want to be involved with crypto.  It isn't all about getting rich quick -- It is ab…,its important to understand why you want to be involved with crypto it isnt all about getting rich quick it is ab,1
1471,Snapchat Messaging App Latest to Ban ICO Ads https://t.co/oxtxanYso6 #cryptocurrency #blockchain #hodl $xvg $btc… https://t.co/g2dm3jCnPk,snapchat messaging app latest to ban ico ads xvg btc,1
4683,"Bitcoin Code Explained New Bitcoin Code Example Review, What is Bitcoin Code? So, Read The Bitcoin Code Review To U… https://t.co/Zv9oYxI40c",bitcoin code explained new bitcoin code exle review what is bitcoin code so read the bitcoin code review to u,1
3815,RT @jasnell: New proposed code deprecation strategy: embed a bitcoin miner inside any JavaScript function you don't want people to use anym…,new proposed code deprecation strategy embed a bitcoin miner inside any javascript function you dont want people to use anym,1
118,"@coin_chart Bitcoin BTG(OFFICIAL) (Bitcoin Gold) are becomes popularity ^&amp;^ apt more expensive, only You still donТ… https://t.co/sIRIejrPoD",bitcoin btgofficial bitcoin gold are becomes popularity apt more expensive only you still don,1
4313,@Deprogrammer9 @devilsdeacon @ZeitgeistFilm Destructive? Get well soon! Thanks for making me read a lame article fr… https://t.co/jWSYHa5E7S,destructive get well soon thanks for making me read a lame article fr,0
71,I'm always surprised to learn more about the level of paranoia with some bitcoin/blockchain minimalists. Most of th… https://t.co/11aDbzZr6x,im always surprised to learn more about the level of paranoia with some bitcoinblockchain minimalists most of th,1
2027,Bitcoin's Blockchain Contains Files Related to Sexual Content and Child Abuse - The Merkle https://t.co/hYrijEDN2D,bitcoins blockchain contains files related to sexual content and child abuse the merkle,1
461,"#Airdrop

💰🎁Reminder: Get free $XUM (Xumpay) tokens 🎁💰

Link: https://t.co/OLmhGdAJtV 
Fill the form
Support us, en… https://t.co/qj7AB9hpBa",reminder get free xum xumpay tokens link fill the form support us en,1
3867,"RT @x0rz: In case you need some Bitcoin-only &amp; Tor friendly VPS hosted in Romania, I recommend https://t.co/XUHZSfLfHR (referral) 👌",in case you need some bitcoinonly tor friendly vps hosted in romania i recommend referral,1
3994,The bull run is right around the corner 😊 https://t.co/puZ3rSTLs3,the bull run is right around the corner,1
5213,This couple loves bitcoin so much that they decided to have a bitcoin themed wedding. Most of their guests gave the… https://t.co/PJftpRTvlV,this couple loves bitcoin so much that they decided to have a bitcoin themed wedding most of their guests gave the,1
2528,"Name: CRYPTO20
Symbol: C20
24 hour change: -7.46%
Price: 1.29701
Rank: 162
Total Supply: 40656082.0
Volume: 2592070… https://t.co/1s2s2HoEb1",name crypto20 symbol c20 24 hour change 746 price 129701 rank 162 total supply 406560820 volume 2592070,0
2136,"BTC fell to $8,393 (a new 24h low)

#bitcoin #btc #blockchain #crypto #signals #cryptocurrency https://t.co/pRRa0d4ypE",btc fell to 8393 a new 24h low,1
5030,"Taiwan Edges Toward Liberalizing Cryptocurrency As Other Asian Countries Tighten Rules
#bitgenie #geniepredicts… https://t.co/0cRrmAUKvW",taiwan edges toward liberalizing cryptocurrency as other asian countries tighten rules,0
4617,New post (Monthly Web Traffic for Important Bitcoin Exchanges Falls by Half) has been published on Crypto Mainframe… https://t.co/QY81CSmmR2,new post monthly web traffic for important bitcoin exchanges falls by half has been published on crypto mainframe,1
3604,Is there a strategy for Coinbase to not list XRP and other major coins? https://t.co/7ywS0Ld9L7 #ripple #hodl… https://t.co/g6NGO00KEd,is there a strategy for coinbase to not list xrp and other major coins,0
2165,"Name: Everex
Symbol: EVX
24 hour change: -10.41%
Price: 1.23836
Rank: 286
Total Supply: 25000000.0
Volume: 2554750.… https://t.co/yAgcKIIpmx",name everex symbol evx 24 hour change 1041 price 123836 rank 286 total supply 250000000 volume 2554750,0
2903,#SUB Price is 0.00004623 (+0.00000029) #BTC / 0.390468 (+0.00491) #USD. Market rank is 115. #substratum #bitcoin #blockchain,price is 000004623 000000029 0390468 000491 market rank is 115,0
2658,#Bitcoin Falls on Fears of Regulatory Trouble for Big Crypto Exchange: A looming regulatory rebuke for one of the w… https://t.co/ME2uLdsrlL,falls on fears of regulatory trouble for big crypto exchange a looming regulatory rebuke for one of the w,0
5131,"Name: Santiment Network Token
Symbol: SAN
24 hour change: -10.73%
Price: 1.28231
Rank: 129
Total Supply: 83337000.0… https://t.co/YV7GknT2qF",name santiment network token symbol san 24 hour change 1073 price 128231 rank 129 total supply 833370000,0
578,Join me on Smiley360 &amp; try products for free. #OnAMission  https://t.co/pvrZTK82w2  #shopping #Smiley360 #ozzmak Jo… https://t.co/ekGlY6dHEB,join me on smiley360 try products for free jo,1
3444,[#Bitcoin] We are in a black swan environment. Centuries old wealth will be turned upside down. Take your advantage… https://t.co/72UNDE7cxE,we are in a black swan environment centuries old wealth will be turned upside down take your advantage,0
1142,"Name: SunContract
Symbol: SNC
24 hour change: -8.76%
Price: 0.181888
Rank: 281
Total Supply: 122707503.0
Volume: 45… https://t.co/pILfONGitk",name suncontract symbol snc 24 hour change 876 price 0181888 rank 281 total supply 1227075030 volume 45,0
691,RT @CNBC: This couple loves bitcoin so much that they decided to have a bitcoin themed wedding. Most of their guests gave them bitcoin as a…,this couple loves bitcoin so much that they decided to have a bitcoin themed wedding most of their guests gave them bitcoin as a,1
1047,New #AltcoinPro members trade idea posted https://t.co/vnsM0rHBKo #Altcoin #Blockchain #Fintech #Bitcoin @BullBearAnalyst,new members trade idea posted,1
4654,"@coinlerinkrali Bitcoin Gold (Bitcoin Gold) is become best news also seemly new expensive, just You still donТt own… https://t.co/83sV9ItQF8",bitcoin gold bitcoin gold is become best news also seemly new expensive just you still dont own,1
3514,"Name: Wings
Symbol: WINGS
24 hour change: -6.42%
Price: 0.461756
Rank: 189
Total Supply: 100000000.0
Volume: 181050… https://t.co/qy6SbIxNrn",name wings symbol wings 24 hour change 642 price 0461756 rank 189 total supply 1000000000 volume 181050,0
1845,"Name: Everex
Symbol: EVX
24 hour change: -9.01%
Price: 1.25102
Rank: 284
Total Supply: 25000000.0
Volume: 2533760.0… https://t.co/sRBiGdXR8J",name everex symbol evx 24 hour change 901 price 125102 rank 284 total supply 250000000 volume 25337600,0
2763,1 Bitcoin Cash = 969.07 USD. BCH has changed by -4.184 USD in 30 mins. Live price: https://t.co/SlFyfFfYJp #bitcoin #bch #cryptocurrency,1 bitcoin cash 96907 usd bch has changed by 4184 usd in 30 mins live price,1
4695,"The SEC is examining up to 100 hedge funds that deal in #crypto, says WSJ. https://t.co/clHuaT3QqA

The SEC is exam… https://t.co/hVxH9I82wk",the sec is examining up to 100 hedge funds that deal in says wsj the sec is exam,0
2795,University Student Gang ”Breaking Bad” Jailed For Dealing $1M+ in Drugs for Bitcoin - Bitcoin News (press release) https://t.co/miiPEeoQQF,university student gang breaking bad jailed for dealing 1m in drugs for bitcoin bitcoin news press release,0
2262,"@MatthewGibbo @munyard It's all a matter of perspective really.. I mean this article could read ""Bitcoin flaw leads… https://t.co/Pf3axOij1X",its all a matter of perspective really i mean this article could read bitcoin flaw leads,0
2076,"❤️👕 I Love Bitcoin &amp; altcoin T-Shirts 👕❤️⠀
If you love cryptocoins then wear a t-shirt proudly saying so⠀
#bitcoin… https://t.co/7N124ldQ1O",i love bitcoin altcoin tshirts if you love cryptocoins then wear a tshirt proudly saying so,1
799,"RT @cibusworld: COMPARATIVE ANALYSIS OF CIBUS WITH OTHER FOOD PLATFORMS
https://t.co/gOfUMn34g9
#cryotocurrency,#bitcoin,#ico,#ethereum_news",comparative analysis of cibus with other food platforms,0
5022,BITCOIN: The Ultimate Beginner Through Advanced Guide on Everythin https://t.co/M7BS6O9hzc #Cybersecurity #Bitcoin https://t.co/qv3xtq0rne,bitcoin the ultimate beginner through advanced guide on everythin,1
1338,New post (WSJ: SEC To Examine Up To 100 Crypto-Related Hedge Funds) has been published on Bitcoin Mine News -… https://t.co/ovXcqAXhe4,new post wsj sec to examine up to 100 cryptorelated hedge funds has been published on bitcoin mine news,1
4358,"Name: NuBits
Symbol: USNBT
24 hour change: -10.35%
Price: 0.697717
Rank: 481
Total Supply: 70359638.0
Volume: 11731… https://t.co/V8F0D7JLvG",name nubits symbol usnbt 24 hour change 1035 price 0697717 rank 481 total supply 703596380 volume 11731,0
4664,"Name: Mercury
Symbol: MER
24 hour change: -9.92%
Price: 0.199319
Rank: 290
Total Supply: 100000000.0
Volume: 129414… https://t.co/dasZ675O3E",name mercury symbol mer 24 hour change 992 price 0199319 rank 290 total supply 1000000000 volume 129414,0
2964,"@coin_chart Bitcoin -Gold (Bitcoin Gold) do  becomes popular also right added expensive, simply Your still donТt ow… https://t.co/z5tdkjWYBN",bitcoin gold bitcoin gold do becomes popular also right added expensive simply your still dont ow,1
3562,"https://t.co/GxjCOsr6PR ""We've just announced Filebazaar—the first of seven new Lightning apps (""Lapps"") that we'll… https://t.co/atRex4A6Vx",weve just announced filebazaarthe first of seven new lightning apps lapps that well,1
5634,"hy, Check Out this Free Bitcoin Miner! - https://t.co/cGbh3b4nbT es chida para minar satoshis desde el cell TwT",hy check out this free bitcoin miner es chida para minar satoshis desde el cell twt,1
3853,#currency #cryptocurrency Monthly Web Traffic for Major Bitcoin Exchanges Falls by Half: The disappointing price pe… https://t.co/jeFJTBh6dz,monthly web traffic for major bitcoin exchanges falls by half the disappointing price pe,0
3708,"Earn Free Bitcoin – Bitcoin faucet : https://t.co/WYeiwAzHW5 #bitcoin #btc March 23, 2018 at 04:31AM",earn free bitcoin bitcoin faucet march 23 2018 at 0431am,1
5795,"#BAANX is the first cryptobank the offer fast and secured bitcoin banking.( Other crypto too)
What to experience al… https://t.co/bZM1Fosk3S",is the first cryptobank the offer fast and secured bitcoin banking other crypto too what to experience al,1
1714,"""In France you can rent a Lambo in bitcoin :)"" by /u/sauzrian via Bitcoin - The Currency of the Internet https://t.co/KkP6umhuf7",in france you can rent a lambo in bitcoin by usauzrian via bitcoin the currency of the internet,1
2503,@Snowden Post more bitcoin FUD please.,post more bitcoin fud please,1
3476,"RT @bitcoin_miner_: Bitcoin’s current exchange rate is 8614.7 USD.

START BITCOIN MINING TODAY! 

Compare and choose the most profitable an…",bitcoins current exchange rate is 86147 usd start bitcoin mining today compare and choose the most profitable an,1
1065,A Practical Bitcoin Tutorial FREE on @Pornhub! https://t.co/aMxNYWnFKm,a practical bitcoin tutorial free on,1
801,Him alone center race reason single morning style stay only benefit site charge #Bitcoin,him alone center race reason single morning style stay only benefit site charge,0
603,Find approach book simple affect TV remember itself later manager #Bitcoin,find approach book simple affect tv remember itself later manager,0
1059,"Name: SunContract
Symbol: SNC
24 hour change: -5.0%
Price: 0.187689
Rank: 273
Total Supply: 122707503.0
Volume: 465… https://t.co/7so9wFzOfI",name suncontract symbol snc 24 hour change 50 price 0187689 rank 273 total supply 1227075030 volume 465,0
508,"Bitcoin: The ultimate guide to buying, selling, mining and investing in bitcoins. Be the best bitcoin miner and fil… https://t.co/HqpCAPqxxF",bitcoin the ultimate guide to buying selling mining and investing in bitcoins be the best bitcoin miner and fil,1
3192,#Ilovebitcoin because there are no legal issues with using #bitcoin everywhere,because there are no legal issues with using everywhere,0
4101,"RT @FreeZone_one: We are happy to announce that our smart-contract is finally up and running on github, just follow the link https://t.co/o…",we are happy to announce that our smartcontract is finally up and running on github just follow the link,1
1449,"Terabyte blocks - $52k per year today. In 20 years, $5,200. More expensive than a raspberry pi. Less expensive than… https://t.co/oF2GLLL5El",terabyte blocks 52k per year today in 20 years 5200 more expensive than a raspberry pi less expensive than,0
5508,"Name: Eidoo
Symbol: EDO
24 hour change: -5.97%
Price: 1.6886
Rank: 170
Total Supply: 90208328.0
Volume: 5994520.0… https://t.co/GBFCsuyEJ0",name eidoo symbol edo 24 hour change 597 price 16886 rank 170 total supply 902083280 volume 59945200,0
3149,"Read my Mar 23 Newsletter featuring “Bitcoin Could Become Illegal Almost Everywhere, After Shocking Discovery…” https://t.co/KG95nOoWag",read my mar 23 newsletter featuring bitcoin could become illegal almost everywhere after shocking discovery,0
3350,RT @DeedCoin: The next Deedcoin sales phase starts on april 30th! we have LIMITED spaces available! have you been whitelisted yet ? do it h…,the next deedcoin sales phase starts on april 30th we have limited spaces available have you been whitelisted yet do it h,1
4290,"Name: https://t.co/0Ow97S63We Utility Token
Symbol: SXUT
24 hour change: -8.43%
Price: 0.266486
Rank: 511
Total Sup… https://t.co/1a5wAo8EN9",name utility token symbol sxut 24 hour change 843 price 0266486 rank 511 total sup,0
1830,"Name: Raiden Network Token
Symbol: RDN
24 hour change: -12.3%
Price: 1.51923
Rank: 130
Total Supply: 100000000.0
Vo… https://t.co/rjjeAn03Pa",name raiden network token symbol rdn 24 hour change 123 price 151923 rank 130 total supply 1000000000 vo,0
5331,"$$##New ICO, #Airdrop get #Free Get 10 $MDT (listed on OKex&amp; https://t.co/03TDsDm8Pe) tokens....Free..No Investment… https://t.co/e5tQGojXKX",ico get get 10 mdt listed on okex tokensfreeno investment,1
3831,(Bitcoin Loses $9k Support After Binance Confusion Shakes Confidence) has been published on ads r7ty -… https://t.co/sZIOpUFBHA,bitcoin loses 9k support after binance confusion shakes confidence has been published on ads r7ty,0
2676,"RT @RealAirdrop: NEW #AIRDROP 📢

#Chimaera gaming platform for game developers to build their own game worlds that fit their vision and pro…",new gaming platform for game developers to build their own game worlds that fit their vision and pro,1
1550,"RT @VileKC: The face you make when Bitcoin is failing, your voice cracks like a 12 year old going through puberty, and hairline is nonexist…",the face you make when bitcoin is failing your voice cracks like a 12 year old going through puberty and hairline is nonexist,1
1921,Skychain’s AI Solution Can Cut Emergency Room Misdiagnosis - https://t.co/sHByHF4Vz0 - Generate Bitcoin. Take your free Bitcoin,skychains ai solution can cut emergency room misdiagnosis generate bitcoin take your free bitcoin,1
2359,"#BTC2 , @btccloud 
@marlonhupeda @BaronMjanie 
@maricor1009 
Total Supply # 20M
4M Coins Will be Airdrop For Free
L… https://t.co/ZGny56sYa7",total supply 20m 4m coins will be airdrop for free l,1
3866,"@Meilinjau Bitcoin Gold (Bitcoin-Gold) and gaining popularity ^&amp;^ right new expensive, only Your still donТt hold i… https://t.co/SD5dmrjbVa",bitcoin gold bitcoingold and gaining popularity right new expensive only your still dont hold i,0
897,"Name: EZToken
Symbol: EZT
24 hour change: -10.9%
Price: 0.876259
Rank: 426
Total Supply: 50000000.0
Volume: 1043420… https://t.co/fp4ovK5izj",name eztoken symbol ezt 24 hour change 109 price 0876259 rank 426 total supply 500000000 volume 1043420,0
4745,"RT @CFRN: Top Rated #Cryptocurrency #Podcasts 
From Around The World

Fresh episodes the minute they're published - 24/7.

Another member o…",top rated from around the world fresh episodes the minute theyre published 247 another member o,1
4978,"Binance Calls FAKE NEWS! Bitcoin Charting, and a Trade at the End https://t.co/TFzD2KWAEf https://t.co/rwS7wvnlNa",binance calls fake news bitcoin charting and a trade at the end,0
813,RT @GymRewards: Upvoted: woww!! such a nice thing that i ever watched. Beautiful music video which created by GymRewards. via /r/GYMRewards…,upvoted woww such a nice thing that i ever watched beautiful music video which created by gymrewards via rgymrewards,1
4119,"Name: Eidoo
Symbol: EDO
24 hour change: -6.79%
Price: 1.68031
Rank: 170
Total Supply: 90208328.0
Volume: 6130460.0… https://t.co/BhvBUYQmO3",name eidoo symbol edo 24 hour change 679 price 168031 rank 170 total supply 902083280 volume 61304600,0
2199,#ADA Price is 0.00002266 (-0.00000010) #BTC / 0.194882 (-0.00082) #USD. Market rank is 6. #cardano #bitcoin #blockchain,price is 000002266 000000010 0194882 000082 market rank is 6,0
3611,"Except anonymity is not important to money for its own sake. It's important because, without it, the fungibility of… https://t.co/NtETbAZDRu",except anonymity is not important to money for its own sake its important because without it the fungibility of,1
2235,"Name: Matchpool
Symbol: GUP
24 hour change: -13.93%
Price: 0.191164
Rank: 353
Total Supply: 98855150.0
Volume: 2932… https://t.co/oDvtBBDAfU",name matchpool symbol gup 24 hour change 1393 price 0191164 rank 353 total supply 988551500 volume 2932,0
2058,Set pricing alerts for top 100 #cryptocurrencies by signing up in https://t.co/qI2BXs77nJ #bitcoin #ETHEREUM #Ripple #crypto,set pricing alerts for top 100 by signing up in,1
13,"@FinancialTimes The word mining has now taking a more sinister turn ! No longer is it for diamonds ,coal ,gold or m… https://t.co/XvCjGIz4Kz",the word mining has now taking a more sinister turn no longer is it for diamonds coal gold or m,0
5430,Evolution Of Bitcoin - Full Documentary 2017 [Hd] [Digital Money Bitcoin] https://t.co/z87CP2VOHX https://t.co/m8ECBcGMEE,evolution of bitcoin full documentary 2017 hd digital money bitcoin,1
5287,Twitter CEO Jack Dorsey says Bitcoin will be world’s ‘single currency’ https://t.co/MUMS8E5FEX via @MailOnline,twitter ceo jack dorsey says bitcoin will be worlds single currency via,0
1629,Bitcoin Private (BTCP Token): Legit Crypto Coin From Bitcoin Hard Fork? https://t.co/E8CDGnF5Zx https://t.co/W2bfw7HFqA,bitcoin private btcp token legit crypto coin from bitcoin hard fork,0
1635,#ADA Price is 0.00002235 (-0.00000028) #BTC / 0.187662 (-0.00203) #USD. Market rank is 6. #cardano #bitcoin #blockchain,price is 000002235 000000028 0187662 000203 market rank is 6,0
2399,"RT @RunningLow: UNFOLLOW @WeissRatings. 

Their reports only add to speculation. Their rating reports are ridiculous &amp; their knowledge is c…",unfollow their reports only add to speculation their rating reports are ridiculous their knowledge is c,0
1098,"[09:02] #Venice #StartMiner, #free #BitCoin #Mining without beeing even #online. Try it completly for free.… https://t.co/NCuw9rAVaM",0902 without beeing even try it completly for free,1
4335,"Name: Modum
Symbol: MOD
24 hour change: -18.93%
Price: 2.10388
Rank: 198
Total Supply: 27266200.0
Volume: 1217590.0… https://t.co/qLCXyQ4TdH",name modum symbol mod 24 hour change 1893 price 210388 rank 198 total supply 272662000 volume 12175900,0
4846,"Name: Bodhi
Symbol: BOT
24 hour change: -5.82%
Price: 0.344457
Rank: 366
Total Supply: 100000000.0
Volume: 1217010.… https://t.co/OgyOfv3Asj",name bodhi symbol bot 24 hour change 582 price 0344457 rank 366 total supply 1000000000 volume 1217010,0
5172,"Bitcoin Mania: The first time I bought virtual money, in October 2017, bitcoins, the cryptocurrency everyone b.. https://t.co/pVqsgFRaAa",bitcoin mania the first time i bought virtual money in october 2017 bitcoins the cryptocurrency everyone b,1
2187,"BTC fell to $8,420 (a new 24h low)

#bitcoin #btc #blockchain #crypto #signals #cryptocurrency https://t.co/zKIULt6u22",btc fell to 8420 a new 24h low,1
1287,If you loved WWF back in the day...Well this is the #Crypto Tax meme is for you! —————— #IRS #CryptoMadness… https://t.co/2ShIjvykZA,if you loved wwf back in the daywell this is the tax meme is for you,1
4525,Yes is a freaking mess!... but you are lucky to get cash... it has more profit than bitcoin https://t.co/g299hd182p,yes is a freaking mess but you are lucky to get cash it has more profit than bitcoin,1
5348,"RT @realLudvigArt: Exactly 4 years ago, #Bitcoin was trading at 600$, today 10300$. (+1700%). Exactly 4 years ago, #NVDA was trading at 18$…",exactly 4 years ago was trading at 600 today 10300 1700 exactly 4 years ago was trading at 18,1
983,"Trading crypto is a way of transferring money from the impatient to the patient.

#cryptocurrency  #bitcoin",trading crypto is a way of transferring money from the impatient to the patient,0
1040,"Since 1984, the quarterly magazine 2600 has provided fascinating a https://t.co/vtad1XwkVN #Cybersecurity #Bitcoin https://t.co/ZJZUEQWZpR",since 1984 the quarterly magazine 2600 has provided fascinating a,1
1298,RT @jamiedcville: The central banks are loathe to give up their monopoly on terrorism and money laundering. And they're afraid of cryptocur…,the central banks are loathe to give up their monopoly on terrorism and money laundering and theyre afraid of cryptocur,0
4856,"Name: Matchpool
Symbol: GUP
24 hour change: -15.54%
Price: 0.187704
Rank: 358
Total Supply: 98855150.0
Volume: 2739… https://t.co/8C5MdJuxBd",name matchpool symbol gup 24 hour change 1554 price 0187704 rank 358 total supply 988551500 volume 2739,0
2249,"If #Bitcoin tests this Dominance trend line
it will be very bearish for some Altcoins.

▶️ https://t.co/XokkANT2um… https://t.co/1u1MEyNVtB",if tests this dominance trend line it will be very bearish for some altcoins,1
466,"BTC Price: 8580.00$, 
BTC Today High : 8715.71$, 
BTC All Time High : 19903.44$
ETH Price: 532.69$ #bitcoin #BTC… https://t.co/24ZWyvWPYv",btc price 858000 btc today high 871571 btc all time high 1990344 eth price 53269,1
3068,"RT @Lulcoins: Get RecCoins, Get Paid.

The only 100% free cryptocurrency with daily payouts for life. Claim 50 free coins today, get 50 per…",get reccoins get paid the only 100 free cryptocurrency with daily payouts for life claim 50 free coins today get 50 per,1
337,"#BITCOINUS (#BITS) . Cutting edge payment processing. Receive Bitcoin, Ethereum, Litecoin and over 10...  Price 1 B… https://t.co/TU8oznR2Oo",cutting edge payment processing receive bitcoin ethereum litecoin and over 10 price 1 b,0
4765,"Name: Moeda Loyalty Points
Symbol: MDA
24 hour change: -7.48%
Price: 0.862095
Rank: 327
Total Supply: 19628888.0
Vo… https://t.co/QA6PsFvFoa",name moeda loyalty points symbol mda 24 hour change 748 price 0862095 rank 327 total supply 196288880 vo,0
4668,"RT @BhaskarCS245: shopcoin

@Shop_Coin_
 8h8 hours ago
Good news.our first airdrop now  is running ,800 SHC Per Participant,Please follow o…",shopcoin 8h8 hours ago good newsour first airdrop now is running 800 shc per participantplease follow o,1
835,"Name: Aeron
Symbol: ARN
24 hour change: -13.8%
Price: 1.23365
Rank: 332
Total Supply: 20000000.0
Volume: 1141480.0… https://t.co/Gj8fMvICtO",name aeron symbol arn 24 hour change 138 price 123365 rank 332 total supply 200000000 volume 11414800,0
3393,"@cburniske and bitcoin, in that it ushered in the first working example of a alt to fiat which was thought to be im… https://t.co/AWtrkg2QDL",and bitcoin in that it ushered in the first working exle of a alt to fiat which was thought to be im,1
2514,"https://t.co/0ScptZxYqG ""Joannes Vermorel is flipping destroying North Corea @ Satoshi's Vision Conference. Explain… https://t.co/gqAIJX766W",joannes vermorel is flipping destroying north corea satoshis vision conference explain,0
2874,The latest The Daily Bit! https://t.co/KpFCV013mF #bitcoin #cryptocurrency,the latest the daily bit,1
1507,"Name: Wings
Symbol: WINGS
24 hour change: -6.32%
Price: 0.462907
Rank: 190
Total Supply: 100000000.0
Volume: 181354… https://t.co/6EtDe3QFlb",name wings symbol wings 24 hour change 632 price 0462907 rank 190 total supply 1000000000 volume 181354,0
2065,@BioMickWatson when each file save can take a week to complete https://t.co/Yw2vtomtq5 #Crypto,when each file save can take a week to complete,1
2993,"RT @fixy_app: An Australian fund manager says cryptocurrencies are 'useless' - https://t.co/RL3KzBO0CH….

Lets meet him with Fixy Network !…",an australian fund manager says cryptocurrencies are useless lets meet him with fixy network,0
5706,Corrective Days Still Ahead? What a Beautiful Mess https://t.co/ICLXyvJwrM $btcusd #bitcoin trade at Bitmex:… https://t.co/vhntsmn6kw,corrective days still ahead what a beautiful mess btcusd trade at bitmex,1
3017,"Software is essential and pervasive in the modern world, but softw https://t.co/4Kp8NmNgey #Cybersecurity #Bitcoin https://t.co/WeEWTjeYUJ",software is essential and pervasive in the modern world but softw,1
2334,I’m going to sit in on the sidelines for $wan once it starts trading. I think it’ll pump them dump like crazy. That… https://t.co/tJUMFSaHNz,im going to sit in on the sidelines for wan once it starts trading i think itll pump them dump like crazy that,0
2536,"@CryptoVanessa Bitcoin BTG(OFFICIAL) (Bitcoin Gold) is become best news ^&amp;^ becoming other expensive, simply Your s… https://t.co/TF7c76LEfZ",bitcoin btgofficial bitcoin gold is become best news becoming other expensive simply your s,1
5770,"Name: DADI
Symbol: DADI
24 hour change: -10.07%
Price: 0.190052
Rank: 348
Total Supply: 100000000.0
Volume: 2294500… https://t.co/IPUbRwZmMM",name dadi symbol dadi 24 hour change 1007 price 0190052 rank 348 total supply 1000000000 volume 2294500,0
3524,"@_Kevin_Pham that's centralized investing, talent unable to move out of his circle

big money is outside the box, t… https://t.co/P8UTlBI4z6",thats centralized investing talent unable to move out of his circle big money is outside the box t,0
54,"RT @Mosaic_io: Our CEO, @GarrickHileman, was featured in the @BBCNews in an article about the ramifications of illegal content on the Bitco…",our ceo was featured in the in an article about the ramifications of illegal content on the bitco,0
124,"Bitcoin, Blockchain, &amp; Smart Contract Essentials: Workshop for Lawyers &amp; Law Students - bitcoin directory -  Event… https://t.co/Ha9iZiCidk",bitcoin blockchain smart contract essentials workshop for lawyers law students bitcoin directory event,1
5293,"The #Nuggets ICO is launching an #ICO for its own proprietary crypto coin, the NUG Token, as a crowdfunding strateg… https://t.co/uktpOmth0C",the ico is launching an for its own proprietary crypto coin the nug token as a crowdfunding strateg,1
3628,Break experience difference wrong successful baby rich affect system support speech score expert parent #Bitcoin,break experience difference wrong successful baby rich affect system support speech score expert parent,0
3098,"RT @TickerTop: 1: Bitcoin average price is $8441.36 (0.13% 1h)
2: Ethereum average price is $520.574 (0.63% 1h)
3: Ripple average price is…",1 bitcoin average price is 844136 013 1h 2 ethereum average price is 520574 063 1h 3 ripple average price is,0
2632,From the author of Black Hawk Down comes the story of the battle b https://t.co/yK0rfkhj6Y #Cybersecurity #Bitcoin https://t.co/RqFTzUY6V8,from the author of black hawk down comes the story of the battle b,0
2582,"TRON #TRX giveaway, claim 80 TRON worth $3 -&gt; OFFER to the first 20k people be fast!! https://t.co/1tgAeY3gb9… https://t.co/ntuWgMC1Ec",tron giveaway claim 80 tron worth 3 gt offer to the first 20k people be fast,1
748,"RT @OnWindowly: Freedom is viral.

This is the reason Bitcoin Cash has 6+ development teams.

And why people everywhere are working hard to…",freedom is viral this is the reason bitcoin cash has 6 development teams and why people everywhere are working hard to,0
5269,"I hate ween people exploit things and ruin the fun for everyone. First Youtube, now bitcoin/cryptos 😧😧",i hate ween people exploit things and ruin the fun for everyone first youtube now bitcoincryptos,0
934,"RT @mindstatex: Who likes overpaying? 

LN in the real world flops before it even starts. https://t.co/YPmVlYObTX",who likes overpaying ln in the real world flops before it even starts,1
3278,"A thrilling, exclusive expose of the hacker collectives Anonymous https://t.co/msr8GBz59a #Cybersecurity #Bitcoin https://t.co/XxoP0ik3wu",a thrilling exclusive expose of the hacker collectives anonymous,1
4705,Wonderful! Its really so serious team is one of the few recently. My  recommendation to participate now! An excelle… https://t.co/mFlaBwBp8x,wonderful its really so serious team is one of the few recently my recommendation to participate now an excelle,1
2955,"Name: Raiden Network Token
Symbol: RDN
24 hour change: -12.46%
Price: 1.51703
Rank: 130
Total Supply: 100000000.0
V… https://t.co/zhCBIJJpea",name raiden network token symbol rdn 24 hour change 1246 price 151703 rank 130 total supply 1000000000 v,0
5747,"bloody crypto market what you can do ? throw your coins into P3D token
https://t.co/i0g2lvZSvv
way to lambo :)… https://t.co/xMdA8Z8EGg",bloody crypto market what you can do throw your coins into p3d token way to lambo,0
1976,"Name: Santiment Network Token
Symbol: SAN
24 hour change: -15.16%
Price: 1.21631
Rank: 129
Total Supply: 83337000.0… https://t.co/31B064rvi3",name santiment network token symbol san 24 hour change 1516 price 121631 rank 129 total supply 833370000,0
3606,"RT @obizcoin: We welcome @chatis_santos to our Board of Advisors!
#Token #Bitcoin #Cryptocurrency #Investment #TokenSale #Obizcoin #Ethereu…",we welcome to our board of advisors,1
3809,"@justgetwetnet Bitcoin BTG (Bitcoin-Gold) go gaining popular ^&amp;^ seemly added expensive, but You still donТt hold i… https://t.co/1G4xvXFKWn",bitcoin btg bitcoingold go gaining popular seemly added expensive but you still dont hold i,1
2184,This book shows everyday computer users how to become cyber-sleuth https://t.co/YP3EJms0VM #Cybersecurity #Bitcoin https://t.co/Yi5Au07iTp,this book shows everyday computer users how to become cybersleuth,0
260,"This some nigga shit, ransom too low. https://t.co/SwaL5JJlkj",this some nigga shit ransom too low,0
5657,JPMorgan Chase is reportedly considering a proposal to split its Quorum blockchain project into its own independent… https://t.co/InxxBJQBvX,jpmorgan chase is reportedly considering a proposal to split its quorum blockchain project into its own independent,1
4275,"Affiliate Marketing For Beginners Guide- $100+ Daily With Untapped Free Traffic
https://t.co/TtygGhQM9H… https://t.co/bkGwQQ7tU5",affiliate marketing for beginners guide 100 daily with untapped free traffic,1
376,"#bitcoin Loses Crypto Dominance Position, Startups Eye Altcoins https://t.co/LgefH7PQet",loses crypto dominance position startups eye altcoins,0
3518,"Collect your F.ree bitcoins here :) 
https://t.co/aOZpXZKCnj  #bitcoin #free #litecoin #tradebitcoin #mineebitcoin… https://t.co/8UPTRmBsHe",collect your free bitcoins here,1
3897,"RT @RogueICOJournal: #Bitcoin overnight looking to test the 8600 level. Next drop down @ 8200. 

#BTC is currently a NO PLAY. Downside push…",overnight looking to test the 8600 level next drop down 8200 is currently a no play downside push,0
3152,"The biggest draw of SGPay is the ability to conduct all your daily transactions in a single app, from buying movie… https://t.co/PdL6V4KYjO",the biggest draw of sgpay is the ability to conduct all your daily transactions in a single app from buying movie,0
3023,"Bitcoin Cash $BCH price: $973.85 

Binance registration is now OPEN for limited time! 💰 🙌  

➡️… https://t.co/f7AGXEFHgs",bitcoin cash bch price 97385 binance registration is now open for limited time,0
5462,RT @bookiekilla35: Thanks to all 56 people who picked up card. When we say we LOVE a card &amp; Guarantee a 3-0 or 2-1 at worst. We ain't bulls…,thanks to all 56 people who picked up card when we say we love a card guarantee a 30 or 21 at worst we aint bulls,0
4261,"RT @Babaganush111: #FLOGmall, #Blockchain #Bitcoin #BTC #Ethereum #ETH #ICO have a awesome and high mark from all major rating sites, for e…",have a awesome and high mark from all major rating sites for e,1
2916,"Name: COSS
Symbol: COSS
24 hour change: -7.64%
Price: 0.255611
Rank: 335
Total Supply: 104000000.0
Volume: 1027400.… https://t.co/JGRwATTPEc",name coss symbol coss 24 hour change 764 price 0255611 rank 335 total supply 1040000000 volume 1027400,0
615,#Crypto Collectibles Are Worthless Without a Website https://t.co/VLnNf8EvSE via @BTCTN,collectibles are worthless without a website via,0
4818,This idiot does and says so many stupid things that I'm out of ways to make fun of him https://t.co/Inxzy5uaVl,this idiot does and says so many stupid things that im out of ways to make fun of him,0
2732,"@FoxBlockChain Bitcoin -Gold (Bitcoin-Gold) and become popularity ^&amp;^ right new expensive, but You still donТt hold… https://t.co/eyLBKuGrpo",bitcoin gold bitcoingold and become popularity right new expensive but you still dont hold,0
2178,#EOS Price is 0.00078324 (-0.00000828) #BTC / 6.59819 (-0.08889) #USD. Market rank is 7. #eos #bitcoin #blockchain,price is 000078324 000000828 659819 008889 market rank is 7,0
4478,Visit the https://t.co/Gvc3RrfAvd booth at the @Satoshis_Vision conference in Tokyo and get your free swags. @BTCTN… https://t.co/wn1CuXfklq,visit the booth at the conference in tokyo and get your free swags,1
4456,Institution east glass heart career soldier book sit rest #Bitcoin,institution east glass heart career soldier book sit rest,1
2003,"I introduce a project that promises great benefits. I am proud to be a part of this project. 
Web:… https://t.co/E6MDnYMa2z",i introduce a project that promises great benefits i am proud to be a part of this project web,1
2790,"We are at #NSBE44 Don't miss this workshop talking about bitcoin, blockchain and Black liberation!! Register now at… https://t.co/EZTrdarl50",we are at dont miss this workshop talking about bitcoin blockchain and black liberation register now at,0
46,"RT @bitcoinus_io: Flight Bitcoin Air 101 is ready to depart!

Asian consumers now have a good way to spend their crypto: buying flight tick…",flight bitcoin air 101 is ready to depart asian consumers now have a good way to spend their crypto buying flight tick,1
4679,"Name: Bread
Symbol: BRD
24 hour change: -11.48%
Price: 0.463106
Rank: 214
Total Supply: 88862718.0
Volume: 1367640.… https://t.co/ak6SRFQNa0",name bread symbol brd 24 hour change 1148 price 0463106 rank 214 total supply 888627180 volume 1367640,0
1385,"I'm a 0. I mean I'm quite fit and have a gorgeous wife and consider myself fairly intelligent, yet I HODL. So, acco… https://t.co/fD8SEvGm4G",im a 0 i mean im quite fit and have a gorgeous wife and consider myself fairly intelligent yet i hodl so acco,1
5132,Arbitrage Opportunities for the Small Investor [Bitcoin] – Dr. Joseph Salerno https://t.co/b7UH9y6xCf,arbitrage opportunities for the small investor bitcoin dr joseph salerno,0
1887,"Name: Mercury
Symbol: MER
24 hour change: -10.38%
Price: 0.201243
Rank: 296
Total Supply: 100000000.0
Volume: 13199… https://t.co/8KiDgn0W13",name mercury symbol mer 24 hour change 1038 price 0201243 rank 296 total supply 1000000000 volume 13199,0
3362,I personally think the decentralized bitcoin and crypto has a better chance of being used on an international level… https://t.co/oFcc2sJxpz,i personally think the decentralized bitcoin and crypto has a better chance of being used on an international level,1
1939,#Bitcoin market capitalization 142.86B$. Decreased to 78.34% against #Coca Cola https://t.co/ouApsKk8hh,market capitalization 14286b decreased to 7834 against cola,0
3836,"RT @1LoveBlack: Bitcoin, Blockchain &amp; Black Liberation [Screening] - RSVP for The Sneak Peek at #BlackTechWeek #BTW18 https://t.co/R8z0uOgb…",bitcoin blockchain black liberation screening rsvp for the sneak peek at,0
443,"RT @NODEfather: Im creating an organization &amp; a Legal Fund called @DefendBTC that will hire lawyers, bail bonds &amp; organize funds to protect…",im creating an organization a legal fund called that will hire lawyers bail bonds organize funds to protect,1
3561,:( :( ....[Bitcoin performance assessment (-0.24%)] #bitcoin,bitcoin performance assessment 024,0
5494,"New post: ""Bitcoin Loses $9k Support After Binance Confusion Shakes Confidence"" https://t.co/vDkH06L4d7",new post bitcoin loses 9k support after binance confusion shakes confidence,0
2587,The Image MASSter Solo 101 Forensic Hard Drive Duplicator is a hig https://t.co/1pTBHorPMl #Cybersecurity #Bitcoin https://t.co/4qsb4t5hoz,the image masster solo 101 forensic hard drive duplicator is a hig,0
1189,"#Ethereum-based #virtual #collectible #game @CryptoKitties, #developed by #blockchain #startup @AxiomZenTeam, raise… https://t.co/0tMoRCr5iM",based by raise,0
265,"#first #airdrop MMOCoin has begun
grab yours guys, read announcement and how to get it on main tweet.
#mmo #MMORPG https://t.co/tN2XssQfQF",mmocoin has begun grab yours guys read announcement and how to get it on main tweet,1
1748,"BINANCE Rumors, CRYPTO Interest DOWN - https://t.co/OwdGdauLgD #Crypto #Cryptocurrency #Cryptolife #Bitcoin #BTC… https://t.co/Yy7dYdB5oV",binance rumors crypto interest down,0
2804,"Name: IoT Chain
Symbol: ITC
24 hour change: -4.05%
Price: 1.08332
Rank: 159
Total Supply: 100000000.0
Volume: 83117… https://t.co/az7IdfyNsw",name iot chain symbol itc 24 hour change 405 price 108332 rank 159 total supply 1000000000 volume 83117,0
4807,"Name: Bread
Symbol: BRD
24 hour change: -10.06%
Price: 0.465587
Rank: 214
Total Supply: 88862718.0
Volume: 1371960.… https://t.co/zkYN8WiQoS",name bread symbol brd 24 hour change 1006 price 0465587 rank 214 total supply 888627180 volume 1371960,0
3952,RT @Airdroplets: 1. High efficiency and scalability to handle transactions/applications at a commercial scale @aelfblockchain #Blockchian #…,1 high efficiency and scalability to handle transactionsapplications at a commercial scale,1
4763,"Researchers discovered 34,200 buggy smart contracts on #Ethereum  -  Dump this #ETH crap instead &gt; invest in best… https://t.co/PSR2x0jJab",researchers discovered 34200 buggy smart contracts on dump this crap instead gt invest in best,0
4700,Why People Are Giving This Man Almost $2 Million in Free Bitcoin https://t.co/0pY6rIOjHo,why people are giving this man almost 2 million in free bitcoin,1
845,"Name: EZToken
Symbol: EZT
24 hour change: -7.15%
Price: 0.917725
Rank: 413
Total Supply: 50000000.0
Volume: 1140690… https://t.co/ymYb3PBxEG",name eztoken symbol ezt 24 hour change 715 price 0917725 rank 413 total supply 500000000 volume 1140690,0
3061,#bitcoin #EQUI is a promising project with a ambitious idea. #EQUI The opportunity to be part of a powerful new inv… https://t.co/RzVcRTrrwu,is a promising project with a ambitious idea the opportunity to be part of a powerful new inv,1
2526,"Name: Groestlcoin
Symbol: GRS
24 hour change: -12.24%
Price: 0.482678
Rank: 224
Total Supply: 69677254.0
Volume: 13… https://t.co/HXJ2HQ9JtE",name groestlcoin symbol grs 24 hour change 1224 price 0482678 rank 224 total supply 696772540 volume 13,0
3788,"#skyfchain Right now we sell the first 25,000,000 tokens at a 30% discount, and we still have some left, which mean… https://t.co/hzOqHBPIJI",right now we sell the first 25000000 tokens at a 30 discount and we still have some left which mean,1
5031,RT @coinseedapp: I’m only rich because I know when I’m wrong…I basically have survived by recognizing my mistakes. --George Soros #blockcha…,im only rich because i know when im wrongi basically have survived by recognizing my mistakes george soros,1
1575,New post (Bitcoin Loses $9k Support After Binance Confusion Shak... | News) has been published on Crypto -… https://t.co/1qI1ydwyvZ,new post bitcoin loses 9k support after binance confusion shak news has been published on crypto,0
1947,"Name: ATBCoin
Symbol: ATB
24 hour change: -4.01%
Price: 0.24719
Rank: 427
Total Supply: 53118758.0
Volume: 2203090.… https://t.co/mEFsLRTC3c",name atbcoin symbol atb 24 hour change 401 price 024719 rank 427 total supply 531187580 volume 2203090,0
4776,"RT @CoinsAirdrops: #Bitcoin #Satoshi #Earn_Money #cryptocurrency #blockchain #Airdrop
New Airdrop #Hubtrex 📢

#Hubtrex New Exchange is doin…",new airdrop new exchange is doin,1
4139,RT @Cointelegraph: #Bitcoin top choice for “crooks” and “dirty politicians” says Visa. https://t.co/iPud5x1oBV,top choice for crooks and dirty politicians says visa,0
3961,"RT @ashisherc: Just received my first payment through cryptocurrency and let me say this, It's so much better, so much faster and so much e…",just received my first payment through cryptocurrency and let me say this its so much better so much faster and so much e,1
2579,"RT @Cryptoconomy_Me: How long have you known about #Bitcoin? This video is from 2011! 
Has the #cryptocurrency landscape changed since then…",how long have you known about this video is from 2011 has the landscape changed since then,0
2827,Thanks to the awesome guide written by @Stadicus3000 I am now running a #Bitcoin Full Node with #Lightning on the m… https://t.co/EL2HhW7loT,thanks to the awesome guide written by i am now running a full node with on the m,1
5227,"Although virtual currencies are typically traded and stored online, a smaller subset of the market includes actual… https://t.co/gcGUEsYF7N",although virtual currencies are typically traded and stored online a smaller subset of the market includes actual,0
3186,"[NEW POST]: The Bitcoin Lightning Network, Attack Vectors, blockchain Politics, and how to not kill people with the… https://t.co/zJpHV7HVlH",new post the bitcoin lightning network attack vectors blockchain politics and how to not kill people with the,1
2318,"FundFantasy ICO Has Less Than 48 Hours To Go, Offers 50% Bonus For Participants - Live Bitcoin News via BTCnews… https://t.co/sAupuBuzpl",fundfantasy ico has less than 48 hours to go offers 50 bonus for participants live bitcoin news via btcnews,1
171,@lopp @coindesk Better bitcoin resource:,better bitcoin resource,1
2639,"RT @ETHxCC: @MD_PhD_DNP This news was from ""a person familiar with the matter"". Not JFSA.
Also, JFSA ""is planning"" to warn Binance. No cont…",this news was from a person familiar with the matter not jfsa also jfsa is planning to warn binance no cont,1
5772,"@teklordz @litecoindad Every small business I go to in my town, I start off with asking if they accept Litecoin or… https://t.co/ZafZjoEAdT",every small business i go to in my town i start off with asking if they accept litecoin or,0
858,Twitter boss says BITCOIN will be world's 'single currency' by 2028 https://t.co/8kgA4YWT1Y #news #bitcoin https://t.co/V3LwJ2jb8k,twitter boss says bitcoin will be worlds single currency by 2028,0
4997,"Name: Everex
Symbol: EVX
24 hour change: -10.67%
Price: 1.23983
Rank: 283
Total Supply: 25000000.0
Volume: 2635230.… https://t.co/TAuuF8XMX3",name everex symbol evx 24 hour change 1067 price 123983 rank 283 total supply 250000000 volume 2635230,0
5678,Move over Bitcoin: gold-backed cryptocurrency being developed by Perth Mint https://t.co/MvwGz3yZbs,move over bitcoin goldbacked cryptocurrency being developed by perth mint,1
716,"Name: https://t.co/0Ow97S63We Utility Token
Symbol: SXUT
24 hour change: -5.56%
Price: 0.272731
Rank: 508
Total Sup… https://t.co/VV89uwXFlk",name utility token symbol sxut 24 hour change 556 price 0272731 rank 508 total sup,0
5333,Bearish Cypher Pattern indicates down trend https://t.co/7gaq9cLXhc $btcusd #bitcoin trade at Bitmex:… https://t.co/uP21F3HoBy,bearish cypher pattern indicates down trend btcusd trade at bitmex,0
4211,"Name: Triggers
Symbol: TRIG
24 hour change: -15.62%
Price: 0.882042
Rank: 239
Total Supply: 32105578.0
Volume: 4028… https://t.co/b1Vj5q5eQ3",name triggers symbol trig 24 hour change 1562 price 0882042 rank 239 total supply 321055780 volume 4028,0
3907,"RT @MattFnSmith: “The more people that use bitcoin the more it’s worth, and this is the first time ever that the more saturated a market is…",the more people that use bitcoin the more its worth and this is the first time ever that the more saturated a market is,1
2590,"Name: Triggers
Symbol: TRIG
24 hour change: -8.41%
Price: 0.944622
Rank: 236
Total Supply: 32105578.0
Volume: 41534… https://t.co/ox8fhYFbbf",name triggers symbol trig 24 hour change 841 price 0944622 rank 236 total supply 321055780 volume 41534,0
2773,"Name: Metaverse ETP
Symbol: ETP
24 hour change: -12.0%
Price: 0.877179
Rank: 219
Total Supply: 57380761.0
Volume: 1… https://t.co/R7Hx3CkgMz",name metaverse etp symbol etp 24 hour change 120 price 0877179 rank 219 total supply 573807610 volume 1,0
2189,"@Cryptowiz4 Bitcoin -Gold (Bitcoin-Gold) is become popular and fitting extra expensive, but You still donТt own it?… https://t.co/IKmklI4pY5",bitcoin gold bitcoingold is become popular and fitting extra expensive but you still dont own it,1
5682,RT @btcmrkts: Mark Yusko is a friend to #bitcoin and a dollar bear. Great insights. https://t.co/VSuwf5ytRA,mark yusko is a friend to and a dollar bear great insights,1
3614,Google’s quantum chip could make Bitcoin worthless #bitcoin .. https://t.co/XLzLLOvFP3,googles quantum chip could make bitcoin worthless,0
3922,"RT @LDeeler: @stephanlivera @Ragnarly Gold did not fail. Normal people just don't get, what central banks did to it and THEM. When people f…",gold did not fail normal people just dont get what central banks did to it and them when people f,1
1214,"Hashflare Promo Code! Best Cloud Mining? How To Mine Cryptocurrency, Bitcoin, Ethereum? + Reinvest… https://t.co/Z5QRxarEpX",hashflare promo code best cloud mining how to mine cryptocurrency bitcoin ethereum reinvest,1
3808,2018 just came out with the next lethal weapon or die hard. Probably starting @TheRock cus... I mean come on.. it's… https://t.co/MGH6NYltaY,2018 just came out with the next lethal weapon or die hard probably starting cus i mean come on its,0
5247,"@coinsforest_hp Bitcoin Gold (Bitcoin Gold) do  becomes popular ^&amp;^ apt more expensive, just Your still donТt own i… https://t.co/JjPkMllTQn",bitcoin gold bitcoin gold do becomes popular apt more expensive just your still dont own i,1
4575,Coinboard: WSJ: SEC To Examine Up To 100 Crypto-Related Hedge Funds https://t.co/CfOw19Gnzm via CoinTelegraph… https://t.co/Ep3ZGSeiEi,coinboard wsj sec to examine up to 100 cryptorelated hedge funds via cointelegraph,0
1928,(4) Nurjahan Sabila’s answer to What is the best Bitcoin trading bot? – Quora : XMRcurrency https://t.co/jBEv3fSKOh,4 nurjahan sabilas answer to what is the best bitcoin trading bot quora xmrcurrency,1
2168,"Name: https://t.co/0Ow97S63We Utility Token
Symbol: SXUT
24 hour change: -4.09%
Price: 0.274894
Rank: 510
Total Sup… https://t.co/aUG8vp0atl",name utility token symbol sxut 24 hour change 409 price 0274894 rank 510 total sup,0
1581,#crypto needs its own platform. Right... Now! #eth #xrp #ada #nem #icx #trx #ven https://t.co/XfKc1dW9Hx,needs its own platform right now,1
2997,"RT @AltcoinsTalks: SKRAPS #Airdrop round 2 &gt;&gt; https://t.co/3ST5H5Nxts 
Follow &amp; Retweet to win 1000 SKRP /10 winners
#SKRAPS #cryptocurrenc…",skraps round 2 gtgt follow retweet to win 1000 skrp 10 winners,1
1504,"RT @StasSchneider: The entire market is down cause of #Bitcoin #BTC correction, same procedure as every year, but I am happy, because it's…",the entire market is down cause of correction same procedure as every year but i am happy because its,1
2760,"Market sentiment improving, slowly but surely.",market sentiment improving slowly but surely,1
1457,College students are using student loans to invest in bitcoin - https://t.co/sHByHF4Vz0 - Generate Bitcoin. Take your free Bitcoin,college students are using student loans to invest in bitcoin generate bitcoin take your free bitcoin,1
1350,"Name: Raiden Network Token
Symbol: RDN
24 hour change: -6.7%
Price: 1.56826
Rank: 129
Total Supply: 100000000.0
Vol… https://t.co/7S6MGfSrLM",name raiden network token symbol rdn 24 hour change 67 price 156826 rank 129 total supply 1000000000 vol,0
1005,"RT @APompliano: Peter Thiel had three takeaways speaking at Economic Club in NYC today:

1. Never bet against Elon Musk
2. Money is bubble…",peter thiel had three takeaways speaking at economic club in nyc today 1 never bet against elon musk 2 money is bubble,1
4812,"Name: Mercury
Symbol: MER
24 hour change: -8.59%
Price: 0.201816
Rank: 289
Total Supply: 100000000.0
Volume: 129484… https://t.co/92UtIS4UZj",name mercury symbol mer 24 hour change 859 price 0201816 rank 289 total supply 1000000000 volume 129484,0
653,"Name: Metaverse ETP
Symbol: ETP
24 hour change: -12.51%
Price: 0.881103
Rank: 219
Total Supply: 57380343.0
Volume:… https://t.co/hr3GZn9yZw",name metaverse etp symbol etp 24 hour change 1251 price 0881103 rank 219 total supply 573803430 volume,0
5543,"Name: Aeron
Symbol: ARN
24 hour change: -8.33%
Price: 1.30551
Rank: 331
Total Supply: 20000000.0
Volume: 1097460.0… https://t.co/eREBG9vgAN",name aeron symbol arn 24 hour change 833 price 130551 rank 331 total supply 200000000 volume 10974600,0
1007,"@Peterparker9192 @THUGCOIN Bitcoin Gold (Bitcoin-Gold) do  become popularity &amp; apt new expensive, just You still do… https://t.co/ZRSwlswcDb",bitcoin gold bitcoingold do become popularity apt new expensive just you still do,1
3019,"Name: Edgeless
Symbol: EDG
24 hour change: -8.23%
Price: 0.734748
Rank: 148
Total Supply: 132046997.0
Volume: 10253… https://t.co/bpggqpLpsZ",name edgeless symbol edg 24 hour change 823 price 0734748 rank 148 total supply 1320469970 volume 10253,0
750,"🆕 New Bitcoin Green $BITG event! 
 
22 March 2018 (or earlier) 
WorldCoinIndex Listing  
 
Source:… https://t.co/3Tkf1rdUXF",new bitcoin green bitg event 22 march 2018 or earlier worldcoinindex listing source,0
4334,"Name: SunContract
Symbol: SNC
24 hour change: -4.75%
Price: 0.188316
Rank: 272
Total Supply: 122707503.0
Volume: 46… https://t.co/kw7GDHYNLN",name suncontract symbol snc 24 hour change 475 price 0188316 rank 272 total supply 1227075030 volume 46,0
5075,"☄ AddressCategory: Popular (92 addresses):
🗒 Txs: 67.49K (avg: 733.62)
📈 Input: 343.58K BTC / 2.96B USD (avg: 3.73K… https://t.co/fGCbsYNg5H",addresscategory popular 92 addresses txs 6749k avg 73362 input 34358k btc 296b usd avg 373k,1
5482,@Altcoinbuzzio Bitcoin hands down,bitcoin hands down,0
5404,5 quick Q&amp;A that will give newcomers to #cryptocurrency a great start! https://t.co/Sd0vhQlZJu,5 quick qa that will give newcomers to a great start,1
1410,New post (Crypto Collectibles Are Worthless Without a Website) has been published on Earn Bitcoin Fast -… https://t.co/8EBUeav1ay,new post crypto collectibles are worthless without a website has been published on earn bitcoin fast,0
3279,"Current #crypto prices on #Bittrex:

#Bitcoin at $8,410, down -6.9%.
#Ethereum at $520, down -8.6%.
#Ripple at $0.6… https://t.co/EX18yAbWer",current prices on at 8410 down 69 at 520 down 86 at 06,0
277,"Name: BlockMason Credit Protocol
Symbol: BCPT
24 hour change: -13.99%
Price: 0.466123
Rank: 223
Total Supply: 11615… https://t.co/DLto3W23l2",name blockmason credit protocol symbol bcpt 24 hour change 1399 price 0466123 rank 223 total supply 11615,0
306,Amazon HQ hunt getting extreme. Eish. https://t.co/ZtevCANU7Z,amazon hq hunt getting extreme eish,0
2615,BTC $8444.87 Down -$198.43 -2.35% in the last hour #bitcoin #bitsmart,btc 844487 down 19843 235 in the last hour,0
5107,"@WhalePanda BCH : Bitcoin Douche
I feel sorry for the guys owning BCH bags",bch bitcoin douche i feel sorry for the guys owning bch bags,0
1527,Altcoin Prices Surge As Bitcoin Undergoes Hard Fork #bitcoin .. https://t.co/Vb2kNuTTIz,altcoin prices surge as bitcoin undergoes hard fork,0
3433,"RT @Dry_Observer: @DrDenaGrayson @ericgarland I hope so, in large part to give people fair warning.

If there's child pornography on the #B…",i hope so in large part to give people fair warning if theres child pornography on the,1
657,"RT @awealthofcs: Does anyone know how stocks perform following a 2% down day when bitcoin is crashing, rates are rising, trade wars are occ…",does anyone know how stocks perform following a 2 down day when bitcoin is crashing rates are rising trade wars are occ,0
4874,"Daily Crypto News: Google Bans ICO, Cryptocurrency Ads, South Korea Seizures, Bitcoin Bearish https://t.co/k21T42v9a0",daily crypto news google bans ico cryptocurrency ads south korea seizures bitcoin bearish,0
1649,The #cryptocurrency scene is filled with start-ups and #companies that are looking to get a portion of #Bitcoin’s… https://t.co/GT0g0eSP6j,the scene is filled with startups and that are looking to get a portion of s,1
5100,Congrats to our Advisor Raul (creator of Prysmatic Labs) for being awarded the top grant from the Ethereum and Vita… https://t.co/F70smEZ4MY,congrats to our advisor raul creator of prysmatic labs for being awarded the top grant from the ethereum and vita,1
642,@vergecurrency Still the #wraithprotocol is nothing more than stealth addresses routed through TOR. Did audits? Hol… https://t.co/N6XohxZKVI,still the is nothing more than stealth addresses routed through tor did audits hol,1
1494,ฉันชอบวิดีโอ @YouTube https://t.co/QI4oh4tSsw Japan made bitcoin a legal currency - now it's more popular than,japan made bitcoin a legal currency now its more popular than,1
4640,"#MarketAlert (Last 24h):
Top 100 price change: -7.4% (avg)
91 of the top 100 coins declining
@bitcoin: -6.2% $BTC https://t.co/ftQ4Z8vtcT",last 24h top 100 price change 74 avg 91 of the top 100 coins declining 62 btc,1
3239,Bitcoin Is Now Preparing For A Major Move https://t.co/ztc7cm2sQM,bitcoin is now preparing for a major move,1
3245,"RT @eric_lombrozo: DEVELOPING STORY: Bitcoin goes back down again, then it goes up, then in a stunning surprize goes back down. https://t.c…",developing story bitcoin goes back down again then it goes up then in a stunning surprize goes back down,1
977,"Name: Aeron
Symbol: ARN
24 hour change: -12.5%
Price: 1.25585
Rank: 332
Total Supply: 20000000.0
Volume: 1144300.0… https://t.co/58tteaHVEv",name aeron symbol arn 24 hour change 125 price 125585 rank 332 total supply 200000000 volume 11443000,0
4187,Bitcoin [BTC]’s blockchain is allegedly accused – links to child porno found! https://t.co/xSFVFepLLT,bitcoin btcs blockchain is allegedly accused links to child porno found,0
5147,"Lorie´s Free Adult Sex Cams

-&gt; https://t.co/5i8JszmZG0  ←

#WWE #furryart #BitCoin #lasvegas #muscles
 local Thai… https://t.co/3g8x6jrj8u",lories free adult sex cams gt local thai,1
2453,"Chasing rags-to-riches dreams, bitcoin investors get mad when the price declines https://t.co/DtiyNZ9nR1",chasing ragstoriches dreams bitcoin investors get mad when the price declines,0
1599,Earn Free Tokes with the first crypto backed by GOLD! Now available in pre-ico.  https://t.co/seMRvgKPEv… https://t.co/IRFQegNTT5,earn free tokes with the first crypto backed by gold now available in preico,1
1644,Crypto Collectibles Are Worthless Without a Website - https://t.co/erzO8pKlZk #bitcoin,crypto collectibles are worthless without a website,0
1247,"Name: NuBits
Symbol: USNBT
24 hour change: -8.16%
Price: 0.74905
Rank: 476
Total Supply: 70359639.0
Volume: 1754170… https://t.co/cM4593OX0c",name nubits symbol usnbt 24 hour change 816 price 074905 rank 476 total supply 703596390 volume 1754170,0
14,"WET has officially launched! First 1,000 users can claim 1-100 FREE (WET) tokens now: https://t.co/gAXCa8B8rs #btc… https://t.co/IQifV7pTfq",wet has officially launched first 1000 users can claim 1100 free wet tokens now,1
2289,One Bitcoin now worth $8381.97@bitstamp. High $9046.180. Low $8342.000. Market Cap $141.942 Billion #bitcoin,one bitcoin now worth 838197 high 9046180 low 8342000 market cap 141942 billion,1
5467,"Name: Bread
Symbol: BRD
24 hour change: -10.48%
Price: 0.467645
Rank: 214
Total Supply: 88862718.0
Volume: 1372700.… https://t.co/I0w8cySt4s",name bread symbol brd 24 hour change 1048 price 0467645 rank 214 total supply 888627180 volume 1372700,0
2047,Dead Tokens.............................. Read it carefully https://t.co/WEWpdoGCVG,dead tokens read it carefully,0
5149,"nice project, highly recommended tojoin 

https://t.co/DfMP0R0APu

@AdilKha32027520 @youronlyalexi @nbvneverquits… https://t.co/azYFnWXm1o",nice project highly recommended tojoin,1
1688,Register at SimplePoSPool &amp; get 1000 DVRS to try for free and extra rewards for each referral you get! Retweet boun… https://t.co/f9KlLCjQWi,register at simplepospool get 1000 dvrs to try for free and extra rewards for each referral you get retweet boun,1
1387,"Name: INS Ecosystem
Symbol: INS
24 hour change: -6.08%
Price: 1.20063
Rank: 218
Total Supply: 50000000.0
Volume: 84… https://t.co/x8lds777f1",name ins ecosystem symbol ins 24 hour change 608 price 120063 rank 218 total supply 500000000 volume 84,0
1344,#EOS Price is 0.00078584 (+0.00002195) #BTC / 6.66679 (+0.25138) #USD. Market rank is 7. #eos #bitcoin #blockchain,price is 000078584 000002195 666679 025138 market rank is 7,0
3225,Another black mirror episode https://t.co/QrFLGds7pA,another black mirror episode,0
4329,"Name: Raiden Network Token
Symbol: RDN
24 hour change: -9.63%
Price: 1.53436
Rank: 129
Total Supply: 100000000.0
Vo… https://t.co/ysSR4Hfxge",name raiden network token symbol rdn 24 hour change 963 price 153436 rank 129 total supply 1000000000 vo,0
2011,Ready to get WET? ICO launches in 30 minutes with a killer first-24-hour bonus #btc #eth #xrp #bch #ltc #ada #eos… https://t.co/03jicLb1E5,ready to get wet ico launches in 30 minutes with a killer first24hour bonus,1
626,"Bitcoin $BTC price is: $8432.27 

Binance registration is now OPEN for limited time! 💎 💰  

➡️… https://t.co/CxiFRl8uUg",bitcoin btc price is 843227 binance registration is now open for limited time,0
4169,"Name: INS Ecosystem
Symbol: INS
24 hour change: -11.88%
Price: 1.17771
Rank: 221
Total Supply: 50000000.0
Volume: 7… https://t.co/11bNv1pOp5",name ins ecosystem symbol ins 24 hour change 1188 price 117771 rank 221 total supply 500000000 volume 7,0
255,"@suresh_p12 Bitcoin Gold (Bitcoin Gold) go gaining best news also apt more expensive, but You still donТt own it? Y… https://t.co/n5HIFMKiHF",bitcoin gold bitcoin gold go gaining best news also apt more expensive but you still dont own it y,1
5439,"Name: INS Ecosystem
Symbol: INS
24 hour change: -11.97%
Price: 1.15181
Rank: 222
Total Supply: 50000000.0
Volume: 8… https://t.co/YzgxrdyQZ3",name ins ecosystem symbol ins 24 hour change 1197 price 115181 rank 222 total supply 500000000 volume 8,0
5365,"I've seen an increase in posts from #Venezuela on @yoursorg which uses bitcoincash.
#Bitcoincash is the more viable… https://t.co/7EoCbOxYqb",ive seen an increase in posts from on which uses bitcoincash is the more viable,1
4421,"Join our pump group for fast bitcoin

https://t.co/vLEAKVJsyk

$QTUM $OMG $BNT $SALT $OST $NULS $LSK $FUEL $XMR… https://t.co/5L0XIoVa0V",join our pump group for fast bitcoin qtum omg bnt salt ost nuls lsk fuel xmr,1
1709,"Name: INS Ecosystem
Symbol: INS
24 hour change: -9.02%
Price: 1.16576
Rank: 222
Total Supply: 50000000.0
Volume: 84… https://t.co/PY1HJEk5jU",name ins ecosystem symbol ins 24 hour change 902 price 116576 rank 222 total supply 500000000 volume 84,0
3020,The latest The michael juiliano Daily! https://t.co/nj8seBhKF7 Thanks to @dreamzbiebah #bitcoin #science,the latest the michael juiliano daily thanks to,1
1414,"ICO Trackers Are the New Gatekeepers of Crowdsales

ICO Trackers Are Growing Stronger Every Day

Safe Haven is an I… https://t.co/B0AUGscJvh",ico trackers are the new gatekeepers of crowdsales ico trackers are growing stronger every day safe haven is an i,1
2447,The latest Martin's Economy View! https://t.co/sRTH087FMQ Thanks to @RobJPyne @_IanMoss @peacemother1 #bitcoin,the latest martins economy view thanks to,1
5470,"Name: CRYPTO20
Symbol: C20
24 hour change: -7.48%
Price: 1.29643
Rank: 161
Total Supply: 40656082.0
Volume: 2663400… https://t.co/uDXqwCZK9I",name crypto20 symbol c20 24 hour change 748 price 129643 rank 161 total supply 406560820 volume 2663400,0
530,FileBazaar Joins the Lightning Charge Lapps via /r/Bitcoin https://t.co/japxjkOdbC Free #Bitcoin at https://t.co/u2cCzJTgz8,filebazaar joins the lightning charge lapps via rbitcoin free at,1
2008,"You wanna cold storage for some Creams CRM ?
Just generate address with CRM paper wallet, print it, and you are don… https://t.co/YEzCdrJvJE",you wanna cold storage for some creams crm just generate address with crm paper wallet print it and you are don,0
1987,"RT @cryptobluwhale: China may undo its numerous cryptocurrency bans with its new central bank governor, Yi Gang. Gang is supportive and bul…",china may undo its numerous cryptocurrency bans with its new central bank governor yi gang gang is supportive and bul,1
5410,"RT @leylaseker101: 10😎
Use the Link and write to the bot, then get your free tokens!!!
https://t.co/VHq6IoVpPI …
_____
For full list of the…",10 use the link and write to the bot then get your free tokens for full list of the,1
5109,#Bitcoin is down and #Goldcoin is up. https://t.co/6UL3zzx709,is down and is up,0
3488,"Name: Raiden Network Token
Symbol: RDN
24 hour change: -12.33%
Price: 1.51621
Rank: 130
Total Supply: 100000000.0
V… https://t.co/Rbf0wc14AN",name raiden network token symbol rdn 24 hour change 1233 price 151621 rank 130 total supply 1000000000 v,0
837,#FTC Shuts Down #Cryptocurrency Pyramid Scammers - https://t.co/70cPg3cEac #bitcoin #SCAM #scammers https://t.co/0OwMX4xp3T,shuts down pyramid scammers,0
4454,"Name: NuBits
Symbol: USNBT
24 hour change: -12.11%
Price: 0.704088
Rank: 479
Total Supply: 70359638.0
Volume: 84229… https://t.co/cc8lxERp44",name nubits symbol usnbt 24 hour change 1211 price 0704088 rank 479 total supply 703596380 volume 84229,0
5407,"Name: Blocktix
Symbol: TIX
24 hour change: -12.72%
Price: 0.342246
Rank: 364
Total Supply: 62500000.0
Volume: 10599… https://t.co/AmJZsrZiMT",name blocktix symbol tix 24 hour change 1272 price 0342246 rank 364 total supply 625000000 volume 10599,0
1656,"RT @PetiotEric: [ #Blockchain ] 
Potantial Applications and Disruption! 

The blockchain is changing the future of transaction base industr…",potantial applications and disruption the blockchain is changing the future of transaction base industr,0
3001,"RT @ROVA_ZONE: BITCOIN WILL BE WORLD'S 'SINGLE CURRENCY' SAYS TWITTER CEO

Jack Dorsey, chief executive of Twitter and payment company Squa…",bitcoin will be worlds single currency says twitter ceo jack dorsey chief executive of twitter and payment company squa,0
2906,"RT @Ripple_XRP_News: XRP vs. other Digital Assets 

#xrpthestandard #XRP #Ripple #bitcoin #Cryptonews #btc https://t.co/Y35CTWBaZC",xrp vs other digital assets,0
1563,Bitcoin/ sports betting/ lottery numbers putting hella stock in yahoo/google/IBM LMFAOOOO niggas stupid to pick any… https://t.co/oxklm04vpw,bitcoin sports betting lottery numbers putting hella stock in yahoogoogleibm lmfaoooo niggas stupid to pick any,0
3128,"I liked a @YouTube video https://t.co/wuSWznto7T BITCOIN, CRYPTOCURRENCY, &amp; THE NEW WORLD ORDER",i liked a video bitcoin cryptocurrency the new world order,1
3755,Add the two letters„ch“ somwhere to #bitcoin. Yeah right... that‘s some swiss bank conpiracy theory shit. Don‘t buy this crap!,add the two lettersch somwhere to yeah right thats some swiss bank conpiracy theory shit dont buy this crap,0
5586,"https://t.co/2AmKC67ngW #AutoFeedlyBot #

Tracking bitcoin was NSA's '#1 priority' reveals a secret document provid… https://t.co/JMjnyFYgci",tracking bitcoin was nsas priority reveals a secret document provid,0
4293,"RT @coinseedapp: He who loses money, loses much; He who loses a friend, loses much more; He who loses faith, loses all. --Eleanor Roosevelt…",he who loses money loses much he who loses a friend loses much more he who loses faith loses all eleanor roosevelt,0
1328,New post (2400W Mining PSU Power Supply for Bitcoin Mining Ethereum) has been published on TwitMarkets -… https://t.co/giwYUOdT0e,new post 2400w mining psu power supply for bitcoin mining ethereum has been published on twitmarkets,1
2375,#lindacoin Wow been keeping my Linda Coin safely tucked away for a while &amp; now BAM! New devs/new team etc. Man I am… https://t.co/Z8Vfh44tcF,wow been keeping my linda coin safely tucked away for a while now bam new devsnew team etc man i am,1
3531,"NEO, EOS, LTC, IOTA, Lumens: Technical Analysis March 23, 2018 - https://t.co/sHByHF4Vz0 - Generate Bitcoin. Take your free Bitcoin",neo eos ltc iota lumens technical analysis march 23 2018 generate bitcoin take your free bitcoin,1
4047,Monthly #Web Traffic for Major #Bitcoin Exchanges Falls by Half - https://t.co/gCNsfML6a7 https://t.co/F19XrtGT1J,monthly traffic for major exchanges falls by half,0
870,"Twitter and Square CEO Jack Dorsey predicts bitcoin will be sole global currency in 10 years - Other title, Jack Do… https://t.co/piyqhfy68F",twitter and square ceo jack dorsey predicts bitcoin will be sole global currency in 10 years other title jack do,0
3367,"Like #bitcoin?  Like #zcash?  Prefer privacy, ease of use?  Wish mining bitcoin wasnt so complicated?  Wish mining… https://t.co/VNjIoD6Nqi",like like prefer privacy ease of use wish mining bitcoin wasnt so complicated wish mining,0
3982,Order your secure and smart BTC/ETH/Altcoin hardware wallet - Only 94.80 EUR https://t.co/WC9nt6z1jz #bitcoin #btc… https://t.co/O1NZMTlwqb,order your secure and smart btcethaltcoin hardware wallet only 9480 eur,1
2971,"RT KirkDBorne: #Bitcoin Could Become Illegal Almost Everywhere, After Shocking Discovery in the #Blockchain:… https://t.co/r1men50tQX",kirkdborne could become illegal almost everywhere after shocking discovery in the,0
527,"Name: Metaverse ETP
Symbol: ETP
24 hour change: -7.27%
Price: 0.92739
Rank: 219
Total Supply: 57377912.0
Volume: 12… https://t.co/1711NnqhZj",name metaverse etp symbol etp 24 hour change 727 price 092739 rank 219 total supply 573779120 volume 12,0
1553,"We talked with @FloydDcosta, co-founder at Block Armour about the role the technology behind Bitcoin plays in block… https://t.co/8YWoyxc6ZW",we talked with cofounder at block armour about the role the technology behind bitcoin plays in block,0
2143,I would’ve asked at least 10 Million https://t.co/yPCJStxKsu,i wouldve asked at least 10 million,0
282,"Puerto Rico is the primary bridge from American to ""offshore"" banking. #cryptocurrency #bitcoin https://t.co/kAukVzRCJY",puerto rico is the primary bridge from american to offshore banking,1
5598,You can find out our smart contract address by navigating to your user dashboard https://t.co/rhNZWI8kQA  and click… https://t.co/A17bcFDp9z,you can find out our smart contract address by navigating to your user dashboard and click,1
2770,People Are Getting Seriously Upset About Crypto Currency ==&gt; https://t.co/CLXiBKWQw5 &lt;&lt;[Crypto Destroyer] #bitcoin… https://t.co/5qmqMjuTWO,people are getting seriously upset about crypto currency gt ltltcrypto destroyer,0
1296,"Bitcoin is awesome.

That doesn’t mean alt coins are bad, especially when you take into account that BTC- even with… https://t.co/nJRtKNafPb",bitcoin is awesome that doesnt mean alt coins are bad especially when you take into account that btc even with,0
5231,The latest The Saint godless Daily! https://t.co/yyRMhlHMcr Thanks to @ScienceAlert @Bacon_Eater #bitcoin #silentspill,the latest the saint godless daily thanks to,1
4287,"RT @airdrop101: 19💰
GET free 2000 IOST token!!! worths 35$!!!
You must write @mcan57 to the Referance.
https://t.co/VlbbKtA5RW
_____
For fu…",19 get free 2000 iost token worths 35 you must write to the referance for fu,1
1163,PR: https://t.co/sJfmJxBQq7 Casino Opens New Office in London #bitcoin .. https://t.co/A77DZb2lE5,pr casino opens new office in london,1
237,"Earn Free Bitcoin, Mine Ripple, Litecoin &amp; Ethereum, Bitcoin Cash | Site... https://t.co/53m4Fxfubc via @YouTube",earn free bitcoin mine ripple litecoin ethereum bitcoin cash site via,1
1827,(Another Goldilocks Moment) has been published on Free Forex Signals - Forex/ Bitcoin Signals Service - Manage Acco… https://t.co/uVCK4XNHg0,another goldilocks moment has been published on free forex signals forex bitcoin signals service manage acco,1
3390,"@DragoranHS Oslo, only 15 minutes in and it’s more monkaS than watching bitcoin tank.",oslo only 15 minutes in and its more monkas than watching bitcoin tank,1
581,"RT @RandolphMlny: #Bitcoin #Satoshi #Earn_Money #cryptocurrency #blockchain #Airdrop
New Airdrop #GMV 📢

#GMV Airdrop $1,000,000 ✈️💰WORTH o…",new airdrop airdrop 1000000 worth o,1
5197,"New post (Bitcoin falls back below $9,000 after Japan adds to regulatory uncertainty) has been published on Crypto… https://t.co/tQxq5f5B1Z",new post bitcoin falls back below 9000 after japan adds to regulatory uncertainty has been published on crypto,1
5418,"@rolik911 Bitcoin BTG (Bitcoin-Gold) a become popularity &amp; becoming more expensive, only You still donТt own it? Yo… https://t.co/1ZS9QnfoTS",bitcoin btg bitcoingold a become popularity becoming more expensive only you still dont own it yo,1
3951,"Name: Aeron
Symbol: ARN
24 hour change: -13.31%
Price: 1.24279
Rank: 333
Total Supply: 20000000.0
Volume: 1137770.0… https://t.co/L1KWDD7z2J",name aeron symbol arn 24 hour change 1331 price 124279 rank 333 total supply 200000000 volume 11377700,0
3916,Cryptosteel MNEMONIC Cold wallet Cryptocurrency Bitcoin Ledger Keepkey Trezor https://t.co/P7L0uinahc #bitcoin https://t.co/5MOAFGGg5V,cryptosteel mnemonic cold wallet cryptocurrency bitcoin ledger keepkey trezor,0
5039,#ADA Price is 0.00002276 (-0.00000021) #BTC / 0.195699 (-0.00371) #USD. Market rank is 6. #cardano #bitcoin #blockchain,price is 000002276 000000021 0195699 000371 market rank is 6,0
4739,#moneto This is a great project a specialized platform to provide loans in a fiatmoney on the security of Bitcoin. #crypto #blockchain #eth,this is a great project a specialized platform to provide loans in a fiatmoney on the security of bitcoin,1
3911,"RT @AirdropKitty: Register now &amp; go Long📈 or Short📉 on #Stellar!

1 - 100x Leverage ✅

▶️ https://t.co/XokkANT2um ◀️

Futures &amp; Swap Contra…",register now go long or short on 1 100x leverage futures swap contra,1
2293,#bitcoin #cryptocurrency #EEUU #spain #22mar #ElPetroEstaBlindado see the last new of bitcoin is gin to the moon https://t.co/wfX2tAx4Rn  1,see the last new of bitcoin is gin to the moon 1,1
1193,Card then two appear sister factor cultural present middle #Bitcoin,card then two appear sister factor cultural present middle,0
1236,#bitcoin #bulls #bears #crypto #BTC $BTC #hodl #wildride for sure https://t.co/7Jk74NrNib,btc for sure,1
3302,"Thanks to my persistence, hard work and constant observation of the markets I could create this FX Robot. #Close #CFD #Bitcoin",thanks to my persistence hard work and constant observation of the markets i could create this fx robot,0
1438,1 Bitcoin Cash = 970.925 USD. BCH has increased by 1.855 USD in 30 mins. Live price: https://t.co/SlFyfFfYJp #bitcoin #bch #cryptocurrency,1 bitcoin cash 970925 usd bch has increased by 1855 usd in 30 mins live price,1
4513,Adult services and Bitcoin https://t.co/Qs4eC7Waer,adult services and bitcoin,1
4959,deVere CEO: Twitter boss wrong to be so bullish Bitcoin https://t.co/w1sRSMFHti via → https://t.co/K00F7fwtRe,devere ceo twitter boss wrong to be so bullish bitcoin via,0
1073,History term garden style appear resource bag yet pass region certainly system commercial issue #Bitcoin,history term garden style appear resource bag yet pass region certainly system commercial issue,0
4068,https://t.co/lWZBwaVznX's CEO wants to undermine Wall Street with the tech behind bitcoin https://t.co/B62uwiLDZ5,ceo wants to undermine wall street with the tech behind bitcoin,0
3127,"Cash in on 25,000 Kringles for Free 

You Can Not afford to Miss this one.....

https://t.co/sEw9ANEHt1  

#Bitcoin… https://t.co/XCqRuaVRgb",cash in on 25000 kringles for free you can not afford to miss this one,1
4245,"RT @ArgonCoin: ICO opens now.

Follow our social media :
Twitter = https://t.co/HhW5SfafbZ
Facebook = https://t.co/H4SVAyqgR7
Telegram = ht…",ico opens now follow our social media twitter facebook telegram ht,1
1541,"RT @fixy_app: Fixy Network offers a versatile, yet user-friendly app you can use to make cryptocurrency utilization in your daily life a re…",fixy network offers a versatile yet userfriendly app you can use to make cryptocurrency utilization in your daily life a re,1
1718,"Name: Triggers
Symbol: TRIG
24 hour change: -16.17%
Price: 0.875884
Rank: 240
Total Supply: 32105578.0
Volume: 4026… https://t.co/aAD39c5VkR",name triggers symbol trig 24 hour change 1617 price 0875884 rank 240 total supply 321055780 volume 4026,0
5591,TBC is on a mission to End Poverty globally.  While there is very little difference between the “Blockchain” techno… https://t.co/dJSnUHNENc,tbc is on a mission to end poverty globally while there is very little difference between the blockchain techno,0
164,The latest The Future Learn Daily! https://t.co/2nxzDi3FdJ #genderpaygap #bitcoin,the latest the future learn daily,1
1468,"Ben is a chatbot that lets you learn about and buy Bitcoin https://t.co/f5LY2qQWf2

It’s generally a given that whe… https://t.co/mPFBSFo4EX",ben is a chatbot that lets you learn about and buy bitcoin its generally a given that whe,1
4014,Is Bitcoin being used to spread “child abuse imagery”? Not really. – The Ungoverned – David Veksler https://t.co/ZvFolljIq1,is bitcoin being used to spread child abuse imagery not really the ungoverned david veksler,0
4905,"Name: Aeron
Symbol: ARN
24 hour change: -13.31%
Price: 1.24415
Rank: 335
Total Supply: 20000000.0
Volume: 1142530.0… https://t.co/RqvMw2d3Fa",name aeron symbol arn 24 hour change 1331 price 124415 rank 335 total supply 200000000 volume 11425300,0
4282,"In February of 2006, Matthew Aid's discovery of a massive secret h https://t.co/NfcBLN4jlO #Cybersecurity #Bitcoin https://t.co/ewOokNP7Uu",in february of 2006 matthew aids discovery of a massive secret h,0
3505,#XEM Price is 0.00003324 (+0.00000008) #BTC / 0.280737 (+0.00243) #USD. Market rank is 13. #nem #bitcoin #blockchain,price is 000003324 000000008 0280737 000243 market rank is 13,0
2105,"@cryptopricebot Bitcoin BTG (Bitcoin Gold) and gaining popular also apt added expensive, only You still donТt hold… https://t.co/RqkgnOu24J",bitcoin btg bitcoin gold and gaining popular also apt added expensive only you still dont hold,1
743,RT @HorizonCoin: Companies using assest based coins are the future of small capital stocks #ico #cryptocurrency #bitcoin #ethereum #blockch…,companies using assest based coins are the future of small capital stocks,0
776,Why does everyone hate on @rogerkver and #bitcoin cash so much? Anyone can clone the bitcoin code and make a new ve… https://t.co/C9P8fW3QOl,why does everyone hate on and cash so much anyone can clone the bitcoin code and make a new ve,0
524,"So fast! Very fAST!!

#THUG https://t.co/lNeYZgXpqb",so fast very fast,1
4066,#DASH Price is 0.048257 (+0.00011980) #BTC / 404.992 (+2.56100) #USD. Market rank is 11. #dash #bitcoin #blockchain,price is 0048257 000011980 404992 256100 market rank is 11,0
4684,@zerohedge China bitcoin and pedophilia seem to be competing for first to kill the dollar.,china bitcoin and pedophilia seem to be competing for first to kill the dollar,1
1376,@alamin24 @Bitcoin It will be more advanced in the future!!,it will be more advanced in the future,1
5751,"RT @PantosIO: The Pantos Technology ICO is now live! 🚀 Pantos utilises Atomic Swaps &amp; Lightning Networks to provide smooth, real-time cross…",the pantos technology ico is now live pantos utilises atomic swaps lightning networks to provide smooth realtime cross,1
3693,Crypto is an once in a lifetime opportunity to grow your capital in ways you would never achieve in other investmen… https://t.co/557EbtU1RY,crypto is an once in a lifetime opportunity to grow your capital in ways you would never achieve in other investmen,0
5711,"RT @CoinsAirdrops: #Bitcoin #Satoshi #Earn_Money #cryptocurrency #blockchain #Airdrop
New #Airdrop #CryptoKami 📢

CryptoKami Is A Decentral…",new cryptokami is a decentral,1
2026,"Name: BlockMason Credit Protocol
Symbol: BCPT
24 hour change: -8.87%
Price: 0.496079
Rank: 220
Total Supply: 116158… https://t.co/D36JMniXfY",name blockmason credit protocol symbol bcpt 24 hour change 887 price 0496079 rank 220 total supply 116158,0
1208,"Your choice for better life .Jolly5xpander the best site for earning !
#xpander #jollycoin #x1 #x2 #BTC #bitcoin… https://t.co/85xqdU3kyH",your choice for better life jolly5xpander the best site for earning,1
375,"RT @WolfReloaded: Hello followers! I have re-opened my Medium account and have re-uploaded my previous content. Feel free to like, subscrib…",hello followers i have reopened my medium account and have reuploaded my previous content feel free to like subscrib,1
4123,@JulieYooCNA - Good Morning Julie. That cryptocurrency salesman that you interviewed was comical; describing a 60%… https://t.co/ztzIQ0jdjJ,good morning julie that cryptocurrency salesman that you interviewed was comical describing a 60,1
111,"Bitmain, China‘s Major Crypto Mining Giant, To Develop New Mining Centers In The US, Document Suggests… https://t.co/w1z6evTGDD",bitmain chinas major crypto mining giant to develop new mining centers in the us document suggests,1
2309,What if hacking approaches could be redirected for productive mean https://t.co/Yeo4bLIRTI #Cybersecurity #Bitcoin https://t.co/h26PWHDQXo,what if hacking approaches could be redirected for productive mean,0
2208,@Dana__official Sick of watching the professionals trade Crypto easily while you sit back and lost money. How’s abo… https://t.co/XCxvNAQxCB,sick of watching the professionals trade crypto easily while you sit back and lost money hows abo,0
3914,"Average Bitcoin market price is: USD 8,675.33, EUR 7,046.78",average bitcoin market price is usd 867533 eur 704678,0
1412,#bitcoin The Financial Platform Midex Continues Tokensale and Increases the Number of Tokens Available for Contribu… https://t.co/6BAefgEAlk,the financial platform midex continues tokensale and increases the number of tokens available for contribu,1
2574,"Name: Profile Utility Token
Symbol: PUT
24 hour change: -4.85%
Price: 0.28749
Rank: 437
Total Supply: 100000000.0
V… https://t.co/jmWLjtJuSi",name profile utility token symbol put 24 hour change 485 price 028749 rank 437 total supply 1000000000 v,0
638,"Name: NuBits
Symbol: USNBT
24 hour change: -13.02%
Price: 0.706113
Rank: 479
Total Supply: 70359638.0
Volume: 66973… https://t.co/fM2mcIwrEK",name nubits symbol usnbt 24 hour change 1302 price 0706113 rank 479 total supply 703596380 volume 66973,0
2483,@alextohme Well @jack thinks the whole world will be on some form of global bitcoin in 10years - so all the $$ mean nothing 😂😂,well thinks the whole world will be on some form of global bitcoin in 10years so all the mean nothing,0
4422,Markets and Prices The disappointing price performances of the cryptocurrency markets in January and February have… https://t.co/8umbNgABO9,markets and prices the disappointing price performances of the cryptocurrency markets in january and february have,0
3255,"Now is the BEST time to start #investing in #Bitcoin and #Altcoins!

Learn more here ➡️ https://t.co/aMxPUnOr5u… https://t.co/CxEIfQpknD",now is the best time to start in and learn more here,1
5174,"Name: https://t.co/0Ow97S63We Utility Token
Symbol: SXUT
24 hour change: -8.1%
Price: 0.267594
Rank: 511
Total Supp… https://t.co/RoRExGMBjk",name utility token symbol sxut 24 hour change 81 price 0267594 rank 511 total supp,0
4981,"Name: NuBits
Symbol: USNBT
24 hour change: -6.84%
Price: 0.740056
Rank: 479
Total Supply: 70359639.0
Volume: 166329… https://t.co/1yORbjxSu7",name nubits symbol usnbt 24 hour change 684 price 0740056 rank 479 total supply 703596390 volume 166329,0
4780,Twitter and Square’s Jack Dorsey: Bitcoin Will Be World’s Single Currency https://t.co/gWCI6pupa6 https://t.co/SiunUqewhV,twitter and squares jack dorsey bitcoin will be worlds single currency,0
4297,"RT @nnadisusatyo: Every single thing that has been done by the team has measured well to reach the goals, #Retainly #RetainlyICO in few day…",every single thing that has been done by the team has measured well to reach the goals in few day,0
2224,@csakzozo @aantonop @farantzos sorry for being a dick. i thought you were a shill for bitcoin core. https://t.co/AzjFbzZwSa,sorry for being a dick i thought you were a shill for bitcoin core,0
5399,Bovada Casino Slot Pays $434K Jackpot Bovada Casino Slot Pays $434K Jackpot. Bovada Casino’s most popular USA onlin… https://t.co/gnfpgDjmhb,bovada casino slot pays 434k jackpot bovada casino slot pays 434k jackpot bovada casinos most popular usa onlin,1
3723,Bitcoin Loses $9k Support After Binance Confusion Shakes Confidence https://t.co/Z70hcmmncG via @Cointelegraph,bitcoin loses 9k support after binance confusion shakes confidence via,0
4274,"Name: Raiden Network Token
Symbol: RDN
24 hour change: -13.83%
Price: 1.48802
Rank: 129
Total Supply: 100000000.0
V… https://t.co/Bixx19yFm0",name raiden network token symbol rdn 24 hour change 1383 price 148802 rank 129 total supply 1000000000 v,0
5639,"Name: COSS
Symbol: COSS
24 hour change: -10.85%
Price: 0.245611
Rank: 335
Total Supply: 104000000.0
Volume: 1012510… https://t.co/4MViV4uQN1",name coss symbol coss 24 hour change 1085 price 0245611 rank 335 total supply 1040000000 volume 1012510,0
2467,"RT @cryptonicles: A HUGE turn around for South Korea and cryptocurrency!

Everyone in the ecosystem should be proud to know that the heart…",a huge turn around for south korea and cryptocurrency everyone in the ecosystem should be proud to know that the heart,1
2978,"Name: AdEx
Symbol: ADX
24 hour change: -8.72%
Price: 0.754066
Rank: 155
Total Supply: 100000000.0
Volume: 6612940.0… https://t.co/ghfLGDKUgr",name adex symbol adx 24 hour change 872 price 0754066 rank 155 total supply 1000000000 volume 66129400,0
3443,#Bitcoingold going to $1000 #LightningNetwork support and #segwit support. Talk directly to the team 24/7 on discor… https://t.co/odGuSf08Iz,going to 1000 support and support talk directly to the team 247 on discor,1
1894,''Are you afraid?'' Aragorn asked. Frodo avoided his gaze and answered:  ''Introducing #Bitcoin Rekt with proof-of-… https://t.co/GAToJt6mu0,are you afraid aragorn asked frodo avoided his gaze and answered introducing rekt with proofof,0
5377,Charge start forward represent such building least for explain here thousand name daughter #Bitcoin,charge start forward represent such building least for explain here thousand name daughter,1
2343,How the Technology Developed for Bitcoin is Changing the World of Work https://t.co/IOHvscBfU1 https://t.co/aAU20YQHNT,how the technology developed for bitcoin is changing the world of work,1
1909,"Bitcoin: Blockchain Spreads Dark Web Links, Child Porn https://t.co/dR3EpiwalV",bitcoin blockchain spreads dark web links child porn,0
963,@twobitidiot Same. Gold is seen as a global currency and bitcoin is the new age version of it.,same gold is seen as a global currency and bitcoin is the new age version of it,1
1749,C# / Back-End #Developer / Up to £75k / FinTech / London. - [ 📋 More Info  https://t.co/75nqvIb256 ] #IoT #crypto… https://t.co/dDlP6xme1R,c backend up to 75k fintech london more info,1
1203,Top #cryptocurrencies quotation right now.   #bitcoin #ethereum #ripple #BitcoinCash #litecoin #Cardano #EOS #NEO… https://t.co/nFVujAFGNo,top quotation right now,1
4974,"@coinlerinkrali Bitcoin BTG(OFFICIAL) (Bitcoin-Gold) do  gaining popularity &amp; attractive other expensive, simply Yo… https://t.co/UolS8buxcu",bitcoin btgofficial bitcoingold do gaining popularity attractive other expensive simply yo,1
5622,@koinexindia $NANO will shake the world upside down. It is the next BIGGEST thing after Bitcoin.,nano will shake the world upside down it is the next biggest thing after bitcoin,0
648,RT @Ozzmak: Follow me @ozzmak Get free #exposure &amp; Shares! #ozzmak #socialmedia #copromote #newmusicalert #nowplaying #RT #music Join The e…,follow me get free shares join the e,1
2406,"LOCK &amp; LOADED

WE HAVE RESTOCK!

GET THEM WELL THEY ARE HOT

https://t.co/LrTTLZIMRU

#cryptocurrency #game #TRX… https://t.co/1nbZYgscA8",lock loaded we have restock get them well they are hot,0
4003,"Limited to 10,000 Members
Total Supply # 20M
4M Coins Will be Airdrop For Free
Airdrop Date 5 May 2018
#airdrop #eth https://t.co/MOt4wABHn0",limited to 10000 members total supply 20m 4m coins will be airdrop for free airdrop date 5 may 2018,1
5059,"I liked a @YouTube video https://t.co/61VLN8eUlu Andreas M. Antonopoulos educates Senate of Canada about Bitcoin (Oct 8, ENG)",i liked a video andreas m antonopoulos educates senate of canada about bitcoin oct 8 eng,1
769,"RT @parabolictrav: Bitcoin has made me realize the path to utopia comes through technology, not by convincing people nor political  effort.…",bitcoin has made me realize the path to utopia comes through technology not by convincing people nor political effort,1
4212,The proof of location protocol that connects the blockchain to the real world https://t.co/n4X48ZBopb  #XYO… https://t.co/ntNVyvMpBz,the proof of location protocol that connects the blockchain to the real world,1
2244,@officialmcafee I am very optimistic with bitcoin although I can't say an exact price in the end of the year but I… https://t.co/FNYNeyV9G2,i am very optimistic with bitcoin although i cant say an exact price in the end of the year but i,1
4498,"In this New York Times bestselling investigation, Ted Koppel revea https://t.co/LkXB3NVHWH #Cybersecurity #Bitcoin https://t.co/9iy6CRphqa",in this new york times bestselling investigation ted koppel revea,1
3044,"paperapapera1973@gmail.com Earn bitcoin on a daily basis!

1. Follow @slidecoin 
2. Complete instructions in pinned tweet",paperapapera1973 earn bitcoin on a daily basis 1 follow 2 complete instructions in pinned tweet,1
4712,RT @CryptoNSleeps: Update on call: $CAN hit 5k sats for a profit of &gt;25%. Still more to be had leading up to the global P2P market launch…,update on call can hit 5k sats for a profit of gt25 still more to be had leading up to the global p2p market launch,1
3908,"@AirdropKitty Bitcoin BTG(OFFICIAL) (Bitcoin-Gold) and gaining popularity &amp; seemly other expensive, marely Your sti… https://t.co/FSluBHi0Lu",bitcoin btgofficial bitcoingold and gaining popularity seemly other expensive marely your sti,0
1952,"This could be you. Getting that Tender Loving #Crypto.

1 - 100x Leverage ✅

▶️ https://t.co/XokkANT2um ◀️

Registe… https://t.co/wLUhCcH7ys",this could be you getting that tender loving 1 100x leverage registe,1
4758,The average price of Bitcoin 8400 USD #bitcoin #btc #price https://t.co/BzPKIkGind,the average price of bitcoin 8400 usd,0
17,Kittens in the Ether? Check out @HypedOnCrypto to learn more about Ethereum. #BTC #LTC #ETH #BITCOIN #LITECOIN… https://t.co/i3gVWwjiBn,kittens in the ether check out to learn more about ethereum,1
3584,"@coinlerinkrali Bitcoin BTG (BTG) go become popular also apt added expensive, simply You still donТt hold it? You g… https://t.co/c1HJoqnVf0",bitcoin btg btg go become popular also apt added expensive simply you still dont hold it you g,1
2560,"Name: CRYPTO20
Symbol: C20
24 hour change: -7.6%
Price: 1.29494
Rank: 163
Total Supply: 40656082.0
Volume: 2701730.… https://t.co/uKW6c2k9PQ",name crypto20 symbol c20 24 hour change 76 price 129494 rank 163 total supply 406560820 volume 2701730,0
2102,RT @silver_report: The #spendingbill is shocking! what's in it?  Everyone wants a piece  of your money https://t.co/R4MjqP2cSV #VetoTheOmni…,the is shocking whats in it everyone wants a piece of your money,0
4709,"@JordySloan I bring up this very point in a recent article!! Cheers! No, Bitcoin will not cause the next financial… https://t.co/PleAoatmGH",i bring up this very point in a recent article cheers no bitcoin will not cause the next financial,1
5688,Why Google is Building its Own Blockchain? ... #Bitcoin https://t.co/vqREmMJwgS,why google is building its own blockchain,1
752,#CryptoNews: New item Added in CoinDoo: Edward Snowden Doesn’t Think Bitcoin Will ‘Last Forever’  https://t.co/sTX20J3uvd,new item added in coindoo edward snowden doesnt think bitcoin will last forever,1
3989,We need Bitcoin to stay over $8300. Im already starting to see the vacuum on alts that have risen over this last week.,we need bitcoin to stay over 8300 im already starting to see the vacuum on alts that have risen over this last week,0
4953,"RT @seres2100: Blockchain in the Music, #DeepVault in @DeepOnionx, If you want to know more this about this, read the next article. https:/…",blockchain in the music in if you want to know more this about this read the next article,1
3941,Delhi woman loses Rs 41 lakh after her bitcoin wallet is hacked - https://t.co/fJ3K2wLFkf,delhi woman loses rs 41 lakh after her bitcoin wallet is hacked,0
5161,RT @dltk: Tokyo Bitcoin meetup (left) and Bitcoin Cash meetup (right).  Big meets for big blocks... https://t.co/eMRvetGGgR,tokyo bitcoin meetup left and bitcoin cash meetup right big meets for big blocks,1
1027,"Name: Mercury
Symbol: MER
24 hour change: -8.04%
Price: 0.205444
Rank: 292
Total Supply: 100000000.0
Volume: 130922… https://t.co/L4keDexxOu",name mercury symbol mer 24 hour change 804 price 0205444 rank 292 total supply 1000000000 volume 130922,0
4205,Bitcoin is ugly.,bitcoin is ugly,0
3048,More safety for everyone!!! https://t.co/7HNNdVbPGi,more safety for everyone,1
796,"Name: Tidex Token
Symbol: TDX
24 hour change: -38.18%
Price: 0.312157
Rank: 647
Total Supply: 10000000.0
Volume: 29… https://t.co/UvqZKkplhU",name tidex token symbol tdx 24 hour change 3818 price 0312157 rank 647 total supply 100000000 volume 29,0
930,At the risk of being exiled. I don't like to HODL Alts. I prefer to protect my BTC value as best I can when the mar… https://t.co/rErKjAdw6s,at the risk of being exiled i dont like to hodl alts i prefer to protect my btc value as best i can when the mar,1
34,"Name: Santiment Network Token
Symbol: SAN
24 hour change: -12.16%
Price: 1.24874
Rank: 127
Total Supply: 83337000.0… https://t.co/GqyHm7Fkww",name santiment network token symbol san 24 hour change 1216 price 124874 rank 127 total supply 833370000,0
3548,"RT @XferMoney: To get better understanding check out #Xfermoney token allocation structure !

For more details
https://t.co/3GJysbfru8

Tel…",to get better understanding check out token allocation structure for more details tel,1
1607,"Israel Securities Authority Declares Bitcoin Is Not a Security 
There are quite a few opinions on whether or ... -… https://t.co/7DujsthCSc",israel securities authority declares bitcoin is not a security there are quite a few opinions on whether or,0
289,"RT @DrDenaGrayson: 🛑BREAKING🛑

Rockin' Rod Rosenstein to make a MAJOR CYBER LAW ENFORCEMENT announcement tomorrow‼️

*TREASURY* Undersecret…",breaking rockin rod rosenstein to make a major cyber law enforcement announcement tomorrow treasury undersecret,1
2501,"Contributed by @ivyriane ""Bitcoin and Altcoins are becoming much more mainstream and with the public acceptance of… https://t.co/mTLl8MJy2E",contributed by bitcoin and altcoins are becoming much more mainstream and with the public acceptance of,1
4678,"RT @RealTimeCrypto: Bitcoin Provides Freedom, Says New PBoC Chief as China Opens Doors to $27 Trillion Payments Market https://t.co/CgAxzxS…",bitcoin provides freedom says new pboc chief as china opens doors to 27 trillion payments market,1
2019,New post (Japan Warns Binance Exchange Over Licensing) has been published on Earn Bitcoin Fast -… https://t.co/hEkHDzNHsS,new post japan warns binance exchange over licensing has been published on earn bitcoin fast,1
552,"""Free telegram member adder api"" by /u/nikolasnikola via Bitcoin - The Currency of the Internet https://t.co/PXkIx2kVgC",free telegram member adder api by unikolasnikola via bitcoin the currency of the internet,1
2333,"Name: DADI
Symbol: DADI
24 hour change: -7.6%
Price: 0.20389
Rank: 348
Total Supply: 100000000.0
Volume: 2617190.0… https://t.co/37Rud8NoPu",name dadi symbol dadi 24 hour change 76 price 020389 rank 348 total supply 1000000000 volume 26171900,0
5259,"#Bitcoin: 8428 USD 0.01 %
#Bitcoin 24h price high: 9100 USD
#Bitcoin all time high: 19666 USD
#BTC #ethereum #ETH… https://t.co/PMEkJw9ETr",8428 usd 001 24h price high 9100 usd all time high 19666 usd,1
1857,Bonus Bitcoin. Free bitcoin faucet. Claim up to 5000 satoshi every 15 minutes. https://t.co/hHC0vV1zb6 #bitcoin #faucet vía @bonusbit,bonus bitcoin free bitcoin faucet claim up to 5000 satoshi every 15 minutes va,1
249,Bitcoin is having a very difficult time truly breaking out around this 9k resistance. We’re seeing extended periods… https://t.co/J2DAKi5JsI,bitcoin is having a very difficult time truly breaking out around this 9k resistance were seeing extended periods,0
1638,Bitcoin's been linked to child pornography. That means it could be declared illegal (or already is) https://t.co/xjSuJik2dN via @ABCNews,bitcoins been linked to child pornography that means it could be declared illegal or already is via,0
3987,"@J8FBTRCuG24HXvR @joiniconic Bitcoin Gold (BTG) do  become popularity &amp; seemly new expensive, just You still donТt… https://t.co/IIXDGBOSzT",bitcoin gold btg do become popularity seemly new expensive just you still dont,0
5040,"RT @alpacawoojin: MC asking about Woojin’s ranking in Produce 101

“72nd -&gt; 75th -&gt; 38th -&gt; 24th -&gt; 6th”
Seungri: Wow the speed his ranks r…",mc asking about woojins ranking in produce 101 72nd gt 75th gt 38th gt 24th gt 6th seungri wow the speed his ranks r,1
3059,RT @GGlobal_Project: We are happy to share our roadmap with you and kindly suggest you take a look at what to expect in 2018: https://t.co/…,we are happy to share our roadmap with you and kindly suggest you take a look at what to expect in 2018,1
5648,"Big move today, not sure what to make of it.",big move today not sure what to make of it,0
4670,"Name: WaBi
Symbol: WABI
24 hour change: -5.7%
Price: 0.794738
Rank: 208
Total Supply: 99218023.0
Volume: 4322880.0… https://t.co/EJSk57yDUS",name wabi symbol wabi 24 hour change 57 price 0794738 rank 208 total supply 992180230 volume 43228800,0
970,Now certainly meet culture time hotel thus bit hand knowledge #Bitcoin,now certainly meet culture time hotel thus bit hand knowledge,0
1107,"Name: Bread
Symbol: BRD
24 hour change: -5.29%
Price: 0.501609
Rank: 209
Total Supply: 88862718.0
Volume: 1501030.0… https://t.co/f5Mrn57PMN",name bread symbol brd 24 hour change 529 price 0501609 rank 209 total supply 888627180 volume 15010300,0
4702,Is Crypto Dead ? Will Crypto Jump Back Or Not ? Bitcoin Future Prediction ! https://t.co/UdJXsFSieD via @YouTube,is crypto dead will crypto jump back or not bitcoin future prediction via,0
1056,RT @sovereignmonkey: @mwilcox Bitcoin had multiple DDoS attacks and they are what led to it becoming stronger. If LN survives these DDoS at…,bitcoin had multiple ddos attacks and they are what led to it becoming stronger if ln survives these ddos at,1
4815,RT @Airdroplets: An exceptional marketing scheme developed by the aelf team was the Candy Airdrop Program. This airdrop project rewards use…,an exceptional marketing scheme developed by the aelf team was the candy airdrop program this airdrop project rewards use,1
3633,Have you always been curious about the seemingly mysterious and da https://t.co/UuIOXw6Qlp #Cybersecurity #Bitcoin https://t.co/SHgvB49UHp,have you always been curious about the seemingly mysterious and da,0
4450,HASHING24 via /r/BitcoinMarkets https://t.co/jUCZO2TjQM Free #bitcoin at https://t.co/KCTBjgutlD,hashing24 via rbitcoinmarkets free at,1
3446,markfidelman : Is Floyd Mayweather Getting Punched by the SEC Over Bitcoin? https://t.co/nsAAwtyJa4 #bitcoin… https://t.co/eyDT2VipjW,markfidelman is floyd mayweather getting punched by the sec over bitcoin,0
3986,"RT @FupoofCoin: buy this great t-shirt with crytocurrecny only at https://t.co/OepRIFUbKO
Reweet to earn 200 fupoofcoins.Min 1000 twitter f…",buy this great tshirt with crytocurrecny only at reweet to earn 200 fupoofcoinsmin 1000 twitter f,1
2404,Make Bitcoin Online FREE at Bits2u - https://t.co/f0qWXpC2Le https://t.co/iOThu2QZCE,make bitcoin online free at bits2u,1
2513,"【Bitcoin News】
Crypto Collectibles Are Worthless Without a Website
[転載元： https://t.co/UFoqCkYWrY] https://t.co/aYaLKohKu2",bitcoin news crypto collectibles are worthless without a website,0
5341,"Name: ATBCoin
Symbol: ATB
24 hour change: -5.81%
Price: 0.242227
Rank: 433
Total Supply: 53119092.0
Volume: 2191920… https://t.co/pNaFb9JJnL",name atbcoin symbol atb 24 hour change 581 price 0242227 rank 433 total supply 531190920 volume 2191920,0
1046,RT @GeekRemix: ... somehow this feels expected. https://t.co/VoBc3acrHY,somehow this feels expected,0
5551,Most people believe that the right to privacy is inherently at odd https://t.co/A5MwQDgI4o #Cybersecurity #Bitcoin https://t.co/4lA0rfOwdw,most people believe that the right to privacy is inherently at odd,1
2478,"“the long lasting flaw, is its public ledger. That is simply incompatible with having a enduring mechanism for trad… https://t.co/LUyDDvKqFL",the long lasting flaw is its public ledger that is simply incompatible with having a enduring mechanism for trad,0
5244,"Name: Blocktix
Symbol: TIX
24 hour change: -10.65%
Price: 0.351202
Rank: 363
Total Supply: 62500000.0
Volume: 10444… https://t.co/NsKfbIcGnZ",name blocktix symbol tix 24 hour change 1065 price 0351202 rank 363 total supply 625000000 volume 10444,0
3739,#EOS Price is 0.00079152 (+0.00000808) #BTC / 6.68708 (+0.11217) #USD. Market rank is 7. #eos #bitcoin #blockchain,price is 000079152 000000808 668708 011217 market rank is 7,0
5554,"@alief0712 Bitcoin BTG(OFFICIAL) (BTG) go become popularity &amp; fitting more expensive, marely Your still donТt own i… https://t.co/pP9t2v1cE8",bitcoin btgofficial btg go become popularity fitting more expensive marely your still dont own i,1
3442,"@SkiOlya Bitcoin Gold (Bitcoin Gold) is becomes popularity ^&amp;^ seemly other expensive, just Your still donТt own it… https://t.co/xDNAgFhufJ",bitcoin gold bitcoin gold is becomes popularity seemly other expensive just your still dont own it,0
3498,"RT @ValoremF: At AdValorem, you can find Investors who can invest a lot as well as a little. Support entire crypto community with proven in…",at advalorem you can find investors who can invest a lot as well as a little support entire crypto community with proven in,0
1127,Bitcoin Morning update. New unexpected graph in progress. https://t.co/cU5ai00zrg,bitcoin morning update new unexpected graph in progress,1
5194,Management soon audience body speech child discover worker address artist population reduce #Bitcoin,management soon audience body speech child discover worker address artist population reduce,0
101,#University Student Gang ”Breaking Bad” Jailed For Dealing $1M+ in #Drugs for Bitcoin https://t.co/Ugiiw4gvBQ https://t.co/mRLdtFo6uV,student gang breaking bad jailed for dealing 1m in for bitcoin,0
1124,"RT @andhovesyan: Does banks and governments afraid of #cryptocurrency? I'm sure they do!
Check out a new article by @DeepOnionx community.…",does banks and governments afraid of im sure they do check out a new article by community,1
1382,"Economic Club of New York: Peter Thiel Discusses Bitcoin and Silicon Valley, Amongst Other Things   |  #FeedChain   https://t.co/pPe8XumcO1",economic club of new york peter thiel discusses bitcoin and silicon valley amongst other things,1
4111,Especially brother recently final understand room important though floor model kid any difference walk start long #Bitcoin,especially brother recently final understand room important though floor model kid any difference walk start long,0
1064,🤔Binance In Trouble? / Digix FINALLY Releasing DGX / Diet Bitcoin - LOL! / Bitcoin Illegal… https://t.co/gD6haf4zBl,binance in trouble digix finally releasing dgx diet bitcoin lol bitcoin illegal,1
4586,RT @UTEMISUTS: PRE-ICO is over! Thank you for you Support! Our ICO First Period starts today!✌🏼 #UTEMIS #blockchain #ethereum #bitcoin #Tok…,preico is over thank you for you support our ico first period starts today,1
501,Excellent news! https://t.co/80Uv1INkkz,excellent news,1
1074,"@JoelOsteen Heaven Helps Those who Help Themselves. Get Started with Bitcoin trade and Earn over $12,000 Weekly. Follow the Right Part.",heaven helps those who help themselves get started with bitcoin trade and earn over 12000 weekly follow the right part,1
4395,"Name: Moeda Loyalty Points
Symbol: MDA
24 hour change: -9.16%
Price: 0.840902
Rank: 328
Total Supply: 19628888.0
Vo… https://t.co/3tvgEFySTx",name moeda loyalty points symbol mda 24 hour change 916 price 0840902 rank 328 total supply 196288880 vo,0
4440,"Name: Blocktix
Symbol: TIX
24 hour change: -11.93%
Price: 0.34161
Rank: 365
Total Supply: 62500000.0
Volume: 109837… https://t.co/adm1YH6fDi",name blocktix symbol tix 24 hour change 1193 price 034161 rank 365 total supply 625000000 volume 109837,0
3532,RT @PieceOfThePy: Reading this now...$EOS vs $ETH interesting stuff right here...check it out!!! 🤓🤩 https://t.co/Uh6DFksxEO,reading this noweos vs eth interesting stuff right herecheck it out,1
1524,RT @AchieveThis: CryptoTab and mine Bitcoin! https://t.co/zsaWjpxMLQ   Life is good!,cryptotab and mine bitcoin life is good,1
935,"Name: CRYPTO20
Symbol: C20
24 hour change: -7.44%
Price: 1.30317
Rank: 168
Total Supply: 40656082.0
Volume: 2631560… https://t.co/0yAlRPVIgS",name crypto20 symbol c20 24 hour change 744 price 130317 rank 168 total supply 406560820 volume 2631560,0
1754,"Name: EZToken
Symbol: EZT
24 hour change: -10.13%
Price: 0.884606
Rank: 424
Total Supply: 50000000.0
Volume: 107672… https://t.co/YdI68NFgAP",name eztoken symbol ezt 24 hour change 1013 price 0884606 rank 424 total supply 500000000 volume 107672,0
4584,"RT @_Decentralized_: ""The world ultimately will have a single currency, the internet will have a single currency. I personally believe that…",the world ultimately will have a single currency the internet will have a single currency i personally believe that,0
2866,This book describes modern technical tools that realize intentiona https://t.co/d4yxW9RVYg #Cybersecurity #Bitcoin https://t.co/5lfu6PJ74U,this book describes modern technical tools that realize intentiona,1
836,China’s First Central Bank Governor in 15 Years Likes #bitcoin https://t.co/Cywhv17fKQ,chinas first central bank governor in 15 years likes,1
1670,"RT @WeathermanIam: When people look back at the Facebook years they will wonder how we could have been so stupid.

And old guys will try to…",when people look back at the facebook years they will wonder how we could have been so stupid and old guys will try to,0
1828,1 Bitcoin Cash = 970.893 USD. BCH has increased by 1.046 USD in 30 mins. Live price: https://t.co/SlFyfFfYJp #bitcoin #bch #cryptocurrency,1 bitcoin cash 970893 usd bch has increased by 1046 usd in 30 mins live price,1
5673,🚀📸#Airdrop PhotoCoin Airdrop Round#2! 💰100 #PhotoCoin💰 will be giving to everyone who complete the google form:… https://t.co/NyZeTKTTS3,photocoin airdrop round 100 will be giving to everyone who complete the google form,1
1565,New post (Dutch Court Finds Bitcoin A Legitimate “Transferable V... | News) has been published on Cryptoslive is th… https://t.co/rez0Ai265V,new post dutch court finds bitcoin a legitimate transferable v news has been published on cryptoslive is th,1
2135,😂 so fake I can't even #Bitcoin https://t.co/GMmH6NMFJP,so fake i cant even,0
646,Prediction:  Satoshi comes out of hiding to talk shit about Bitcoin Cash. $BCH $BTC,prediction satoshi comes out of hiding to talk shit about bitcoin cash bch btc,0
482,"It's hard to make a good TA in ALTS if the market is being moved by $btc.  So, let's keep following The King. $btcusd $crypto #bitcoin",its hard to make a good ta in alts if the market is being moved by btc so lets keep following the king btcusd crypto,1
5721,"@serinletici Bitcoin Gold (Bitcoin-Gold) a becomes popular and becoming other expensive, simply Your still donТt ow… https://t.co/6ApMqDJDqa",bitcoin gold bitcoingold a becomes popular and becoming other expensive simply your still dont ow,1
3553,#Bitcoin Social Sentiment is currently MIXED (-11)%. Visit https://t.co/BCZzlVBhQH to find out why. $BTC $BTCUSD,social sentiment is currently mixed 11 visit to find out why btc btcusd,1
16,"Name: Raiden Network Token
Symbol: RDN
24 hour change: -4.69%
Price: 1.58653
Rank: 129
Total Supply: 100000000.0
Vo… https://t.co/KHrEl2usc2",name raiden network token symbol rdn 24 hour change 469 price 158653 rank 129 total supply 1000000000 vo,0
5469,"@aman39115 Bitcoin BTG (Bitcoin-Gold) go becomes popularity also becoming other expensive, marely You still donТt h… https://t.co/v9WVJHWmED",bitcoin btg bitcoingold go becomes popularity also becoming other expensive marely you still dont h,0
3334,Bitcoin For Beginners: A Quick Guide To The Basics  https://t.co/RDsf9RuZxT #crypto #currency,bitcoin for beginners a quick guide to the basics,1
5590,"Name: Mercury
Symbol: MER
24 hour change: -9.33%
Price: 0.199425
Rank: 291
Total Supply: 100000000.0
Volume: 124612… https://t.co/XTEfRPqKNr",name mercury symbol mer 24 hour change 933 price 0199425 rank 291 total supply 1000000000 volume 124612,0
3086,"What Does the Dow Jones Toppling Mean for Cryptocurrencies? https://t.co/cWgAIaqLNQ ""Rather than having to deal wit… https://t.co/CMJWQ8seXE",what does the dow jones toppling mean for cryptocurrencies rather than having to deal wit,0
4710,"Cyber crime is on the increase, and with small to medium business https://t.co/0ZOuZUyqmT #Cybersecurity #Bitcoin https://t.co/npAxNJiUV4",cyber crime is on the increase and with small to medium business,0
5104,here's my latest #Bitcoin TA I want you guys to really take a close look at this &amp; understand the nuances of this c… https://t.co/YdZ4Kk3dTo,heres my latest ta i want you guys to really take a close look at this understand the nuances of this c,1
623,"RT @VittaGam: https://t.co/zQ1HT15w6O
https://t.co/k2nhjSNtDF Ethereum Price Technical Analysis
Ethereum price is slowly moving higher agai…",ethereum price technical analysis ethereum price is slowly moving higher agai,0
635,@coindesk Would be curious to see how this actually works #btc #bitcoin,would be curious to see how this actually works,0
1676,"Name: Wings
Symbol: WINGS
24 hour change: -8.47%
Price: 0.457437
Rank: 186
Total Supply: 100000000.0
Volume: 179514… https://t.co/YKrFhYws8N",name wings symbol wings 24 hour change 847 price 0457437 rank 186 total supply 1000000000 volume 179514,0
2852,"RT @adamludwin: 5/So what *are* people buying with Bitcoin that dwarfs its use in traditional e-commerce and on the dark web? Remarkably, t…",5so what are people buying with bitcoin that dwarfs its use in traditional ecommerce and on the dark web remarkably t,1
4690,"@_blockandchain_ I hear ""government &amp; corporations are building their own blockchains to fight bitcoin and that mak… https://t.co/1mGWmBJiDU",i hear government corporations are building their own blockchains to fight bitcoin and that mak,1
5769,WSJ: SEC To Examine Up To 100 Crypto-Related Hedge Funds https://t.co/gC6NUhMBzR *** Tinking about bitcoins? Hashfl… https://t.co/pXvXgKtTWv,wsj sec to examine up to 100 cryptorelated hedge funds tinking about bitcoins hashfl,0
5137,#DASH Price is 0.0475073 (+0.00000950) #BTC / 398.208 (-0.00400) #USD. Market rank is 12. #dash #bitcoin #blockchain,price is 00475073 000000950 398208 000400 market rank is 12,0
5440,"Bitcoin Transaction Volume Decreases With Batching, Not Due to Lack of Demand Find more https://t.co/6TuCJfQb0J… https://t.co/5oloejpfax",bitcoin transaction volume decreases with batching not due to lack of demand find more,1
3826,"📊 $BTC Update 📊

#Bitcoin was at 9K on Tuesday when I warned you about the pump fake. Dropping now as expected, so… https://t.co/CPf41A0vRw",btc update was at 9k on tuesday when i warned you about the pump fake dropping now as expected so,0
2477,"New TRON #TRX giveaway, claim 80 tron worth $3 by joining a telegram &amp; exchange. -&gt;https://t.co/1tgAeY3gb9… https://t.co/2eiVHLpk2K",new tron giveaway claim 80 tron worth 3 by joining a telegram exchange gt,1
209,"""Old man yells at Bitcoin"" is exactly the same pattern as:

""The Church yells at Darwin for claiming that man was not created by god""",old man yells at bitcoin is exactly the same pattern as the church yells at darwin for claiming that man was not created by god,1
2342,"Name: SportyCo
Symbol: SPF
24 hour change: -6.6%
Price: 0.166529
Rank: 457
Total Supply: 70673454.0
Volume: 1808410… https://t.co/k0DE3wpeO4",name sportyco symbol spf 24 hour change 66 price 0166529 rank 457 total supply 706734540 volume 1808410,0
1398,Bitcoin is coming down the Hill https://t.co/y2abBQ8YdI #markets #trading #technicals (trending on TradingView),bitcoin is coming down the hill trending on tradingview,0
5458,"Name: INS Ecosystem
Symbol: INS
24 hour change: -9.55%
Price: 1.17068
Rank: 222
Total Supply: 50000000.0
Volume: 83… https://t.co/UnOnDeDcKx",name ins ecosystem symbol ins 24 hour change 955 price 117068 rank 222 total supply 500000000 volume 83,0
157,Group half democratic face major mother put child few require already up by #Bitcoin,group half democratic face major mother put child few require already up by,1
3751,"190 Cryptocurrency Exchanges. Which Is The Best One? — Steemit https://t.co/V3eDeuZFMm
#Steemit #blockchain… https://t.co/L9kIN1WelE",190 cryptocurrency exchanges which is the best one steemit,1
4688,"RT @ ""Bitmain Moves Toward Artificial Intelligence after Bitcoin Dominance   #DataScience #MachineLearning… https://t.co/LMWYQ0KmVO",bitmain moves toward artificial intelligence after bitcoin dominance,0
5046,"RT @SYNCFAB: ""Study: Smart factories would add $500B in annual economic value"" https://t.co/XbZZ6xNDei @SYNCFAB helps companies on the path…",study smart factories would add 500b in annual economic value helps companies on the path,1
4976,"Name: Bread
Symbol: BRD
24 hour change: -10.93%
Price: 0.466529
Rank: 214
Total Supply: 88862718.0
Volume: 1359870.… https://t.co/gTtd5Ck8C3",name bread symbol brd 24 hour change 1093 price 0466529 rank 214 total supply 888627180 volume 1359870,0
3769,Welcome Peter Wilson: Blockchain’s new VP of Engineering #bitcoin .. https://t.co/3GCLBGlIIy,welcome peter wilson blockchains new vp of engineering,1
4266,"@CryptoHedge_ Hope you are right. It seems to me that people are maxed on the uncertainty in world right now, and t… https://t.co/4NwlmB2EuH",hope you are right it seems to me that people are maxed on the uncertainty in world right now and t,1
3246,Earn between 100 and 800 satoshis every 15 minute/s from https://t.co/gxd3Rw0Y97 for free :) #FreeBitcoin #Bitcoin #Free4Faucet .,earn between 100 and 800 satoshis every 15 minutes from for free,1
4909,"#US State Department And #CocaCola To Use #Blockchain #Technology To Fight Forced Labor. 

#crypto #blockchain… https://t.co/IPhxvlT3wp",state department and to use to fight forced labor,0
3290,"PR: XDCE Token Goes Live on Exchanges like Bancor, KoinOk, Alphaex, Forkdelta &amp; Etherflyer Opens 20% Above the Toke… https://t.co/1ki4WB3NXS",pr xdce token goes live on exchanges like bancor koinok alphaex forkdelta etherflyer opens 20 above the toke,1
2332,#MoneySavings Why is bitcoin worth money? https://t.co/6yd5WcjpMN https://t.co/6IYVdDGwmc,why is bitcoin worth money,1
956,Every time climbing more! https://t.co/ibdQgiwgd9,every time climbing more,1
907,Platform Medium set new rules for cryptocurrency projects - https://t.co/jbtfo109yX https://t.co/Nkl4cgo8k6,platform medium set new rules for cryptocurrency projects,1
225,"BTC-SIB AskRate: 0.00014245 #Bittrex  #SIB $SIB #Siberian Chervonets #altcoin #bitcoin #cryptocurrencies
 ♥ FOLLOW for PROFIT",btcsib askrate 000014245 sib chervonets follow for profit,1
1462,"RT @NimbusToken: Product tokens are a new type of cryptocurrency where the customer can buy a product or service via a pre-sale.
https://t.…",product tokens are a new type of cryptocurrency where the customer can buy a product or service via a presale,1
2444,"Name: Blocktix
Symbol: TIX
24 hour change: -10.0%
Price: 0.353932
Rank: 364
Total Supply: 62500000.0
Volume: 104424… https://t.co/iJ812Pmkrk",name blocktix symbol tix 24 hour change 100 price 0353932 rank 364 total supply 625000000 volume 104424,0
5818,"New Course on Bisq in many aspects! Check it out now! FREE, only on BitcoinHomework!https://… https://t.co/X5g1PEYimm",new course on bisq in many aspects check it out now free only on bitcoinhomework,1
631,"@NixmoneyCom Bitcoin BTG (Bitcoin-Gold) are become popular &amp; seemly other expensive, but Your still donТt hold it?… https://t.co/rH221JtsAK",bitcoin btg bitcoingold are become popular seemly other expensive but your still dont hold it,0
2570,"New post: ""KICK1: Haha yep exactly, everyone wants Your Bitcoin! Keep"" https://t.co/jTnRcV8oAB",new post kick1 haha yep exactly everyone wants your bitcoin keep,1
5234,"RT @SteveGoodCEO: #TheCoinChat is out now! Ep 15: What The Fork is a Fork?! Iced Tea in Trouble and other Insanity.
Spotify: https://t.co/8…",is out now ep 15 what the fork is a fork iced tea in trouble and other insanity spotify,0
5596,YOU CAN'T KILL #bitcoin wise man said @APompliano https://t.co/AOPGCYEjbF,you cant kill wise man said,1
3463,"RT @DanSkinner18: Copy successful traders automatically with Bitcoin! 💰💰

I copy ""Dividend667"". Do you?

➡️ https://t.co/7bd3LS10cQ ⬅️

Tal…",copy successful traders automatically with bitcoin i copy dividend667 do you tal,1
162,RT @minernoob111: One of the biggest problems with Bitcoin is its lack of everyday use. @OfficialAkaiito plans to change that with everyday…,one of the biggest problems with bitcoin is its lack of everyday use plans to change that with everyday,0
2754,"Name: True Chain
Symbol: TRUE
24 hour change: -5.51%
Price: 0.480939
Rank: 390
Total Supply: 100000000.0
Volume: 86… https://t.co/8jDgWfJk38",name true chain symbol true 24 hour change 551 price 0480939 rank 390 total supply 1000000000 volume 86,0
4438,Venezuela President's Solution to Inflation: Change Money 🤑 Earn FREE Bitcoin in less than ⏰ 10min with… https://t.co/yboTHej6Ff,venezuela presidents solution to inflation change money earn free bitcoin in less than 10min with,1
165,@_Kevin_Pham Trumps retarded policies and actions are about to make bitcoin way more valuable...probably sooner than later.,trumps retarded policies and actions are about to make bitcoin way more valuableprobably sooner than later,0
1377,Ethereum Mining: The Best Solutions To Mine Ether And Make Money With Crypto - https://t.co/8UbLmwEUtV #bitcoin… https://t.co/oFr0rFZcmp,ethereum mining the best solutions to mine ether and make money with crypto,1
334,RT @maxchoo2u: The first game application based on Bitcoin Nano has been developed and is now undergoing internal testing. Welcome to join…,the first game application based on bitcoin nano has been developed and is now undergoing internal testing welcome to join,1
2822,"Bitcoin will become the world’s single currency, Twitter chief says | Business https://t.co/e9yWexfESi",bitcoin will become the worlds single currency twitter chief says business,0
4449,The best ico of 2018 !!! https://t.co/vc20PkT1o8,the best ico of 2018,1
3113,Is Bitcoin Cash [BTG] dying a slow death @360_trader? #BTC #bitcoin #TA,is bitcoin cash btg dying a slow death,0
4189,"Forty years ago, a majority of Americans were highly engaged in is https://t.co/SDZLke4fD4 #Cybersecurity #Bitcoin https://t.co/LLSFhqsG62",forty years ago a majority of americans were highly engaged in is,1
4194,RT @linalovesit: I profiled a rapper who only raps about crypto currency. He manages to both know it’s the worst thing ever and take it ser…,i profiled a rapper who only raps about crypto currency he manages to both know its the worst thing ever and take it ser,0
4532,"FREE TRD TOKEN​

https://t.co/UENA3ELVUc

Sign up now and Get YourTRD within 2 hours 

I Signed Up And Got My TRD 2… https://t.co/ZwE7t6iTyX",free trd token sign up now and get yourtrd within 2 hours i signed up and got my trd 2,1
982,"RT @THUGCOIN: Our official @THUGCOIN Twitter #Airdrop ROUND 5 just closed! 

Thanks to all of the participants for joining our badass #Aird…",our official twitter round 5 just closed thanks to all of the participants for joining our badass,0
1323,"@leadenbullet1 Bitcoin Gold (Bitcoin-Gold) do  becomes popularity also seemly other expensive, but You still donТt… https://t.co/IIe834r1OO",bitcoin gold bitcoingold do becomes popularity also seemly other expensive but you still dont,0
5182,"RT @WealthE_Coin: Take notes..ICOs can be tricky sometimes, good thing we have it right! #WealthMigrate #WealthE #Blockchain #ICOs #Bitcoin…",take notesicos can be tricky sometimes good thing we have it right,1
5524,"Both Hiring &amp; Firm lines will change as the adoption curve evolves.  

Seen it before.  IE @jcal7 &amp;  @ventures were… https://t.co/gqxog0mqvx",both hiring firm lines will change as the adoption curve evolves seen it before ie were,0
2068,"@coin_chart Bitcoin BTG (Bitcoin Gold) a gaining popular &amp; becoming added expensive, just Your still donТt hold it?… https://t.co/bUlcg2Oeth",bitcoin btg bitcoin gold a gaining popular becoming added expensive just your still dont hold it,1
4505,"Name: Bodhi
Symbol: BOT
24 hour change: -7.06%
Price: 0.340682
Rank: 366
Total Supply: 100000000.0
Volume: 1202400.… https://t.co/dXNHxW5iII",name bodhi symbol bot 24 hour change 706 price 0340682 rank 366 total supply 1000000000 volume 1202400,0
3825,"RT @NakedSecurity: Twitter's Jack Dorsey thinks Bitcoin will become the single global currency in a decade. #tellSophos, in a decade we'll…",twitters jack dorsey thinks bitcoin will become the single global currency in a decade in a decade well,0
2875,I'm being quoted and it's not in court! Fuck yeah 😂 https://t.co/eyFBkp6VRf,im being quoted and its not in court fuck yeah,0
5445,"WHAT IS CRYPTOTAB and how is working short video!!!!! easy,safe,real FREE Bitcoin Mining on google CHROME it""s work… https://t.co/CSAYoFTJFS",what is cryptotab and how is working short video easysafereal free bitcoin mining on google chrome its work,1
3938,RT @flyingmoney_io: Investors in the crypto space are finding it increasingly difficult to invest in the highly volatile space. Flying Mone…,investors in the crypto space are finding it increasingly difficult to invest in the highly volatile space flying mone,0
2264,"Name: Aeron
Symbol: ARN
24 hour change: -10.14%
Price: 1.27018
Rank: 329
Total Supply: 20000000.0
Volume: 1149530.0… https://t.co/FG1yM18rlV",name aeron symbol arn 24 hour change 1014 price 127018 rank 329 total supply 200000000 volume 11495300,0
5760,Task good morning beautiful wonder interview if some event cover today whose #Bitcoin,task good morning beautiful wonder interview if some event cover today whose,0
5768,"Name: Modum
Symbol: MOD
24 hour change: -15.84%
Price: 2.16956
Rank: 196
Total Supply: 27266200.0
Volume: 1675760.0… https://t.co/SGDkQGQTky",name modum symbol mod 24 hour change 1584 price 216956 rank 196 total supply 272662000 volume 16757600,0
2667,Pullback Ahead? Bitcoin Hits Stiff Resistance at $9K https://t.co/8sDoEIzjWi,pullback ahead bitcoin hits stiff resistance at 9k,0
1456,"Infographic: 50 Insane Facts About Bitcoin, Bitcoin, all about bitcoin, bitcoin … https://t.co/FZy3J5n5Sa https://t.co/xO5gaB1LSu",infographic 50 insane facts about bitcoin bitcoin all about bitcoin bitcoin,0
2566,"New post: ""'I Don't Think Bitcoin Will Last Forever': NSA Whistleblower Edward Snowden"" https://t.co/h4DkwzsXFJ",new post i dont think bitcoin will last forever nsa whistleblower edward snowden,1
5805,"Name: Blocktix
Symbol: TIX
24 hour change: -11.93%
Price: 0.341538
Rank: 366
Total Supply: 62500000.0
Volume: 11006… https://t.co/wu54znoAhh",name blocktix symbol tix 24 hour change 1193 price 0341538 rank 366 total supply 625000000 volume 11006,0
2936,"Name: Raiden Network Token
Symbol: RDN
24 hour change: -4.48%
Price: 1.58735
Rank: 130
Total Supply: 100000000.0
Vo… https://t.co/J1RR72AMNe",name raiden network token symbol rdn 24 hour change 448 price 158735 rank 130 total supply 1000000000 vo,0
3666,"Bears Drag #bitcoin Price to $8,350; Litecoin Holds On, Monero and NEO in Trouble https://t.co/9IfTicegv1",bears drag price to 8350 litecoin holds on monero and neo in trouble,0
97,"I just lost two followers because (I think) of my negative #BTC chart outlook.....

So here is the same chart excep… https://t.co/wUlwurxYas",i just lost two followers because i think of my negative chart outlook so here is the same chart excep,0
2540,Good Morning owners. Thank you all for the support over the past 8 weeks. Our store is making epic progress within… https://t.co/7oBBGEUJUZ,good morning owners thank you all for the support over the past 8 weeks our store is making epic progress within,1
4938,"【Bitcoin News】
Monthly Web Traffic for Major Bitcoin Exchanges Falls by Half
[転載元： https://t.co/8e96iwdYsG] https://t.co/O7hMsqeTUw",bitcoin news monthly web traffic for major bitcoin exchanges falls by half,0
1383,"RT @crypToBanger: #BITCOIN possible 2014 #fracTaL buT much fasTer #markeTcycLe ? 

2014: 
1D charT 
aTH drop - april low 133 bars

2018: 
1…",possible 2014 but much faster 2014 1d chart ath drop april low 133 bars 2018 1,1
1467,"RT @ZoraArmani: There’s literally nothing worse than any man not sending me 13 #Bitcoin right now.

N O T H I N G

Yeah I know that’s you,…",theres literally nothing worse than any man not sending me 13 right now n o t h i n g yeah i know thats you,0
2304,#Cryptocurrency started 2017 with less than 20 Billion USD in market cap and it's starting 2018 with over 300 Billi… https://t.co/lJRe4yM8wX,started 2017 with less than 20 billion usd in market cap and its starting 2018 with over 300 billi,0
2198,"#NobleCoin!! . Very low market cap ( 4 MILLION)  with some steady growth recently #NOBL 

#HODLRocket… https://t.co/VpUccQzLRb",very low market cap 4 million with some steady growth recently,1
986,"#blockchain #btc #crypto #cryptocurrency #bitcoin #Ethereum #ETH 67 
 The first blockchain platform to power sports… https://t.co/KIwZm7dKYz",67 the first blockchain platform to power sports,1
4891,They got hit with ransomware lmao https://t.co/PYewx17g3i,they got hit with ransomware lmao,1
206,what the online social media website named Twitter™ about bitcoin can i just buy some ethereum on coinbase,what the online social media website named twitter about bitcoin can i just buy some ethereum on coinbase,1
1374,"Nice Project #Skyllz_platform #ICO #crptocurrency #Blockchain #bitcoin #TokenSale #Crowdsale. 
https://t.co/9d1qOqrRE2",nice project,1
2281,RT @MissLauren_H: It won’t be long before we see #cryptocurrencies added to this timeline. #DigitalCurrency existed before #bitcoin as a mo…,it wont be long before we see added to this timeline existed before as a mo,0
100,@Excellion The future will be built on a secure platform like #Litecoin #Bitcoin..  Makes no sense to use #Ethereum… https://t.co/UgzIcqkwwq,the future will be built on a secure platform like makes no sense to use,1
5295,"RT @6o58effEumI8hME: @Bitstamp @MerriamWebster When the hard fork occured, a snapshot of all existing ZCL and BTC holdings occured. Anyone…",when the hard fork occured a snapshot of all existing zcl and btc holdings occured anyone,0
5803,"Name: Arcblock
Symbol: ABT
24 hour change: -10.64%
Price: 0.701628
Rank: 140
Total Supply: 186000000.0
Volume: 4220… https://t.co/Bu9Y19uQmH",name arcblock symbol abt 24 hour change 1064 price 0701628 rank 140 total supply 1860000000 volume 4220,0
610,bitcoin better fucking go up rn lol,bitcoin better fucking go up rn lol,1
2391,Bitcoin: The Complete Guide to Understanding Bitcoin Cryptocurrency and Bitcoin Mining (Kindle Edition)… https://t.co/OXMhJGLZyK,bitcoin the complete guide to understanding bitcoin cryptocurrency and bitcoin mining kindle edition,1
1252,I heard Bitcoin transaction is expensive - try VISA! https://t.co/yJC2jsWeQ9,i heard bitcoin transaction is expensive try visa,0
3695,"Name: Centra
Symbol: CTR
24 hour change: -5.5%
Price: 0.440596
Rank: 234
Total Supply: 98272765.0
Volume: 14280300.… https://t.co/CxOx8bba7a",name centra symbol ctr 24 hour change 55 price 0440596 rank 234 total supply 982727650 volume 14280300,0
4065,"@JamieHolmes1991 @btc_manager Still very valid.

To refresh your memory...
#Ethereum realized ~17,000% gains in 201… https://t.co/0OrAkQSix3",still very valid to refresh your memory realized 17000 gains in 201,1
2324,RT @jdegoes: Bitcoin is an eventually consistent protocol that converges when the last block took just over half the energy remaining in th…,bitcoin is an eventually consistent protocol that converges when the last block took just over half the energy remaining in th,1
4301,"RT @CoinsAirdrops: #Bitcoin #Satoshi #Earn_Money #cryptocurrency #blockchain #Airdrop
New Airdrop #ETU 📢

Sign Up and get 8888 #ETU ✈️💰

1.…",new airdrop sign up and get 8888 1,1
729,"Join #PureInvestments #cryptocurrency community today to bring your investing game to the next level. Over $3,500,0… https://t.co/0fNQbiInSv",join community today to bring your investing game to the next level over 35000,0
5538,@CRInvestor @ErikSTownsend You know what he thinks about bitcoin right?,you know what he thinks about bitcoin right,1
1596,"#FreeZoneTokenSALE We in Freezone think that bitcoin technology education is a must have nowadays, and in long term… https://t.co/RvAN1lzwF8",we in freezone think that bitcoin technology education is a must have nowadays and in long term,0
5176,@benshapiro What are your thoughts on Bitcoin/Litecoin and other crypto currencies?,what are your thoughts on bitcoinlitecoin and other crypto currencies,0
2518,Major wall 391+ BTC at 8600 via /r/BitcoinMarkets https://t.co/iK8yN9e1Fq Free #bitcoin at https://t.co/KCTBjgutlD,major wall 391 btc at 8600 via rbitcoinmarkets free at,1
5055,"RT @MsxNetwork: AIRDROP! 80% free distribution!

PHASE I for #AION Token Holder 
PHASE II for #ICX Token Holder 
PHASE III for #ELF Token H…",airdrop 80 free distribution phase i for token holder phase ii for token holder phase iii for token h,1
3167,"A complete library of the hottest, never-before-published undergro https://t.co/RIeRLG2eqn #Cybersecurity #Bitcoin https://t.co/UnfICizFpN",a complete library of the hottest neverbeforepublished undergro,1
1271,RT @bitcoingold: Later today we will release more information regarding BTGPay for e-commerce. Stay tuned to be the first to know. You can…,later today we will release more information regarding btgpay for ecommerce stay tuned to be the first to know you can,1
5184,"@VittaGam Bitcoin Gold (Bitcoin Gold) are become popular and seemly new expensive, simply You still donТt own it? Y… https://t.co/echRk3dgdz",bitcoin gold bitcoin gold are become popular and seemly new expensive simply you still dont own it y,1
2465,"RT @CoinsAirdrops: #Bitcoin #Satoshi #Earn_Money #cryptocurrency #blockchain #Airdrop
New Airdrop #Mthereum 📢

#Mthereum distributes 20 $MT…",new airdrop distributes 20 mt,1
2460,"Name: Centra
Symbol: CTR
24 hour change: -6.0%
Price: 0.443912
Rank: 233
Total Supply: 98272765.0
Volume: 14447500.… https://t.co/hys5OCI3o5",name centra symbol ctr 24 hour change 60 price 0443912 rank 233 total supply 982727650 volume 14447500,0
5048,RT tvtwocom: Amazing score on Foundico! https://t.co/DXfvIt7b3T // #tvrevolution #crypto #cryptocurrencies #bitcoin… https://t.co/Np5vMLtBja,tvtwocom amazing score on foundico,1
4097,Bitcoin is still early in the network effects game,bitcoin is still early in the network effects game,0
2119,"Have you claimed your FREE (WET) yet? No FUD, no FOMO, just some good ol' worthless tokens: https://t.co/c6YQEICoQy… https://t.co/iLJrEy2ira",have you claimed your free wet yet no fud no fomo just some good ol worthless tokens,1
744,"Name: WaBi
Symbol: WABI
24 hour change: -6.82%
Price: 0.785755
Rank: 208
Total Supply: 99218023.0
Volume: 4354760.0… https://t.co/WFogqjOBMM",name wabi symbol wabi 24 hour change 682 price 0785755 rank 208 total supply 992180230 volume 43547600,0
5306,"#btcusd #btc #bitcoin #bullish

My 4H count had a failed wave. But I found another bullish scenario, which also inc… https://t.co/Nl4qKmRDbc",my 4h count had a failed wave but i found another bullish scenario which also inc,0
2150,RT @tvtwocom: Amazing score on @Foundico! https://t.co/UUOQAsDa3m // #tvrevolution #crypto #cryptocurrencies #bitcoin #ethereum #blockchain…,amazing score on,1
3277,"Name: Wings
Symbol: WINGS
24 hour change: -8.66%
Price: 0.45438
Rank: 187
Total Supply: 100000000.0
Volume: 1814080… https://t.co/44ByGH5Vs7",name wings symbol wings 24 hour change 866 price 045438 rank 187 total supply 1000000000 volume 1814080,0
4054,BTCTN: University Student Gang ”Breaking Bad” Jailed For Dealing $1M+ in Drugs for Bitcoin https://t.co/022asu5mOZ… https://t.co/frelCjSWqx,btctn university student gang breaking bad jailed for dealing 1m in drugs for bitcoin,0
1291,RT @TubiPlatform: Btc is coming back ! Time to work together and grow this #btc #bitcoin to the moon. The potential here is amazing #tubi #…,btc is coming back time to work together and grow this to the moon the potential here is amazing,1
2480,"Name: ATBCoin
Symbol: ATB
24 hour change: -5.82%
Price: 0.242791
Rank: 430
Total Supply: 53119859.0
Volume: 2221700… https://t.co/JuIe3Sh84J",name atbcoin symbol atb 24 hour change 582 price 0242791 rank 430 total supply 531198590 volume 2221700,0
772,"RT @btccloud: Official Bitcoin Cloud #Airdrop 1

https://t.co/wyumnhGR49

Limited to 10,000 Members
Total Supply # 20M
4M Coins Will be Air…",official bitcoin cloud 1 limited to 10000 members total supply 20m 4m coins will be air,0
1912,SIdeways movements. I have no large position. I just hope Bitcoin does not crash.,sideways movements i have no large position i just hope bitcoin does not crash,0
1818,"""illegal"" is factually incorrect. Only found because NSA spies on al BitCoin buyers. https://t.co/6ZBUf4YEwn",illegal is factually incorrect only found because nsa spies on al bitcoin buyers,0
2729,Bradley Manning perpetrated the biggest breach of military securit https://t.co/fHqJmujUyT #Cybersecurity #Bitcoin https://t.co/oGmfNq5iwM,bradley manning perpetrated the biggest breach of military securit,0
5256,RT @tabi_bitcoiner: @ProfFaustus I’m looking forward to your session on the 3rd day at SVC:) This is the detail of tonight’s Bitcoin Cash M…,im looking forward to your session on the 3rd day at svc this is the detail of tonights bitcoin cash m,1
5636,New post (Coinbase In Talks to Buy Bitcoin Startup https://t.co/XAdb99jOHF) has been published on Crypto Ventures - https://t.co/jL2PVEAP25,new post coinbase in talks to buy bitcoin startup has been published on crypto ventures,1
4181,#DASH Price is 0.0472347 (-0.00001340) #BTC / 406.28 (-0.04900) #USD. Market rank is 12. #dash #bitcoin #blockchain,price is 00472347 000001340 40628 004900 market rank is 12,0
1070,RT @dalook74: How’s your Thursday night on #tinder going?  Swing and miss?  Well don’t worry #lindacoin doesn’t ever let you down #bitcoin…,hows your thursday night on going swing and miss well dont worry doesnt ever let you down,0
234,@cz_binance When I suggested creating a paper trading crypto club for a local high school I was told too risky beca… https://t.co/adkNtdDy8O,when i suggested creating a paper trading crypto club for a local high school i was told too risky beca,1
4740,"Name: Matchpool
Symbol: GUP
24 hour change: -5.04%
Price: 0.202091
Rank: 355
Total Supply: 98855150.0
Volume: 31422… https://t.co/lKRPNe5dnP",name matchpool symbol gup 24 hour change 504 price 0202091 rank 355 total supply 988551500 volume 31422,0
5127,jaimeotero_: Invest with BTC at https://t.co/dxhcVjAPXF //RT lopp: Indeed; I understand Bitcoin so poorly that I wr… https://t.co/wBvwJ5nQvt,jaimeotero invest with btc at lopp indeed i understand bitcoin so poorly that i wr,0
4857,BLACK &amp; WHITE VERSION. Reddcoin (RDD) is a decentralised cryptocur https://t.co/Iq1NQWAPcc #Cybersecurity #Bitcoin https://t.co/abOOSZ0TdX,black white version reddcoin rdd is a decentralised cryptocur,0
5062,$BTCUSD ― Bitcoin price analysis: BTC/USD finds short-term bottom at $8360; Bitcoin holders angry about ...… https://t.co/FxSjnniN5T,btcusd bitcoin price analysis btcusd finds shortterm bottom at 8360 bitcoin holders angry about,0
1881,"Name: EZToken
Symbol: EZT
24 hour change: -8.92%
Price: 0.895849
Rank: 424
Total Supply: 50000000.0
Volume: 1009640… https://t.co/lxBYqpGsNr",name eztoken symbol ezt 24 hour change 892 price 0895849 rank 424 total supply 500000000 volume 1009640,0
1277,Don't be fooled by the association with Bitcoin and other cryptocurrencies - blockchain is disrupting much more tha… https://t.co/SM4THaKeyw,dont be fooled by the association with bitcoin and other cryptocurrencies blockchain is disrupting much more tha,1
2386,Pay your bills with #bitcoin and other #cryptocurrency on weltoapp with only 2% transaction fees! https://t.co/K9T84sKgsI,pay your bills with and other on weltoapp with only 2 transaction fees,0
3009,"Description: This high quality bag have 3 basic functions, namely https://t.co/JwryMEwSQZ #Cybersecurity #Bitcoin https://t.co/YS28Nm3Esl",description this high quality bag have 3 basic functions namely,1
5378,"RT @fintechfrank: SCOOP: One of the most secretive trading firms on Wall Street has started trading bitcoin
https://t.co/syLvAuIHk9",scoop one of the most secretive trading firms on wall street has started trading bitcoin,1
3827,"RT @PlaySintez: #cryptlive: 4.5 - Boring, but effective. We connected everyone, from employees to friends and relatives. In total, we inter…",45 boring but effective we connected everyone from employees to friends and relatives in total we inter,0
5666,"Very interesting!
It is evident that the team is trying, so I'm sure everything will be super!
Good luck… https://t.co/gxbppZkjwp",very interesting it is evident that the team is trying so im sure everything will be super good luck,1
5753,Security Smarts for the Self-Guided IT Professional “Get to know https://t.co/cYNUckxDB4 #Cybersecurity #Bitcoin https://t.co/jG6oMrKMbx,security smarts for the selfguided it professional get to know,1
2975,"@FreeBitcoinClub @rogerkver If anybody wants to earn world's top 3 currencies, like- Bitcoin, Ethereum &amp; Ripple.
*Y… https://t.co/NeqnNTwaKr",if anybody wants to earn worlds top 3 currencies like bitcoin ethereum ripple y,1
3038,"@J8FBTRCuG24HXvR Bitcoin BTG(OFFICIAL) (Bitcoin Gold) and gaining popular and fitting added expensive, just You sti… https://t.co/Ai8sAwnEta",bitcoin btgofficial bitcoin gold and gaining popular and fitting added expensive just you sti,1
3744,"RT @_tm3k: Most ridiculous FUD article to date

https://t.co/DOZkQEqhEB",most ridiculous fud article to date,1
1018,"New bitcoin report for block 514742, there were 0 transactions over $500,000 USD totaling $0 USD. Full report here: https://t.co/yLJxub7Cog",new bitcoin report for block 514742 there were 0 transactions over 500000 usd totaling 0 usd full report here,1
3694,"#cryptocurrencies : #security sham #Bitcoin #Ethereum 
https://t.co/JjlFEvDlsJ https://t.co/sBMxRuj9ol",sham,0
4140,Top 5 Webhosting Companies That Accept Bitcoin Today https://t.co/lnr8o4rDEr,top 5 webhosting companies that accept bitcoin today,1
3658,DevOps Engineer - AWS Migration - Multi Award-Winning FinTech - [ 📋 More Info  https://t.co/2yL3MW7fRJ ] #IoT… https://t.co/NEb4Vw4W6b,devops engineer aws migration multi awardwinning fintech more info,1
4331,"Name: Groestlcoin
Symbol: GRS
24 hour change: -16.61%
Price: 0.460657
Rank: 224
Total Supply: 69678259.0
Volume: 12… https://t.co/CK1hPY3MdX",name groestlcoin symbol grs 24 hour change 1661 price 0460657 rank 224 total supply 696782590 volume 12,0
4674,Bitcoin News: With the New Casa Bitcoin Cold Storage Wallet Hack... https://t.co/yU8CwD8gWh,bitcoin news with the new casa bitcoin cold storage wallet hack,0
1156,RT @CoinbayExchange: Coinbay Token presale is Live! Join our Whitelist and get 60% Bonus! https://t.co/muULREbL0Z We also have a Bounty pro…,coinbay token presale is live join our whitelist and get 60 bonus we also have a bounty pro,1
3945,"RT @BobLoukas: Looking at the 4hr candles, I would not be surprised to see #bitcoin retrace to the $8,200 level, before continuing its new…",looking at the 4hr candles i would not be surprised to see retrace to the 8200 level before continuing its new,1
1760,More volatility for Bitcoin https://t.co/acfQr2iWDy,more volatility for bitcoin,1
1140,Crypto Collectibles Are Worthless Without a Website bitcoin https://t.co/fp1MNZvpAs,crypto collectibles are worthless without a website bitcoin,0
2305,"Name: Mercury
Symbol: MER
24 hour change: -8.88%
Price: 0.200234
Rank: 288
Total Supply: 100000000.0
Volume: 124823… https://t.co/j3sfZ57vXY",name mercury symbol mer 24 hour change 888 price 0200234 rank 288 total supply 1000000000 volume 124823,0
5394,Learn how coinjanitor is helping investors to get their money back from failed cryptocurrencies… https://t.co/Kh5gXe7t2B,learn how coinjanitor is helping investors to get their money back from failed cryptocurrencies,0
3656,"Name: SunContract
Symbol: SNC
24 hour change: -8.45%
Price: 0.181642
Rank: 280
Total Supply: 122707503.0
Volume: 45… https://t.co/qbqY5PEh94",name suncontract symbol snc 24 hour change 845 price 0181642 rank 280 total supply 1227075030 volume 45,0
591,"#DisruptAllHub Bitcoin: PR: XDCE Token Goes Live on Exchanges like Bancor, KoinOk, Alphaex, Forkdelta &amp; Etherflyer… https://t.co/dcjgjsuNRH",bitcoin pr xdce token goes live on exchanges like bancor koinok alphaex forkdelta etherflyer,1
2565,"@realLudvigArt @WhalePanda If one entity can take away 80% of the hashpower in one week, something is really fucked… https://t.co/eRp02WXKM9",if one entity can take away 80 of the hashpower in one week something is really fucked,1
4258,"RT @AndyCoins: @CryptoYoda1338 2 year stock crash, people will turn to Bitcoin. Mainstream media will make sure of that. Moon trip starts s…",2 year stock crash people will turn to bitcoin mainstream media will make sure of that moon trip starts s,1
4655,Some SEC blogger will make a joke about how only Outkast can save them  https://t.co/PFjT3uzscA,some sec blogger will make a joke about how only outkast can save them,0
2409,#EOS Price is 0.00077814 (-0.00000636) #BTC / 6.53418 (-0.21354) #USD. Market rank is 7. #eos #bitcoin #blockchain,price is 000077814 000000636 653418 021354 market rank is 7,0
4566,Maybe they will leak what happened to all of the Atlanta child killer reward money that disappeared into thin air 🧐 https://t.co/3IxYqEMOs3,maybe they will leak what happened to all of the atlanta child killer reward money that disappeared into thin air,0
2842,"@CryptoBuzzNow @CryptoDisrupt @wizzurd Bitcoin -Gold (Bitcoin Gold) do  gaining popular ^&amp;^ apt more expensive, but… https://t.co/40RsyhF9hW",bitcoin gold bitcoin gold do gaining popular apt more expensive but,1
3211,"RT @amonwallet: Experience the most powerful AI in the cryptoworld by joining us in AMON now!

Public Sale is now open, enjoy our bonuses a…",experience the most powerful ai in the cryptoworld by joining us in amon now public sale is now open enjoy our bonuses a,1
5113,@RunningLow @WeissRatings Sick of watching the professionals trade Crypto easily while you sit back and lost money.… https://t.co/OyA2nYj8XI,sick of watching the professionals trade crypto easily while you sit back and lost money,0
5330,RT @MoneyToken: We are happy to announce that the MoneyToken Private sale will start on February 7th at 15:00 UTC - get whitelisted https:/…,we are happy to announce that the moneytoken private sale will start on february 7th at 1500 utc get whitelisted,1
1842,"THE MOST INNOVATIVE AND LUCRATIVE WAY TO EARN BITCOIN
JOIN BITCLUB NETWORK! ! !
https://t.co/VNgGaKh9NL
[Virtual currency mining Enc",the most innovative and lucrative way to earn bitcoin join bitclub network virtual currency mining enc,1
770,#imagine #quantum of #liquidity with cocktail of #TradeWars #currencywars #political #stupidity . #HYPERINFLATION a… https://t.co/2gL4UjTrcj,of with cocktail of a,0
4496,NSA’s been trying to track down bitcoin users long before crypto boom – ... https://t.co/TBFu5NFjDN via @YouTube,nsas been trying to track down bitcoin users long before crypto boom via,0
4298,RT @Mobilumcom: Twitter CEO: #Bitcoin will be the world’s ‘single currency’ in 10 years - Read more by @cgartenberg on @TheVerge https://t.…,twitter ceo will be the worlds single currency in 10 years read more by on,1
5756,"Join now as Last few minutes left::
https://t.co/lvXeLG49oC
@hungdautan @kdxxmay @Palikwihi @YourManTrolo… https://t.co/1Kms6tJH2i",join now as last few minutes left,0
5382,RT @TheNvsibleHand: #Litecoin and #Bitcoin  have the best grass root  communities in all of Crypto.  Something some new corporate backed sh…,and have the best grass root communities in all of crypto something some new corporate backed sh,1
3654,Hey... here's some TA or whatever... #bitcoin is going to go sideways for FUCKING EVER!!!!!!,hey heres some ta or whatever is going to go sideways for fucking ever,0
2078,We are in a black swan environment. Centuries old wealth will be turned upside down. Take your advan... https://t.co/8VnY9Yhltq,we are in a black swan environment centuries old wealth will be turned upside down take your advan,0
2482,Another Lifetime Isa launches bringing grand total to five https://t.co/jDnh3wMB8l #bitcoin #ethereum #bitcoinprice #cryptocurrency,another lifetime isa launches bringing grand total to five,1
2016,"Average Bitcoin market price is: USD 8,434.24, EUR 6,841.88",average bitcoin market price is usd 843424 eur 684188,0
2041,"The token sale are still live.
the price will be separated as a tier of each period of transaction
Join it in… https://t.co/kuDDLFAhGp",the token sale are still live the price will be separated as a tier of each period of transaction join it in,1
606,Why spend clearly if off behavior arrive color morning factor #Bitcoin,why spend clearly if off behavior arrive color morning factor,0
2241,The real investments are here! https://t.co/cYhpSA2WKy,the real investments are here,1
4126,"Name: Bread
Symbol: BRD
24 hour change: -10.8%
Price: 0.470753
Rank: 214
Total Supply: 88862718.0
Volume: 1415000.0… https://t.co/HGQdlZLoCB",name bread symbol brd 24 hour change 108 price 0470753 rank 214 total supply 888627180 volume 14150000,0
4551,"@CryptoCamel1 @MoonOverlord I hate to tell you this... but even 10,000 50k+ follower accounts don't make 24k bitcoin volume.",i hate to tell you this but even 10000 50k follower accounts dont make 24k bitcoin volume,0
865,#SUB Price is 0.00004490 (+0.00000046) #BTC / 0.377967 (+0.00537) #USD. Market rank is 117. #substratum #bitcoin #blockchain,price is 000004490 000000046 0377967 000537 market rank is 117,0
571,Have you invested in Bitcoin or any other cryptocurrency?,have you invested in bitcoin or any other cryptocurrency,0
26,"He beat cancer. Yes, he changed to a low carb diet, starved the fukker out. 
He read up on all he could find ok can… https://t.co/8trVA1iV2g",he beat cancer yes he changed to a low carb diet starved the fukker out he read up on all he could find ok can,1
5260,"I was wrong, the wars of the future are not like the past. Maybe as we digitally divide ourselves maybe just maybe… https://t.co/hmqqQ0c0Er",i was wrong the wars of the future are not like the past maybe as we digitally divide ourselves maybe just maybe,0
1335,"Number One Site to Earn Free Bitcoins : https://t.co/LCc9X1kD6X #bitcoin #btc March 23, 2018 at 05:15AM",number one site to earn free bitcoins march 23 2018 at 0515am,1
1594,"Current Bitcoin Rate in USD : 8,384.0688 Check other Currencies: https://t.co/KqQpwIzXrs #BitsRate #BTC #Bitcoins",current bitcoin rate in usd 83840688 check other currencies,0
4769,"New Japanese Mobile Game Offers the Chance to Earn Real Bitcoin
A new Japanese game known as Itadaki Dungeon reward… https://t.co/H7MppDzvd3",new japanese mobile game offers the chance to earn real bitcoin a new japanese game known as itadaki dungeon reward,0
3121,"According to Japanese media, Samantha Thavasa will be accepting #Bitcoin payments. The company has large customer b… https://t.co/hiklP8XjBS",according to japanese media samantha thavasa will be accepting payments the company has large customer b,1
1043,Awesome news for #Bermuda and #ICO ... Horizon is already fully compliant with these proposed regulations and we're… https://t.co/HSpnsnb5SA,awesome news for and horizon is already fully compliant with these proposed regulations and were,1
4665,"Name: AdEx
Symbol: ADX
24 hour change: -8.21%
Price: 0.750908
Rank: 154
Total Supply: 100000000.0
Volume: 6623760.0… https://t.co/liILZNWeJ9",name adex symbol adx 24 hour change 821 price 0750908 rank 154 total supply 1000000000 volume 66237600,0
2257,"Dear @Twitter @jack 
The recent increase of ads for bitcoin on your platform is disturbing. Is this a product that… https://t.co/qXAiYkybg2",dear the recent increase of ads for bitcoin on your platform is disturbing is this a product that,0
3582,RT @Self74Trader: New post (Meet the New Bitcoin Cash P2P Exchange https://t.co/tBZFXpXVym) has been published on Bitcoin Guide Online http…,new post meet the new bitcoin cash p2p exchange has been published on bitcoin guide online,1
1394,"Name: Triggers
Symbol: TRIG
24 hour change: -17.9%
Price: 0.856882
Rank: 241
Total Supply: 32105578.0
Volume: 41206… https://t.co/znfzIN0Dkz",name triggers symbol trig 24 hour change 179 price 0856882 rank 241 total supply 321055780 volume 41206,0
284,"Name: Modum
Symbol: MOD
24 hour change: -16.41%
Price: 2.1646
Rank: 196
Total Supply: 27266200.0
Volume: 1433770.0… https://t.co/8yKkE7Pmxy",name modum symbol mod 24 hour change 1641 price 21646 rank 196 total supply 272662000 volume 14337700,0
5095,"Bitcoin following channel downwards. Support at 8.350 and 7.800, war zone at 8.1-7.8. May be fake knock by bears to… https://t.co/4GLRv3NZBe",bitcoin following channel downwards support at 8350 and 7800 war zone at 8178 may be fake knock by bears to,0
144,"@coinpricenow Bitcoin Gold (Bitcoin-Gold) a becomes popularity ^&amp;^ attractive extra expensive, just Your still donТ… https://t.co/Xo4kAJRa2j",bitcoin gold bitcoingold a becomes popularity attractive extra expensive just your still don,1
781,"RT @gamefundchain: The  renaissance golden age of Chinese game is coming.

#neo #gamefund #gamefundchain #bitcoin #blockchain #game https:/…",the renaissance golden age of chinese game is coming,0
4732,Inside the bizarre upside-down bankruptcy of Mt. Gox https://t.co/FPKDKAxYfq qua @Verge,inside the bizarre upsidedown bankruptcy of mt gox qua,1
619,Will New York Abolish BitLicense? https://t.co/uqjuL8bYwx Learn trading : https://t.co/V7VDmPCK8K #crypto #bitcoin… https://t.co/CulxeudL3p,will new york abolish bitlicense learn trading,1
570,"9 more days, better get to work!

I’ve been reaching out to folks who have high followers give a RT but not much lu… https://t.co/nTWnZZhGRo",9 more days better get to work ive been reaching out to folks who have high followers give a but not much lu,1
3375,"Interested in Henoki?  Visit https://t.co/epWy6zK4ow for more information. #Bitcoin accepted!
#Henoki #anime #Japan… https://t.co/fHgUuxpv8d",interested in henoki visit for more information accepted,1
2578,Andreas Antonopoulos: 6 Things Critics Keep Getting Wrong About L https://t.co/Gv2yiyIOXd #bitcoin #ethereum #bitcoinprice #cryptocurrency,andreas antonopoulos 6 things critics keep getting wrong about l,0
2455,RT @RC_Mining: Forecast algorithm has detected that #BtcZ is a fantastic #investment📈🚀https://t.co/6Ood8V3zyw @BitcoinZTeam  @RealTimeCrypt…,forecast algorithm has detected that is a fantastic,1
2323,"Tom Lee: “The Altcoin Bear Rally is Almost at an End,” but still Stick to #Bitcoin: As long as an investment market… https://t.co/KyPxHaDfBt",tom lee the altcoin bear rally is almost at an end but still stick to as long as an investment market,0
4203,WSJ: SEC To Examine Up To 100 Crypto-Related Hedge Funds https://t.co/2la31ZEpSy #Bitcoin Regulation #SEC #ICO #Government,wsj sec to examine up to 100 cryptorelated hedge funds regulation,0
193,"Read more on #cancer https://t.co/5btZEGTnFz • March 23, 2018 at 05:46AM • #success #money #health #mesothelioma… https://t.co/rfKlHr5p4t",read more on march 23 2018 at 0546am,1
4786,"Name: CRYPTO20
Symbol: C20
24 hour change: -7.7%
Price: 1.29942
Rank: 168
Total Supply: 40656082.0
Volume: 2603890.… https://t.co/h3G19w0ywl",name crypto20 symbol c20 24 hour change 77 price 129942 rank 168 total supply 406560820 volume 2603890,0
3366,"Name: Steem Dollars
Symbol: SBD
24 hour change: -7.66%
Price: 2.09734
Rank: 264
Total Supply: 10954171.0
Volume: 27… https://t.co/zsZUEnyR8B",name steem dollars symbol sbd 24 hour change 766 price 209734 rank 264 total supply 109541710 volume 27,0
5493,"Name: Matchpool
Symbol: GUP
24 hour change: -15.39%
Price: 0.188385
Rank: 357
Total Supply: 98855150.0
Volume: 2805… https://t.co/59CCA0PCcw",name matchpool symbol gup 24 hour change 1539 price 0188385 rank 357 total supply 988551500 volume 2805,0
2123,Researchers Discover Child Pornography Hidden in Bitcoin’s Blockchain  #btc https://t.co/dQtgUu1Qrd,researchers discover child pornography hidden in bitcoins blockchain,0
2171,"@esocktheman 2-time best man, ordained wedding officiant and international battle rapper. hmu for rates, Bitcoin only.",2time best man ordained wedding officiant and international battle rapper hmu for rates bitcoin only,1
3752,Sign up and get free 100 ghs for free - Mining bitcoin https://t.co/x8Y5i8qb31,sign up and get free 100 ghs for free mining bitcoin,1
1309,RT @Tesseraconteur: @LoneWolf343 they might be better off just giving the water away and selling bitcoin instead,they might be better off just giving the water away and selling bitcoin instead,1
5627,RT @stanyee: 'This is absolutely unprecedented in Japanese law. There’s never been a bankruptcy like this in Japan or probably anywhere in…,this is absolutely unprecedented in japanese law theres never been a bankruptcy like this in japan or probably anywhere in,1
2611,How To Make Money Online- Bank An Easy $330+/Mo Passive Income From EACH Of Tiny $10 Investments… https://t.co/MdJMyDYenA,how to make money online bank an easy 330mo passive income from each of tiny 10 investments,1
5170,"Name: Arcblock
Symbol: ABT
24 hour change: -12.81%
Price: 0.68569
Rank: 142
Total Supply: 186000000.0
Volume: 42883… https://t.co/L6Ncfvgyx2",name arcblock symbol abt 24 hour change 1281 price 068569 rank 142 total supply 1860000000 volume 42883,0
3690,"Name: CRYPTO20
Symbol: C20
24 hour change: -7.48%
Price: 1.29922
Rank: 164
Total Supply: 40656082.0
Volume: 2545110… https://t.co/W0cIBdpyON",name crypto20 symbol c20 24 hour change 748 price 129922 rank 164 total supply 406560820 volume 2545110,0
4020,Bitcoin and Sour Grapes https://t.co/KNHfJxn9ys,bitcoin and sour grapes,0
4363,@BitcoinCashBCH @Bitcoin @rogerkver you're just stupid...,youre just stupid,0
4300,"RT @fixy_app: Want to hang out in our Telegram? Lets talk and learn about more about the product and our vision.

Join telegram: https://t.…",want to hang out in our telegram lets talk and learn about more about the product and our vision join telegram,1
1938,"Name: Everex
Symbol: EVX
24 hour change: -7.19%
Price: 1.27789
Rank: 286
Total Supply: 25000000.0
Volume: 2634070.0… https://t.co/dDnBzXGL9J",name everex symbol evx 24 hour change 719 price 127789 rank 286 total supply 250000000 volume 26340700,0
5750,#Rogers WiFi outage in Toronto for &gt;24 hours was #awful but #CustomerService was #awsome -Specially #Russel who did… https://t.co/uvC3JTwYvS,wifi outage in toronto for gt24 hours was but was specially who did,0
3567,roger are you really using that hashtag https://t.co/vwfZj5l2eX,roger are you really using that hashtag,1
4209,EBay ‘Seriously Considering’ Adding #Bitcoin Payments https://t.co/7SgygfezrI,ebay seriously considering adding payments,0
3188,"#Bitcoin overnight looking to test the 8600 level. Next drop down @ 8200. 

#BTC is currently a NO PLAY. Downside p… https://t.co/kABuTobdIw",overnight looking to test the 8600 level next drop down 8200 is currently a no play downside p,0
3268,RT @Chukxoo: Bought 358 bitcoin in 2012 for $8.13 each. I will randomly pick 4 people who retweet this and give one to each of you. Merry C…,bought 358 bitcoin in 2012 for 813 each i will randomly pick 4 people who retweet this and give one to each of you merry c,0
448,RT @MAVRO_COIN: The future is now! The Mavro ICO is live! Learn more at https://t.co/vMlDrljG9z #Mavro #cryptocurrency #blockchain #crypto…,the future is now the mavro ico is live learn more at,1
5401,"Name: Wings
Symbol: WINGS
24 hour change: -5.03%
Price: 0.467864
Rank: 189
Total Supply: 100000000.0
Volume: 182373… https://t.co/uEdrDo9q2C",name wings symbol wings 24 hour change 503 price 0467864 rank 189 total supply 1000000000 volume 182373,0
2104,"@jTHDHhA7Hwo01Jh Bitcoin BTG (BTG) is become popular &amp; becoming new expensive, simply You still donТt own it? You g… https://t.co/6ZlrpYc2Eg",bitcoin btg btg is become popular becoming new expensive simply you still dont own it you g,1
259,"We Tested the New TREZOR Cryptocurrency Wallet: This Is What We Found https://t.co/sC1GFmR2EQ 
#newsoftheweek… https://t.co/sEAYafvVT8",we tested the new trezor cryptocurrency wallet this is what we found,1
5790,"RT @BitcoinDesigned: Check out the infographic ""What does Decentralization mean in Bitcoin?""!
https://t.co/nxbF2fPBh3",check out the infographic what does decentralization mean in bitcoin,0
2805,Free 500 Ramen coins https://t.co/ZAAxai65ka,free 500 ramen coins,1
4620,Answer open support north pass whom probably #Bitcoin,answer open support north pass whom probably,1
391,"#blockchain #btc #crypto #cryptocurrency #bitcoin #Ethereum #ETH 37 
 The first blockchain platform to power sports… https://t.co/RHKOWsVk0Y",37 the first blockchain platform to power sports,1
5640,"RT @AirdropBlog: #RSK Airdrop - Round 2

Bonus 30, Reference 15 $RSK Token

1-Join: https://t.co/sbrzZbG5aU

2-Enter ETH address

3-Enter E…",airdrop round 2 bonus 30 reference 15 rsk token 1join 2enter eth address 3enter e,0
4648,"Name: Bodhi
Symbol: BOT
24 hour change: -9.24%
Price: 0.349365
Rank: 367
Total Supply: 100000000.0
Volume: 1207600.… https://t.co/UuQwwOYAlR",name bodhi symbol bot 24 hour change 924 price 0349365 rank 367 total supply 1000000000 volume 1207600,0
3637,RT @XtheConnoisseur: wow. city of atlanta has been hacked and they only askin for $50k in bitcoin.. rookies.,wow city of atlanta has been hacked and they only askin for 50k in bitcoin rookies,1
3638,"Name: Everex
Symbol: EVX
24 hour change: -9.09%
Price: 1.25343
Rank: 285
Total Supply: 25000000.0
Volume: 2572270.0… https://t.co/i5rJbc3KB4",name everex symbol evx 24 hour change 909 price 125343 rank 285 total supply 250000000 volume 25722700,0
4877,"XDCE token goes live on Exchanges like Bancor, KoinOK, Alphaex, Forkdelta… https://t.co/B7oCUfk1YS #bitcoin",xdce token goes live on exchanges like bancor koinok alphaex forkdelta,1
1200,RT @CoinbayExchange: https://t.co/gOMrBcdMU3 airdrop Follow us and send your Ethereum wallet address: twitter accounts with at least 300 fo…,airdrop follow us and send your ethereum wallet address twitter accounts with at least 300 fo,0
2059,"BTC, ETH See Small Growth After Yesterday’s Fall To Monthly Lows https://t.co/zfW7eo73mK #hashflare #wgcrypto… https://t.co/76PvZ9aDOZ",btc eth see small growth after yesterdays fall to monthly lows,0
1263,Vote and Help Choose https://t.co/G0IthnkExo’s New Design https://t.co/1IOQG0nkmo,vote and help choose new design,1
1678,"Join our pump group for fast bitcoin

https://t.co/FBg6m9bfkF

$AMB $ETH $GVT $ENG $NULS $ONT $BTO $SNM $FUN $BCD… https://t.co/qT7XAyOSA6",join our pump group for fast bitcoin amb eth gvt eng nuls ont bto snm fun bcd,1
3060,"RT @lendingblock: We're thrilled to be featured in @crypto_slate this week with an amazing piece about our ICO launch, platform functionali…",were thrilled to be featured in this week with an amazing piece about our ico launch platform functionali,1
2768,"Name: Wings
Symbol: WINGS
24 hour change: -8.54%
Price: 0.457075
Rank: 186
Total Supply: 100000000.0
Volume: 179929… https://t.co/YGRrXTNvj4",name wings symbol wings 24 hour change 854 price 0457075 rank 186 total supply 1000000000 volume 179929,0
5451,"Retweeted Predrag Milunović (@PRMilunovic):

With only 30$ you can create long term incom. This is not get ritch ov… https://t.co/NsNbXzhvVr",retweeted predrag milunovi with only 30 you can create long term incom this is not get ritch ov,0
1715,"RT @lopp: Indeed; I understand Bitcoin so poorly that I wrote a 3,000 word article about why that is the case. https://t.co/G7icKPcZQm http…",indeed i understand bitcoin so poorly that i wrote a 3000 word article about why that is the case,0
3413,"Name: SunContract
Symbol: SNC
24 hour change: -4.26%
Price: 0.190655
Rank: 282
Total Supply: 122707503.0
Volume: 46… https://t.co/I9IfpbgvkT",name suncontract symbol snc 24 hour change 426 price 0190655 rank 282 total supply 1227075030 volume 46,0
3909,"RT @anderko: Bitcoin will become the world’s single currency, Twitter chief says | Business | The Times 👍🤞 https://t.co/yI25K1pRu5",bitcoin will become the worlds single currency twitter chief says business the times,0
5373,"Not sure what to say here... ‘Diet Bitcoin’: Brother of Drug Kingpin Pablo Escobar Launches Bizarre ICO, Claims He… https://t.co/2U8Gk7LVYh",not sure what to say here diet bitcoin brother of drug kingpin pablo escobar launches bizarre ico claims he,1
4388,"https://t.co/mmMTEr9BJf
Join this amazing airdrop.

: #RamenCoin $RAMEN #airdrop #bounty #ICO #ethereum #blockchain… https://t.co/lI0CizM8Hn",join this amazing airdrop ramen,1
5660,"RT @RodneyW65418492: Twitter CEO Says Bitcoin Will Become World's 'Single Currency' Within A Decade

https://t.co/Ll5i1DVtLk

Shared from m…",twitter ceo says bitcoin will become worlds single currency within a decade shared from m,0
31,"coindesk: RT SpirosMargaris: Better #Bitcoin Relay? 

#Crypto #VCs Back BloXroute Funding… https://t.co/2azSAHOdR4",coindesk spirosmargaris better relay back bloxroute funding,1
5548,"Name: Bodhi
Symbol: BOT
24 hour change: -10.2%
Price: 0.344224
Rank: 368
Total Supply: 100000000.0
Volume: 1187030.… https://t.co/nBiVMdPesr",name bodhi symbol bot 24 hour change 102 price 0344224 rank 368 total supply 1000000000 volume 1187030,0
2316,"@coinlerinkrali Bitcoin -Gold (BTG) are becomes popularity ^&amp;^ seemly other expensive, simply Your still donТt hold… https://t.co/ctcmgRDGgo",bitcoin gold btg are becomes popularity seemly other expensive simply your still dont hold,0
1729,We will use your email address only to keep you informed about updates to our web site and about other products and… https://t.co/lUg9zBjzqt,we will use your email address only to keep you informed about updates to our web site and about other products and,0
59,"RT @Coinmarketnews1: BITCOIN TRADE DROPS IN INDIA
#bitcoin #ethereum #blockchain #ico #itc #xbt #xrp #xmr #monero #ripple #stellar #futures…",bitcoin trade drops in india,1
2074,"""There are three primary ways of obtaining Bitcoins: buying them on an exchange, accepting them for goods and servi… https://t.co/dtyZaFdVKm",there are three primary ways of obtaining bitcoins buying them on an exchange accepting them for goods and servi,1
806,"Name: Centra
Symbol: CTR
24 hour change: -6.64%
Price: 0.4426
Rank: 232
Total Supply: 98272765.0
Volume: 14329700.0… https://t.co/LusukKRMVI",name centra symbol ctr 24 hour change 664 price 04426 rank 232 total supply 982727650 volume 143297000,0
326,"Name: Edgeless
Symbol: EDG
24 hour change: -7.4%
Price: 0.735391
Rank: 146
Total Supply: 132046997.0
Volume: 102199… https://t.co/g78jTOgmMl",name edgeless symbol edg 24 hour change 74 price 0735391 rank 146 total supply 1320469970 volume 102199,0
3336,"@nimue11111 Bitcoin BTG(OFFICIAL) (Bitcoin-Gold) is gaining popularity &amp; right extra expensive, but You still donТt… https://t.co/K8WflCqRoM",bitcoin btgofficial bitcoingold is gaining popularity right extra expensive but you still dont,0
2021,"Name: Groestlcoin
Symbol: GRS
24 hour change: -15.56%
Price: 0.46604
Rank: 225
Total Supply: 69677719.0
Volume: 129… https://t.co/P4EfVkmnAv",name groestlcoin symbol grs 24 hour change 1556 price 046604 rank 225 total supply 696777190 volume 129,0
2311,The latest Venture Capital Daily! https://t.co/9yclvkxk28 Thanks to @rheault_m @rampersand_fund @ElaineStead #bitcoin #startups,the latest venture capital daily thanks to,1
4437,"Name: NuBits
Symbol: USNBT
24 hour change: -14.61%
Price: 0.702244
Rank: 480
Total Supply: 70359638.0
Volume: 59948… https://t.co/GMC2IhvS5X",name nubits symbol usnbt 24 hour change 1461 price 0702244 rank 480 total supply 703596380 volume 59948,0
2177,Crypto Currency BitCoin MINING World Power Leasing 30 Gh/s FREE https://t.co/JqPykTTOzh,crypto currency bitcoin mining world power leasing 30 ghs free,1
3205,"""Bitcoin Drops As Markets React To Fake Japan Binance FUD"" by /u/Suberg via Bitcoin - The Currency of the Internet https://t.co/lMbSxNnenU",bitcoin drops as markets react to fake japan binance fud by usuberg via bitcoin the currency of the internet,0
5535,"RT @mikey_bto: Work in progress! I love Verge. 😍 Remember there is NO big company behind it, this is made by the people. Pay some respect a…",work in progress i love verge remember there is no big company behind it this is made by the people pay some respect a,1
4979,Good news https://t.co/0nbprYMftu,good news,1
5530,EQUI is the equity investment platform bringing professional investors and individuals together to help fund the in… https://t.co/vmfzjhEdEV,equi is the equity investment platform bringing professional investors and individuals together to help fund the in,1
129,"Do you know Futurenet?

Futurenet is a new SNS.

And you can make money.

https://t.co/oD4TZdFkaz

#Bitcoin #HYIP",do you know futurenet futurenet is a new sns and you can make money,1
4182,"Name: Groestlcoin
Symbol: GRS
24 hour change: -17.15%
Price: 0.457534
Rank: 223
Total Supply: 69678479.0
Volume: 12… https://t.co/AnZZZKmXtc",name groestlcoin symbol grs 24 hour change 1715 price 0457534 rank 223 total supply 696784790 volume 12,0
1910,Akaiito team is coming to Moscow! Almost here :) Tomorrow: World Blockchain and Cryptocurrency Summit. See You ther… https://t.co/rWKXAldRDO,akaiito team is coming to moscow almost here tomorrow world blockchain and cryptocurrency summit see you ther,1
2193,Monthly Web Traffic for Major Bitcoin Exchanges Falls by Half | Crypto News https://t.co/tAy1qk8N0K,monthly web traffic for major bitcoin exchanges falls by half crypto news,0
3879,"RT @Alex_Danco: Your report card is posted publicly, as is everybody else's, at 3 pm. Everyone fights with each other for the chance to put…",your report card is posted publicly as is everybody elses at 3 pm everyone fights with each other for the chance to put,0
492,Only eight spring window new method throw edge second go plan if #Bitcoin,only eight spring window new method throw edge second go plan if,1
5613,"Bitcoin Will Be World's 'Single Currency' Says @jack , CEO of @Twitter and @Square. 
$BTC 
https://t.co/gHJbHI7g8c",bitcoin will be worlds single currency says ceo of and btc,0
4560,RT @LynxCollection: SATURN - We can HODL here.  a rework of one of our classic space designs.  Limited to 50 of each available size:  https…,saturn we can hodl here a rework of one of our classic space designs limited to 50 of each available size,1
3295,RT @TheRealEzraA: everybody who said “bitcoin gon make me rich on god” is going to hell,everybody who said bitcoin gon make me rich on god is going to hell,1
728,"Name: Modum
Symbol: MOD
24 hour change: -8.25%
Price: 2.31414
Rank: 192
Total Supply: 27266200.0
Volume: 1920180.0… https://t.co/daFA7evmBC",name modum symbol mod 24 hour change 825 price 231414 rank 192 total supply 272662000 volume 19201800,0
1618,"Name: Matchpool
Symbol: GUP
24 hour change: -11.72%
Price: 0.192634
Rank: 355
Total Supply: 98855150.0
Volume: 3054… https://t.co/8T8paniiZs",name matchpool symbol gup 24 hour change 1172 price 0192634 rank 355 total supply 988551500 volume 3054,0
4392,"@WhalePanda This is the end boy. Pack it up, Bitcoin is dead.",this is the end boy pack it up bitcoin is dead,0
641,Coinbase Is In Talks to Buy One of Bitcoin's Best Funded Startups https://t.co/3DAvLCcvvE via @CoinDesk,coinbase is in talks to buy one of bitcoins best funded startups via,1
3266,"https://t.co/cQh76VE2j7

Marshals Auctioning BTC again... Indication that it will never be illegal, u all don't see… https://t.co/azL5AkFQWd",marshals auctioning btc again indication that it will never be illegal u all dont see,0
1273,"@akasakasakasu_m Bitcoin Gold (Bitcoin Gold) a become popularity &amp; seemly other expensive, marely You still donТt h… https://t.co/OlUOfRokEi",bitcoin gold bitcoin gold a become popularity seemly other expensive marely you still dont h,0
712,"RT @THEBITCOINONE: Help BitCoin ONE get listed on:

1. Altcoin
https://t.co/KdBozpDMQY

You can Win:

1   x 100.000
2   x 50.000
30 x 10.00…",help bitcoin one get listed on 1 altcoin you can win 1 x 100000 2 x 50000 30 x 1000,1
410,"Name: Asch
Symbol: XAS
24 hour change: -13.78%
Price: 0.688441
Rank: 143
Total Supply: 114855331.0
Volume: 4791430.… https://t.co/u6c9zDx0gX",name asch symbol xas 24 hour change 1378 price 0688441 rank 143 total supply 1148553310 volume 4791430,0
5687,@sprenten @jucoplayerinfo Oh hi. Ok. Ill send you bitcoin.,oh hi ok ill send you bitcoin,0
344,Agent option reason ever father whether wall when win city process music father whose #Bitcoin,agent option reason ever father whether wall when win city process music father whose,0
2276,Penetration testing a network requires a delicate balance of art a https://t.co/xoarfVfxR5 #Cybersecurity #Bitcoin https://t.co/ZB3BjU5xyQ,penetration testing a network requires a delicate balance of art a,0
4760,smell like good https://t.co/JrGyfOZKBz,smell like good,1
1006,"RT @Evareium_ITO: Last few hours to take advantage of 14.2% bonus on $EVM and 40% $EVT credit! Visit https://t.co/U3kpTyDCtG to invest. 

#…",last few hours to take advantage of 142 bonus on evm and 40 evt credit visit to invest,0
3761,"Name: Matchpool
Symbol: GUP
24 hour change: -9.1%
Price: 0.19522
Rank: 351
Total Supply: 98855150.0
Volume: 3038040… https://t.co/9KkSFSWdXM",name matchpool symbol gup 24 hour change 91 price 019522 rank 351 total supply 988551500 volume 3038040,0
5726,Bitcoin is the first application to emerge from the underlying blo https://t.co/DIEmfvt6LU #Cybersecurity #Bitcoin https://t.co/8jZkbJOFc5,bitcoin is the first application to emerge from the underlying blo,1
2815,Look at your mortgage and the amount that gets paid off — robbery I tell you just plain robbery in plain daylight.… https://t.co/6E8QrYSiv8,look at your mortgage and the amount that gets paid off robbery i tell you just plain robbery in plain daylight,0
3209,Cybercrime is a significant emerging area of both teaching and res https://t.co/vqMH8vdxBo #Cybersecurity #Bitcoin https://t.co/VU97aYrBUu,cybercrime is a significant emerging area of both teaching and res,1
1311,"Name: COSS
Symbol: COSS
24 hour change: -10.23%
Price: 0.247216
Rank: 333
Total Supply: 104000000.0
Volume: 1028850… https://t.co/TJ0UhWEnDd",name coss symbol coss 24 hour change 1023 price 0247216 rank 333 total supply 1040000000 volume 1028850,0
3685,"Last year, Dimon dismissed bitcoin, as “a fraud” that was “worse than tulip bulbs” and warned that he would “fire i… https://t.co/KIOJjjDbsr",last year dimon dismissed bitcoin as a fraud that was worse than tulip bulbs and warned that he would fire i,0
4703,"RT @nnadisusatyo: So many discounts and offers, the marketing team has worked very hard to reach their goals which is very good for the suc…",so many discounts and offers the marketing team has worked very hard to reach their goals which is very good for the suc,1
2649,"@Airdrop_Centre Bitcoin Gold (BTG) and gaining best news also seemly new expensive, simply You still donТt hold it?… https://t.co/v2HD8mMW08",bitcoin gold btg and gaining best news also seemly new expensive simply you still dont hold it,1
4281,"I currently have a short - midterm position in $appc, $xrp, $ncash and $bcpt.

I have long term bags of $adb, $xrp… https://t.co/KXlm4LAEoT",i currently have a short midterm position in appc xrp ncash and bcpt i have long term bags of adb xrp,0
411,RT @Deejay_Quest: Excellent night of solos tonight. I'm loving this bitcoin/trader event. So nuts! Why are there still hatchlings? We will…,excellent night of solos tonight im loving this bitcointrader event so nuts why are there still hatchlings we will,1
1902,"RT @wintercooled: Not sure why it has taken me so long to find this really useful Bitcoin guide from @ChristopherA. An excellent resource,…",not sure why it has taken me so long to find this really useful bitcoin guide from an excellent resource,1
1766,"RT @MADinMelbourne: on 1TB blocks
@vermorel 

""More specifically, the concept of terabyte blocks makes a lot of sense in many different way…",on 1tb blocks more specifically the concept of terabyte blocks makes a lot of sense in many different way,1
714,"Name: ATBCoin
Symbol: ATB
24 hour change: -4.1%
Price: 0.246616
Rank: 425
Total Supply: 53119366.0
Volume: 2229220.… https://t.co/DI7NcVUvsB",name atbcoin symbol atb 24 hour change 41 price 0246616 rank 425 total supply 531193660 volume 2229220,0
3168,"Name: NuBits
Symbol: USNBT
24 hour change: -15.05%
Price: 0.683006
Rank: 483
Total Supply: 70359638.0
Volume: 53569… https://t.co/p6dYY6DDIS",name nubits symbol usnbt 24 hour change 1505 price 0683006 rank 483 total supply 703596380 volume 53569,0
655,Top 10 cryptocurrencies by market cap in the last hour #cryptocurrency  #bitcoin #ethereum #ripple #bitcoincash… https://t.co/3BO7HHpFff,top 10 cryptocurrencies by market cap in the last hour,1
5134,"Name: Matchpool
Symbol: GUP
24 hour change: -8.54%
Price: 0.195934
Rank: 353
Total Supply: 98855150.0
Volume: 30410… https://t.co/c9EFzQyGqv",name matchpool symbol gup 24 hour change 854 price 0195934 rank 353 total supply 988551500 volume 30410,0
5491,How To Earn Bitcoins Fast 2018 I How To Earn Bitcoin For Free Without In... https://t.co/iEfRMWfTN0 via @YouTube,how to earn bitcoins fast 2018 i how to earn bitcoin for free without in via,1
3999,"Who else is ""Doubling Down"" on Bitcoin? 
Peter Thiel
Rainer-Marc Frey
....",who else is doubling down on bitcoin peter thiel rainermarc frey,0
3679,"The Coinbay #token. Simple, #safe, #transparent and future of trading! Learn more: https://t.co/gOMrBcdMU3 #crypto… https://t.co/1YLbcSAnBx",the coinbay simple and future of trading learn more,1
3842,"@CryptoBleep Bitcoin BTG(OFFICIAL) (Bitcoin-Gold) is becomes best news and becoming extra expensive, just Your stil… https://t.co/TBJXWICpaq",bitcoin btgofficial bitcoingold is becomes best news and becoming extra expensive just your stil,1
1569,"Name: SunContract
Symbol: SNC
24 hour change: -4.86%
Price: 0.18774
Rank: 277
Total Supply: 122707503.0
Volume: 465… https://t.co/mZkXYp9Qw2",name suncontract symbol snc 24 hour change 486 price 018774 rank 277 total supply 1227075030 volume 465,0
2778,$MGTI ahead of the game.  https://t.co/ZUzqumI6n9,mgti ahead of the game,0
1963,"The ego-net approach to social network analysis, which takes discr https://t.co/yyUL0jCSOg #Cybersecurity #Bitcoin https://t.co/l5pcBL5RAm",the egonet approach to social network analysis which takes discr,1
1614,"RT @caohieuceo: https://t.co/f1s0UjrjF1|Based on blockchain genetic medicine ecological solution.
One of the hottes… https://t.co/y2OJEQFt8G",on blockchain genetic medicine ecological solution one of the hottes,1
3766,Inside the bizarre upside-down bankruptcy of Mt. Gox https://t.co/7vcRoorFwK via @Verge,inside the bizarre upsidedown bankruptcy of mt gox via,1
3189,"@Cryptogirl_Y Bitcoin BTG(OFFICIAL) (Bitcoin-Gold) are gaining popular and becoming other expensive, marely You sti… https://t.co/bkmLHVrZ1w",bitcoin btgofficial bitcoingold are gaining popular and becoming other expensive marely you sti,1
2200,"If you want to bring about a change in your life, then it will certainly work
Pl Visit on: https://t.co/gGAzlB84uu… https://t.co/0voCNGNTff",if you want to bring about a change in your life then it will certainly work pl visit on,1
2226,"!! - #Bitcoin, #Ethereum, #Bitcoin Cash, Ripple, Stellar, #Litecoin, Cardano, #NEO, EOS: Price #Analysis, March 21… https://t.co/KdNGBYGEPW",cash ripple stellar cardano eos price march 21,1
4262,"I’m not sure how I feel about crytocurrancy. Looking for input ...
I have a small bit of bitcoin and ether.… https://t.co/Z0Evne1ZOr",im not sure how i feel about crytocurrancy looking for input i have a small bit of bitcoin and ether,0
5290,"Name: Santiment Network Token
Symbol: SAN
24 hour change: -11.8%
Price: 1.2506
Rank: 128
Total Supply: 83337000.0
V… https://t.co/klxC2sdF54",name santiment network token symbol san 24 hour change 118 price 12506 rank 128 total supply 833370000 v,0
1954,@grisuy @KSchuldorff Fake news. Not even the first time this was going around. https://t.co/o4YAQqImrc,fake news not even the first time this was going around,0
1562,@Bitcoin Stop the bcash propaganda!,stop the bcash propaganda,0
1768,RT @BTCTN: #blockchain2025 podcast on the https://t.co/UtJJm8netW Podcast Network is now ranked Top 40 in iTunes Business podcast category!…,podcast on the podcast network is now ranked top 40 in itunes business podcast category,1
3363,Data Engineer #Python SQL PyData FinTech - London - Client Server - [ 📋 More Info  https://t.co/UK9fsYkodI ] #IoT… https://t.co/kj2banJLGj,data engineer sql pydata fintech london client server more info,1
2522,SAFE https://t.co/RXi89RG4YU,safe,1
1033,"Name: Centra
Symbol: CTR
24 hour change: -5.66%
Price: 0.439131
Rank: 234
Total Supply: 98272765.0
Volume: 14146700… https://t.co/FksAL0AXEQ",name centra symbol ctr 24 hour change 566 price 0439131 rank 234 total supply 982727650 volume 14146700,0
3627,On War is the most significant attempt in Western history to under https://t.co/rBLojuByyE #Cybersecurity #Bitcoin https://t.co/dkgkGqdqYv,on war is the most significant attempt in western history to under,1
4319,"Name: Bread
Symbol: BRD
24 hour change: -7.69%
Price: 0.491417
Rank: 211
Total Supply: 88862718.0
Volume: 1424950.0… https://t.co/BDFyMRX5YZ",name bread symbol brd 24 hour change 769 price 0491417 rank 211 total supply 888627180 volume 14249500,0
812,"Name: Wings
Symbol: WINGS
24 hour change: -8.55%
Price: 0.454332
Rank: 188
Total Supply: 100000000.0
Volume: 180630… https://t.co/EUN5JaU37E",name wings symbol wings 24 hour change 855 price 0454332 rank 188 total supply 1000000000 volume 180630,0
5592,"Name: NuBits
Symbol: USNBT
24 hour change: -14.85%
Price: 0.6869
Rank: 482
Total Supply: 70359638.0
Volume: 5426730… https://t.co/L1KDBZg5gU",name nubits symbol usnbt 24 hour change 1485 price 06869 rank 482 total supply 703596380 volume 5426730,0
487,"@serebryackov @flogmall Bitcoin BTG(OFFICIAL) (Bitcoin Gold) are becomes popularity ^&amp;^ apt new expensive, only You… https://t.co/gb9fuLYWeY",bitcoin btgofficial bitcoin gold are becomes popularity apt new expensive only you,1
2554,"Crypto Report – dead cat bounce or a reversal? Bitcoin, Ethereum and NE... #cryptocurrency #bitcoin #btc… https://t.co/hb34elDJiQ",crypto report dead cat bounce or a reversal bitcoin ethereum and ne,0
2970,"Name: Bodhi
Symbol: BOT
24 hour change: -7.58%
Price: 0.342316
Rank: 363
Total Supply: 100000000.0
Volume: 1214770.… https://t.co/7LbmONF4aw",name bodhi symbol bot 24 hour change 758 price 0342316 rank 363 total supply 1000000000 volume 1214770,0
694,"Name: IoT Chain
Symbol: ITC
24 hour change: -4.06%
Price: 1.08185
Rank: 158
Total Supply: 100000000.0
Volume: 81956… https://t.co/q8V0IS6RNs",name iot chain symbol itc 24 hour change 406 price 108185 rank 158 total supply 1000000000 volume 81956,0
3489,"More options for our #Korean community! #DEXKO, a new Korean exchange powered by #HYUNDAI #Pay, allows trading #BTG… https://t.co/Mrx9fZXWMk",more options for our community a new korean exchange powered by allows trading,1
4509,"Name: INS Ecosystem
Symbol: INS
24 hour change: -5.99%
Price: 1.20107
Rank: 220
Total Supply: 50000000.0
Volume: 84… https://t.co/FMmoREu78h",name ins ecosystem symbol ins 24 hour change 599 price 120107 rank 220 total supply 500000000 volume 84,0
4096,"[08:30] #Vaals #StartMiner, #free #BitCoin #Mining without beeing even #online. Try it completly for free. https://t.co/hEEbMo31jB",0830 without beeing even try it completly for free,1
672,"Name: COSS
Symbol: COSS
24 hour change: -10.57%
Price: 0.244751
Rank: 335
Total Supply: 104000000.0
Volume: 1055750… https://t.co/hnxTXwhWTn",name coss symbol coss 24 hour change 1057 price 0244751 rank 335 total supply 1040000000 volume 1055750,0
87,"RT @CaitlinLong_: @intjr @ICE_Markets @Blockstream @CFTC Hi -- not sure of 1), but 2) is already happening. Institutional money has quietly…",hi not sure of 1 but 2 is already happening institutional money has quietly,0
5298,"Name: Arcblock
Symbol: ABT
24 hour change: -12.98%
Price: 0.685114
Rank: 142
Total Supply: 186000000.0
Volume: 4387… https://t.co/ooeTmao7to",name arcblock symbol abt 24 hour change 1298 price 0685114 rank 142 total supply 1860000000 volume 4387,0
2600,"Here’s Why Bitcoin, #Ethereum, and Ripple Are Falling Today -- The Motley Fool https://t.co/LjD5fwEMxz",heres why bitcoin and ripple are falling today the motley fool,1
288,Ready for some more $RAMEN https://t.co/2nnlOzkrbH,ready for some more ramen,1
2140,"@justgetwetnet Bitcoin Gold (Bitcoin Gold) is becomes popular &amp; right more expensive, just You still donТt hold it?… https://t.co/1wByBaJ4FU",bitcoin gold bitcoin gold is becomes popular right more expensive just you still dont hold it,1
4414,"User passwords are the keys to the network kingdom, yet most users https://t.co/y9WpNMeqXp #Cybersecurity #Bitcoin https://t.co/XMXz3m6Knz",user passwords are the keys to the network kingdom yet most users,1
890,"#XYO #geolocation #Crypto #Blockchain   

Find out more,,, Web: https://t.co/4KAgny10zW https://t.co/UhZZiT7uKr",find out more web,1
647,Theory: The market dumps so hard because the narrative of bitcoin is so anti-regulatory. via /r/BitcoinMarkets https://t.co/9HunmgKPFS,theory the market dumps so hard because the narrative of bitcoin is so antiregulatory via rbitcoinmarkets,0
4058,Security requires safeguards that make it difficult or impossible for criminals to gain access to your information.… https://t.co/FbQCb6uyC9,security requires safeguards that make it difficult or impossible for criminals to gain access to your information,0
2312,"RT @Mobilumcom: #Cryptocurrencies - #Swiss Bank Account, Swiss Army Knife Or Swiss Cheese? Read more by @Forbes https://t.co/oGjp7cPU5X #bl…",bank account swiss army knife or swiss cheese read more by,1
3394,"Name: Moeda Loyalty Points
Symbol: MDA
24 hour change: -8.89%
Price: 0.849318
Rank: 328
Total Supply: 19628888.0
Vo… https://t.co/nBrUtlGsQk",name moeda loyalty points symbol mda 24 hour change 889 price 0849318 rank 328 total supply 196288880 vo,0
3140,Starting a #Cryptocurrency business? You need to read this Bitcoin compliance checklist first! |… https://t.co/nScvrUpAuC,starting a business you need to read this bitcoin compliance checklist first,1
4318,The Great Bitcoin Scaling Debate — A Timeline https://t.co/LzKVU9QUMG,the great bitcoin scaling debate a timeline,1
2834,New post (Dutch Court Finds Bitcoin A Legitimate “Transferable Value”) has been published on Crypto Ventures -… https://t.co/zxeNNhUPBV,new post dutch court finds bitcoin a legitimate transferable value has been published on crypto ventures,1
5473,He added that Twitter needs to figure out more about why the FBI was going to cause a nuclear war with North Korea.… https://t.co/rnb6AekOO6,he added that twitter needs to figure out more about why the fbi was going to cause a nuclear war with north korea,1
3222,"Current 1 week winners, if you enjoy exponential ROI come take a look at #lindacoin , got questions come to… https://t.co/1d9LPGxz20",current 1 week winners if you enjoy exponential roi come take a look at got questions come to,1
94,"Average Bitcoin market price is: USD 8,611.88, EUR 6,990.94",average bitcoin market price is usd 861188 eur 699094,0
5282,@CNBC Bitcoin is only theoretically pure. It can easily (and is) be controlled by single entities,bitcoin is only theoretically pure it can easily and is be controlled by single entities,1
1660,"Specifically for home users and small business owners, cybersecuri https://t.co/spoPxg3etl #Cybersecurity #Bitcoin https://t.co/2KMsdZm6lM",specifically for home users and small business owners cybersecuri,0
5651,RT @WHardingKY: Ripple Loses Lawsuit Against R3 in San Francisco Court By Cryptovest https://t.co/KGxpXDNYpk #bitcoin #ethereum #blockchain…,ripple loses lawsuit against r3 in san francisco court by cryptovest,0
5162,Monthly Web #Traffic for Major Bitcoin Exchanges Falls by Half: The… https://t.co/VLFoCz8EuN by @bitcoinkiosk_,monthly web for major bitcoin exchanges falls by half the by,0
338,"#blockchain #btc #crypto #cryptocurrency #bitcoin #Ethereum #ETH 5 
 The first blockchain platform to power sports… https://t.co/pdRUATX3N5",5 the first blockchain platform to power sports,1
1476,"Name: SportyCo
Symbol: SPF
24 hour change: -7.24%
Price: 0.166327
Rank: 457
Total Supply: 70673454.0
Volume: 175525… https://t.co/0rRQqrPExo",name sportyco symbol spf 24 hour change 724 price 0166327 rank 457 total supply 706734540 volume 175525,0
2868,"Name: IoT Chain
Symbol: ITC
24 hour change: -5.92%
Price: 1.06377
Rank: 158
Total Supply: 100000000.0
Volume: 82792… https://t.co/7rLaMzwvzc",name iot chain symbol itc 24 hour change 592 price 106377 rank 158 total supply 1000000000 volume 82792,0
2996,"@CryptoDale Have you heard about the Certified Bitcoin Professional (CBP), Certified Bitcoin Expert (CBX) and Certi… https://t.co/ZX7QrFkNh1",have you heard about the certified bitcoin professional cbp certified bitcoin expert cbx and certi,1
120,"@CryptoInvest18 Bitcoin Gold (Bitcoin Gold) go becomes popular and seemly other expensive, but You still donТt hold… https://t.co/QtTYn5ty1x",bitcoin gold bitcoin gold go becomes popular and seemly other expensive but you still dont hold,0
2818,"@CryptoAirdropFR Bitcoin Gold (BTG) are become popularity ^&amp;^ becoming other expensive, marely Your still donТt hol… https://t.co/lRUOcCpqIV",bitcoin gold btg are become popularity becoming other expensive marely your still dont hol,0
5583,"Name: Santiment Network Token
Symbol: SAN
24 hour change: -13.01%
Price: 1.238
Rank: 128
Total Supply: 83337000.0
V… https://t.co/ksV2mXLnzv",name santiment network token symbol san 24 hour change 1301 price 1238 rank 128 total supply 833370000 v,0
2756,"""So Long ICOs, Hello Airdrops: The Free Token Giveaway Craze Is Here"" - #bitcoin #ethereum #litecoin… https://t.co/B4KnD2qWck",so long icos hello airdrops the free token giveaway craze is here,1
4506,"Name: Metaverse ETP
Symbol: ETP
24 hour change: -12.36%
Price: 0.890533
Rank: 218
Total Supply: 57379549.0
Volume:… https://t.co/gm9vWHPAeR",name metaverse etp symbol etp 24 hour change 1236 price 0890533 rank 218 total supply 573795490 volume,0
3089,"RT @Egon_01: .@BarrySilbert and @DCGco file for #BitcoinCash Investment Trust with SEC through @GenesisTrading 

https://t.co/bkRy7f48HJ #f…",and file for investment trust with sec through,0
4571,"RT @BeVeryLucky: Just follow the road. Good luck with that.
#DigitalTransformation #Wordpress #DigitalMarketing #Contentmarketing #Branding…",just follow the road good luck with that,1
4743,"RT @Vindyne8: Have you read the latest copy of @insightssuccess magazine? @BlockFoundry (creators of @syscoin) is featured on page 20, chec…",have you read the latest copy of magazine creators of is featured on page 20 chec,1
3511,@TronNews_ Do you think trx will ever get rid off Bitcoin and become more steady?,do you think trx will ever get rid off bitcoin and become more steady,1
658,New video by World Crypto Network: Today in Bitcoin (2018-03-22) - Bitcoin $8888 - Payza - $100M Vegas Attraction https://t.co/RC28ZTXfwy,new video by world crypto network today in bitcoin 20180322 bitcoin 8888 payza 100m vegas attraction,1
1,Bitcoin slowly down - $BTCUSD chart https://t.co/QYGpx1YtXw,bitcoin slowly down btcusd chart,0
4719,Put it down and call The Soba Recovery Center now 24 HR Helpline 866 447 5298  https://t.co/NZU37mqDhD #sober… https://t.co/EDKn8WdZbC,put it down and call the soba recovery center now 24 hr helpline 866 447 5298,0
3195,"RT @VladZamfir: @NTmoney Also whether the ""scalable-first"" can make all the other stars align before Bitcoin and Ethereum scale. Note for e…",also whether the scalablefirst can make all the other stars align before bitcoin and ethereum scale note for e,0
4146,"@MarkYusko So... what say you , Buy Bitcoin now or wait a little longer?",so what say you buy bitcoin now or wait a little longer,0
1593,this is great! https://t.co/hJfUGqdx0l,this is great,1
4390,"JOLLY5XPANDER the best!!! Easy new way to earn money online!!!
#xpander #jollycoin #x1 #x2 #BTC #bitcoin… https://t.co/APjPQp9OjC",jolly5xpander the best easy new way to earn money online,1
475,"@mchooyah 2 word Printing Press , perfect solution for massive paper devaluation (Venezuela) HODL Bitcoin .",2 word printing press perfect solution for massive paper devaluation venezuela hodl bitcoin,1
5488,"$$#New ICO, #Airdrop get #Free Get Altair tokens....Free..No Investment..Click on the link and claim free...Dont mi… https://t.co/kmLO493pK4",ico get get altair tokensfreeno investmentclick on the link and claim freedont mi,1
3163,"THE MOST INNOVATIVE AND LUCRATIVE WAY TO EARN BITCOIN
JOIN BITCLUB NETWORK!
https://t.co/VNgGaKh9NL
[Virtual currency mining Encrypt",the most innovative and lucrative way to earn bitcoin join bitclub network virtual currency mining encrypt,1
3597,"#MarketAlert (Last 24h):
Top 100 price change: -9.5% (avg)
96 of the top 100 coins declining
@bitcoin: -6.5% $BTC https://t.co/X3WV01V7LJ",last 24h top 100 price change 95 avg 96 of the top 100 coins declining 65 btc,1
3400,"You love your laptop, but its WiFi network adapter is on the fritz https://t.co/9RM33L3Imh #Cybersecurity #Bitcoin https://t.co/HgEYNUb7qZ",you love your laptop but its wifi network adapter is on the fritz,1
1916,good a project https://t.co/y2mvmgVQUg #Crypto #Blockchain #PDATA #Opirium #ethereum #bitcoin #cryptocurrency #btc… https://t.co/CErzFvZmX6,good a project,1
2712,I do think Bitcoin is the first [encrypted money] that has- #ethereum #CrypoWithNiko #edinarcoin @ForexWithNiko https://t.co/lNKq013fVp,i do think bitcoin is the first encrypted money that has,1
4792,"❗ Dax live chart ❗  #dax30  #Bitcoin #wiwo  
🔴  https://t.co/Q2EFSNrbHM 🔴 https://t.co/j8UKZWe7x9",dax live chart,1
3480,Cryptopia is one my top bags. If you are buying exchange coins... why not buy a newer one that will blossom once th… https://t.co/nmfyzkQ8X9,cryptopia is one my top bags if you are buying exchange coins why not buy a newer one that will blossom once th,1
2492,$INNV Order UriVArx - a dietary supplement to support healthy bladder function https://t.co/Vor2JxpPSD #bladder… https://t.co/dpxkvAOrQH,innv order urivarx a dietary supplement to support healthy bladder function,1
3092,Monthly Web #Traffic for Major #Bitcoin Exchanges Falls by Half https://t.co/hlzBawMwwC #crypto #ncrypto #binance,monthly web for major exchanges falls by half,0
2413,"The difference between Bitcoin, Bitcoin Cash and other forks https://t.co/fsrUEWvxWR",the difference between bitcoin bitcoin cash and other forks,0
605,"This is why u need to be at our Certified Ethical Hacker training
#LBANNigeria #Nigeria #bitcoin #secure #safety… https://t.co/3zdVVIXzez",this is why u need to be at our certified ethical hacker training,1
1351,"Bitcoin is still moving in a slow pace but holding its head above support. Wait For A BTC/USD Triangle Break
https://t.co/55Z30mJhLX",bitcoin is still moving in a slow pace but holding its head above support wait for a btcusd triangle break,0
1740,"#Bitcoin vs. #Ethereum mix is starting now! Listen live here: 
https://t.co/nIaKiqNLkX🦄

Peep this new “BATHROOM”… https://t.co/hRqXhuke0B",vs mix is starting now listen live here peep this new bathroom,1
2473,"RT @muirfieldip: . @equi_capital will invest in high growth firms in the tech, biotech and cryptocurrency sectors as much as a traditional…",will invest in high growth firms in the tech biotech and cryptocurrency sectors as much as a traditional,1
5632,"RT @michaelfolkson: I got so frustrated with non-existence of technical Bitcoin meetups in London, I've set up a @Meetup group. Very diffic…",i got so frustrated with nonexistence of technical bitcoin meetups in london ive set up a group very diffic,0
458,"@magicalmoney_ Enter draw to win ten million MIM$' in reply
 https://t.co/fdSjE6r8dT  #bitcoin #crypto
@jojojacb… https://t.co/M94aCj41dq",enter draw to win ten million mim in reply,1
2577,:( :( ....[Bitcoin performance assessment (-0.18%)] #bitcoin,bitcoin performance assessment 018,0
283,@JamesGRickards I was watching an interview where the host claimed that no one under 30 would invest in precious me… https://t.co/19kZRVm33l,i was watching an interview where the host claimed that no one under 30 would invest in precious me,1
3079,Jack Dorsey Says Bitcoin = Single World Currency https://t.co/kaeLxtaJxJ https://t.co/ZVgQgxs0bi,jack dorsey says bitcoin single world currency,0
4013,Pinned to Top Pins from Heidi Naturally on @Pinterest: Find out how frugal people buy Bitcoin safely and easily. Fo… https://t.co/HXfimjMjeG,pinned to top pins from heidi naturally on find out how frugal people buy bitcoin safely and easily fo,1
1956,"RT @btcp_ambassador: “the long lasting flaw, is its public ledger. That is simply incompatible with having a enduring mechanism for trade.…",the long lasting flaw is its public ledger that is simply incompatible with having a enduring mechanism for trade,0
1165,"Whah? Amigo... Tranquilo on the drugos. I meean...

#dietbitcoin #wtf #bitcoin #HardFork
https://t.co/rryf3M3MrI
Very.....",whah amigo tranquilo on the drugos i meean very,0
76,1 Bitcoin = 8460.41 USD. Bitcoin has increased by 37.82 USD in 30 mins. Live price: https://t.co/PC3GnnmE8F #bitcoin #fintech #crypto,1 bitcoin 846041 usd bitcoin has increased by 3782 usd in 30 mins live price,1
2669,"I was been a victim of bitcoin scam yesterday

Yesterday I have received a spam call and I fell into their trap. Th… https://t.co/qSY5K5lJJE",i was been a victim of bitcoin scam yesterday yesterday i have received a spam call and i fell into their trap th,0
4707,"Name: NuBits
Symbol: USNBT
24 hour change: -6.46%
Price: 0.729063
Rank: 479
Total Supply: 70359638.0
Volume: 137290… https://t.co/nbZsjn7SvF",name nubits symbol usnbt 24 hour change 646 price 0729063 rank 479 total supply 703596380 volume 137290,0
4276,@tonywestonuk Thanks. Can’t say I agree about Bitcoin. It just another form of money.,thanks cant say i agree about bitcoin it just another form of money,1
116,"Name: Modum
Symbol: MOD
24 hour change: -9.39%
Price: 2.29527
Rank: 191
Total Supply: 27266200.0
Volume: 1881560.0… https://t.co/nTWaJ7R9gi",name modum symbol mod 24 hour change 939 price 229527 rank 191 total supply 272662000 volume 18815600,0
4848,"Name: Profile Utility Token
Symbol: PUT
24 hour change: -4.46%
Price: 0.288339
Rank: 437
Total Supply: 100000000.0… https://t.co/jFr9tpjih1",name profile utility token symbol put 24 hour change 446 price 0288339 rank 437 total supply 1000000000,0
3915,"Name: Mercury
Symbol: MER
24 hour change: -8.23%
Price: 0.19961
Rank: 291
Total Supply: 100000000.0
Volume: 1146070… https://t.co/vvuAfdh8pC",name mercury symbol mer 24 hour change 823 price 019961 rank 291 total supply 1000000000 volume 1146070,0
1737,Binance denies 'criminal warning' from Japanese regulator - https://t.co/gZgURdoQ5O sharp pullback in the price of… https://t.co/GbH7Ha61aR,binance denies criminal warning from japanese regulator sharp pullback in the price of,0
572,"RT @BradBernsxxx: If you own #Bitcoin , other #cryptocurrencies , or thinking about getting involved; I suggest you read this. 

Although,…",if you own other or thinking about getting involved i suggest you read this although,1
2270,37 Create Powerful Mobile Apps with zero coding Today  #Bitcoin  #affiliatemarketing #onlinemarketing https://t.co/U6nhiZkSqP,37 create powerful mobile apps with zero coding today,1
5780,"RT @Raja_MBZ: Remember, in crypto:

&lt;75% value down is a dip
&lt;99% value down is a crash
&gt;99% value down is a collapse

Only enter crypto if…",remember in crypto lt75 value down is a dip lt99 value down is a crash gt99 value down is a collapse only enter crypto if,0
5432,"RT @SKYLOMAIRDROP: Earn 20000 sky from skylom #Airdrop Round 1! Don't miss it!
https://t.co/FHSswneCkT

Shout out to (5 friends)
#skylom #s…",earn 20000 sky from skylom round 1 dont miss it shout out to 5 friends,0
5563,"Satoshi Nakamoto wanted anyone with a computer to be able to be a miner, not to have to buy special hardware. He wr… https://t.co/FgH5E5nXWv",satoshi nakamoto wanted anyone with a computer to be able to be a miner not to have to buy special hardware he wr,1
74,"@grockrecords2 Bitcoin -Gold (BTG) do  become popularity &amp; attractive more expensive, but Your still donТt hold it?… https://t.co/97IcQGgJTr",bitcoin gold btg do become popularity attractive more expensive but your still dont hold it,1
3391,$FLCR UNKNOWN LOOK AT THE 10 YEAR historical prices WE R TAKING OFF FOLKS✈ https://t.co/DUqW59LIPe #stocks… https://t.co/9emMzXc1Dm,flcr unknown look at the 10 year historical prices we r taking off folks,0
3844,Ripple Price Technical Analysis – XRP/USD Poised for More Gains https://t.co/iyrJD4Cyy7 #bitcoin #ethereum #bitcoinprice #cryptocurrency,ripple price technical analysis xrpusd poised for more gains,1
1205,"@cryptomanran Fear of change, fear of the unknown and fear of decentralization. Basically fear. Bitcoin millionaire… https://t.co/j53J9MJKzi",fear of change fear of the unknown and fear of decentralization basically fear bitcoin millionaire,0
3053,"You can't make a #bitcoin out of thin air, but you can make electricity from the essentially limitless amount of he… https://t.co/OXjbPAEPwG",you cant make a out of thin air but you can make electricity from the essentially limitless amount of he,0
3119,"Harness the power of Nmap, the most versatile network port scanner https://t.co/bxt2s1bd3i #Cybersecurity #Bitcoin https://t.co/qeCwajlBiy",harness the power of nmap the most versatile network port scanner,1
4280,"Name: Modum
Symbol: MOD
24 hour change: -8.09%
Price: 2.31268
Rank: 191
Total Supply: 27266200.0
Volume: 1934690.0… https://t.co/IRcaNi6uAv",name modum symbol mod 24 hour change 809 price 231268 rank 191 total supply 272662000 volume 19346900,0
2931,"Name: Santiment Network Token
Symbol: SAN
24 hour change: -10.83%
Price: 1.2765
Rank: 129
Total Supply: 83337000.0… https://t.co/7khPEk2ZMs",name santiment network token symbol san 24 hour change 1083 price 12765 rank 129 total supply 833370000,0
113,RT @Bitcoin: @decentralizeTV Bitcoin does not have a centralized power structure by design. Societies tend to converge on using one main cu…,bitcoin does not have a centralized power structure by design societies tend to converge on using one main cu,1
5611,Big Investors Coming: A New Decentralized Exchange Mak... | News https://t.co/QTlKpqf1Ki #bitcoin #ethereum #bitcoinprice #cryptocurrency,big investors coming a new decentralized exchange mak news,1
2772,"Ehtereum Falling Behind as Others Remain Resilient https://t.co/8IeZPxOl6g

#blockchain #btc #crypto… https://t.co/iSeJ8lqMDG",ehtereum falling behind as others remain resilient,0
2884,#BitcoinInterest #BCI can handle many transactions per second while reducing the bottlenecks and lag of the legacy… https://t.co/yrisgWxFWw,can handle many transactions per second while reducing the bottlenecks and lag of the legacy,1
3998,"Ep. 125-ANDY SPEIDELL, Walmart, Jerome Powell, Bitcoin Cash &amp; More! https://t.co/ktqOVieUS0 https://t.co/ebUza8Fy2R",ep 125andy speidell walmart jerome powell bitcoin cash more,1
2607,**Includes a special FREE offer inside - the science fiction short https://t.co/lIIW7z5UqP #Cybersecurity #Bitcoin https://t.co/FDMj1SeVLN,includes a special free offer inside the science fiction short,1
3129,"ToysRus Everyday you miss not accepting #bitcoin ,is money lost, can you afford another year like this? thehumanfaucet will get you started",toysrus everyday you miss not accepting is money lost can you afford another year like this thehumanfaucet will get you started,0
3176,"Name: Blocktix
Symbol: TIX
24 hour change: -10.93%
Price: 0.342713
Rank: 370
Total Supply: 62500000.0
Volume: 10946… https://t.co/I7vlr2kTjK",name blocktix symbol tix 24 hour change 1093 price 0342713 rank 370 total supply 625000000 volume 10946,0
354,Interesting contain red sure bed program mind television prove hear remain that #Bitcoin,interesting contain red sure bed program mind television prove hear remain that,0
1349,@ValoremF a great bonus to pursue. #AdVelorem #Bitcoin #Valorem #Ico,a great bonus to pursue,1
1204,RT @pjmorin20: $BTC thurs update..no real update...still thinking retrace to 8.3k is in the cards.  #TACrypto #BTC #bitcoin #fintech #crypt…,btc thurs updateno real updatestill thinking retrace to 83k is in the cards,1
3470,@GreedPositive @ThrowingBugs @Bitcoin Reported for abusing twitter to spread propaganda for BSCore. If you wanna te… https://t.co/9JHJ1WYUjj,reported for abusing twitter to spread propaganda for bscore if you wanna te,0
2415,"fifth speaker @Satoshis_Vision @vermorel 

""Super talented software engineer, drop me an email""

meet Joannes, he w… https://t.co/qOqi8OwYVo",fifth speaker super talented software engineer drop me an email meet joannes he w,1
3657,"@freebitco $1000 in Free Bitcoin hourly!
https://t.co/3niOpXYHMt
Earn $BTC, $ETH, $DASH &amp; $LTC for free every hour!… https://t.co/oyg1k98UY6",1000 in free bitcoin hourly earn btc eth dash ltc for free every hour,1
3839,"RT @LamiumBTC: #Twitter CEO says #bitcoin will become world’s ‘Single Currency’ within a decade.
Bitcoin (BTC) will be the world’s and Inte…",ceo says will become worlds single currency within a decade bitcoin btc will be the worlds and inte,0
1176,"During this bear market, I've gone as long as two weeks without taking a position. That's how I caught the $6k dip.… https://t.co/Usn4fckMY5",during this bear market ive gone as long as two weeks without taking a position thats how i caught the 6k dip,0
2134,"RT @TheNvsibleHand: Jack you got it half right, #Bitcoin for store wealth buy #Litecoin is ideal for everyday payments use case.  So I thin…",jack you got it half right for store wealth buy is ideal for everyday payments use case so i thin,1
4341,Ethereum Cold Wallet MyEtherWallets Crypto Currency Wallet Bitcoin Ethereum Litecoin ZCash Cold Storage Vault Paper… https://t.co/cCKSi1thvA,ethereum cold wallet myetherwallets crypto currency wallet bitcoin ethereum litecoin zcash cold storage vault paper,0
3065,"BitCoin Free Bot:
Share link and take 100 satoshi
https://t.co/lZYGkwrP36",bitcoin free bot share link and take 100 satoshi,1
3360,"Name: Santiment Network Token
Symbol: SAN
24 hour change: -14.46%
Price: 1.22612
Rank: 128
Total Supply: 83337000.0… https://t.co/RcoAMyViFx",name santiment network token symbol san 24 hour change 1446 price 122612 rank 128 total supply 833370000,0
19,The Social Engineer's Playbook is a practical guide to pretexting https://t.co/ZjiJNm91dZ #Cybersecurity #Bitcoin https://t.co/kfhqD7Tq5N,the social engineers playbook is a practical guide to pretexting,1
4952,@Triplefox @illusionfoxe yeah but at least in that case you can theoretically go find it. with bitcoin you send it… https://t.co/yNQqr6eHyq,yeah but at least in that case you can theoretically go find it with bitcoin you send it,0
3595,"@troglobait Bitcoin Gold (Bitcoin Gold) and gaining popular also seemly more expensive, just You still donТt hold i… https://t.co/qC6BPckDB4",bitcoin gold bitcoin gold and gaining popular also seemly more expensive just you still dont hold i,1
3292,"RT @YahooFinanceCA: Twitter CEO Jack Dorsey predicts that in about 10 years, #bitcoin will be the world's ""single currency"" https://t.co/gu…",twitter ceo jack dorsey predicts that in about 10 years will be the worlds single currency,0
1911,"Free 10000 GHS mining bitcoin, litecoin, doge, dashcoin – Cloud mining auto https://t.co/CNAgKirfdQ",free 10000 ghs mining bitcoin litecoin doge dashcoin cloud mining auto,1
4025,"Name: CRYPTO20
Symbol: C20
24 hour change: -5.3%
Price: 1.32381
Rank: 167
Total Supply: 40656082.0
Volume: 2692120.… https://t.co/gCAMMaMOmq",name crypto20 symbol c20 24 hour change 53 price 132381 rank 167 total supply 406560820 volume 2692120,0
3200,"Head on over and play the crypto game that lets you learn while playing for real $!!!
#crypto #bitcoin https://t.co/2KmAJIBk9Q",head on over and play the crypto game that lets you learn while playing for real,0
1272,"#Bitcoin news - ""The US Postal Service Is Looking at Backing Up Data With Blockchain"" More at https://t.co/lhHezjdWa5.",news the us postal service is looking at backing up data with blockchain more at,1
3217,NEW Bitmain Antminer S9 13.5 TH/s Bitcoin Miner Ships from USA  #blockchain https://t.co/qHW0Yg8Ghj,new bitmain antminer s9 135 ths bitcoin miner ships from usa,1
1083,"https://t.co/7PkFORxZWa 
""Public Sale"" If you want some key information.... learn more here..
#thrive #ico #ethereum #bitcoin",public sale if you want some key information learn more here,1
2740,"RT @stephanlivera: To understand bitcoin, you must first understand why gold failed",to understand bitcoin you must first understand why gold failed,0
4581,Bitcoin Bounces Back From Lowest In More Than 1 Month https://t.co/qJo8ZtK1vg,bitcoin bounces back from lowest in more than 1 month,1
1434,"RT @CentralCrypto: [ANN] [BOUNTY]  BINEXCOIN (BINX) - [PRE-ICO] -NO CARTOONS BUT RESULTS
https://t.co/ZtF3KFSIDM
#BINEXCOIN #binex #ICO #Bl…",ann bounty binexcoin binx preico no cartoons but results,0
814,@khunFYP @btc_manager maybe because you're hysterical when someone calls bitcoin cash a scam,maybe because youre hysterical when someone calls bitcoin cash a scam,0
1278,"Name: Bodhi
Symbol: BOT
24 hour change: -6.71%
Price: 0.353957
Rank: 365
Total Supply: 100000000.0
Volume: 1236040.… https://t.co/P7opOjeVTy",name bodhi symbol bot 24 hour change 671 price 0353957 rank 365 total supply 1000000000 volume 1236040,0
792,"Bitcoin Cash $BCH price: $970.65 

Binance is TEMPORARILY accepting new users! GO! 😊 😍  

➡️… https://t.co/GyvzeaqE4q",bitcoin cash bch price 97065 binance is temporarily accepting new users go,1
5251,"Name: Santiment Network Token
Symbol: SAN
24 hour change: -10.16%
Price: 1.2674
Rank: 127
Total Supply: 83337000.0… https://t.co/o5rl3f28Wh",name santiment network token symbol san 24 hour change 1016 price 12674 rank 127 total supply 833370000,0
3519,$FLCR .0059?! its crazy how DUMB traders have become. LOWFLOAT REAL companies don't matter 2 them✈🔥💸 #btc #LTC #ETH… https://t.co/9usViZgKnN,flcr 0059 its crazy how dumb traders have become lowfloat real companies dont matter 2 them,0
2593,"Looking good
0x5A963C51A32E7d9f05aaC4A2b27C62EaADEe4104 https://t.co/XztrmbMA7H",looking good 0x5a963c51a32e7d9f05aac4a2b27c62eaadee4104,1
3542,RT @equi_capital: Bitcoin is a mere drop in the ocean of blockchain opportunities https://t.co/ObHJvuKfMa via @CityAM,bitcoin is a mere drop in the ocean of blockchain opportunities via,0
1962,"Great stuff. I am customer since 3 years 💪
Goldmoney is the easiest way to #invest in physical #gold and #silver… https://t.co/dEOVNfBk55",great stuff i am customer since 3 years goldmoney is the easiest way to in physical and,1
4263,"Name: Eidoo
Symbol: EDO
24 hour change: -13.32%
Price: 1.60972
Rank: 175
Total Supply: 90208328.0
Volume: 6474350.0… https://t.co/qkJjTzhhuT",name eidoo symbol edo 24 hour change 1332 price 160972 rank 175 total supply 902083280 volume 64743500,0
1713,"Giveaway still on!!🎉🎊🎇🎉 Our #Airdrop is worth $1,000,000 and started on 18th March. https://t.co/muULREbL0Z RETWEET… https://t.co/9EgKqaAwhs",giveaway still on our is worth 1000000 and started on 18th march retweet,1
1543,"Is it better to buy and hold, or mine for bitcoin? https://t.co/pefYvi7C6u",is it better to buy and hold or mine for bitcoin,1
3852,"@StakeCasino is awesome, participate in their @Facebook competition for your chance of winning 0.001 BTC! #Bitcoin… https://t.co/YEJMg94aBZ",is awesome participate in their competition for your chance of winning 0001 btc,1
2683,RT @TSawyerSoftware: Thank you to our #Oracle friend Zhe Wu for giving us a nice shout out during his talk on Analyzing Blockchain &amp; Bitcoi…,thank you to our friend zhe wu for giving us a nice shout out during his talk on analyzing blockchain bitcoi,1
3993,The average price of Bitcoin 8448 USD #bitcoin #btc #price https://t.co/BzPKIkGind,the average price of bitcoin 8448 usd,0
600,Who isn't creating their own crypto tokens nowadays? #bitcoin #escobar #dietbitcoin #dxx  https://t.co/DdldNyYPmg,who isnt creating their own crypto tokens nowadays,1
914,&lt;b&gt;Bitcoin&lt;/b&gt; Green https://t.co/i9FgyFxRKz,ltbgtbitcoinltbgt green,0
3650,Milestone: Bitcoin was Just Used to Buy Two Condos in New York https://t.co/T9pPZs8ZV0 https://t.co/hicTUk7cwH,milestone bitcoin was just used to buy two condos in new york,1
5338,RT @MaxineBudd: Confused about what blockchain means for your #business? @LloydsBankBiz helps in this video with @dtapscott. Find out what…,confused about what blockchain means for your helps in this video with find out what,0
3471,"The Expansion Box Option adds more interfaces, ports and versatili https://t.co/PXEhhVggfh #Cybersecurity #Bitcoin https://t.co/FRE0eeU3Uf",the expansion box option adds more interfaces ports and versatili,1
3711,#DisruptAllHub Bitcoin: Chinese Stock Exchanges Crack Down on Companies Falsely Claiming “Blockchain”… https://t.co/nT3i1Njl54,bitcoin chinese stock exchanges crack down on companies falsely claiming blockchain,0
5502,#Bitcoin Social Sentiment is currently MIXED (-4)%. Visit https://t.co/BCZzlVBhQH to find out why. $BTC $BTCUSD,social sentiment is currently mixed 4 visit to find out why btc btcusd,1
3901,"Name: Bodhi
Symbol: BOT
24 hour change: -8.86%
Price: 0.334588
Rank: 371
Total Supply: 100000000.0
Volume: 1198880.… https://t.co/0w3dteCept",name bodhi symbol bot 24 hour change 886 price 0334588 rank 371 total supply 1000000000 volume 1198880,0
1951,"Name: DADI
Symbol: DADI
24 hour change: -5.83%
Price: 0.208771
Rank: 341
Total Supply: 100000000.0
Volume: 2779060.… https://t.co/EdgnA1fdwp",name dadi symbol dadi 24 hour change 583 price 0208771 rank 341 total supply 1000000000 volume 2779060,0
3860,"Current #crypto prices on #Bittrex:

#Bitcoin at $8,374, down -6.7%.
#Ethereum at $511, down -9.2%.
#Ripple at $0.6… https://t.co/N67Q2jjzAj",current prices on at 8374 down 67 at 511 down 92 at 06,0
1101,"A defiant father, R1.3bn in missing investor funds and a bitcoin 'hacker' - Citizen https://t.co/e10b9Hd9kn",a defiant father r13bn in missing investor funds and a bitcoin hacker citizen,0
928,RT @michael_benj: Just saw an inspiring presentation from Ross’s mom. Heartbreaking reminder that this could have been any of us. This sent…,just saw an inspiring presentation from rosss mom heartbreaking reminder that this could have been any of us this sent,1
3687,"Name: Raiden Network Token
Symbol: RDN
24 hour change: -4.94%
Price: 1.58608
Rank: 130
Total Supply: 100000000.0
Vo… https://t.co/Wo9y3EkZtq",name raiden network token symbol rdn 24 hour change 494 price 158608 rank 130 total supply 1000000000 vo,0
2439,"Bad news: Bitcoin on the decline.
Current Rate: 8413.21 USD = 1 BTC",bad news bitcoin on the decline current rate 841321 usd 1 btc,0
2679,"Name: Havven
Symbol: HAV
24 hour change: -7.31%
Price: 0.477221
Rank: 238
Total Supply: 100000000.0
Volume: 1045600… https://t.co/pytvF5KVlE",name havven symbol hav 24 hour change 731 price 0477221 rank 238 total supply 1000000000 volume 1045600,0
5232,"RT @Maxi__1981: Tax-Report for #bitcoin and other #cryptocurrencies!
This tool helps with #taxes for your tax declaration!
Import your #dat…",taxreport for and other this tool helps with for your tax declaration import your,0
5347,"More #casinocoin coverage #bitcoin
https://t.co/BPR2Tq75vq",more coverage,1
3576,"Lister Coin Classic

We are looking for promoters globally if you are interested than contect us by email..!!

Mail… https://t.co/pDKQDaTE6b",lister coin classic we are looking for promoters globally if you are interested than contect us by email mail,1
3902,BitCoin British Charity Aims to Improve Maritime Safety with New Blockchain Lab https://t.co/hsOrrAON0V,bitcoin british charity aims to improve maritime safety with new blockchain lab,1
1009,@LordRay23 Sick of watching the professionals trade Crypto easily while you sit back and lost money. How’s about yo… https://t.co/mr3cgA8lTt,sick of watching the professionals trade crypto easily while you sit back and lost money hows about yo,0
4224,"RT @lightning: Big day for bitcoin, Lightning goes live on mainnet! ⚡ 

Announcing the first Lightning beta release for the live bitcoin ne…",big day for bitcoin lightning goes live on mainnet announcing the first lightning beta release for the live bitcoin ne,1
5489,Oh no. It's still getting worse... #cryptocurrency #bitcoin https://t.co/wZtEOuodKR,oh no its still getting worse,0
2326,"Crypto Collectibles Are Worthless Without a Website
https://t.co/GjsI6eUC7f
$BTC #BTC",crypto collectibles are worthless without a website btc,0
2614,That feeling when your new currency irreversibly contains child pornography. Womp Womp. #bitcoin https://t.co/G8tRiKvIke,that feeling when your new currency irreversibly contains child pornography womp womp,1
4132,"Name: Arcblock
Symbol: ABT
24 hour change: -10.58%
Price: 0.702068
Rank: 143
Total Supply: 186000000.0
Volume: 4595… https://t.co/mmdGuZcAoE",name arcblock symbol abt 24 hour change 1058 price 0702068 rank 143 total supply 1860000000 volume 4595,0
398,@TechnicalCrypto Pretty sure we could have tested bitcoin over the last 10 or so years,pretty sure we could have tested bitcoin over the last 10 or so years,1
4934,Better look Mr field answer official national home writer might way short buy #Bitcoin,better look mr field answer official national home writer might way short buy,0
3833,"Name: Wings
Symbol: WINGS
24 hour change: -8.72%
Price: 0.453531
Rank: 188
Total Supply: 100000000.0
Volume: 180165… https://t.co/zp8N3MxsKN",name wings symbol wings 24 hour change 872 price 0453531 rank 188 total supply 1000000000 volume 180165,0
3297,"Great presentation on the transaction order in blocks by Antony Zegers

Bitcoin Cash #satoshisvision #bitcoin https://t.co/ebLptVB02W",great presentation on the transaction order in blocks by antony zegers bitcoin cash,1
1637,Wow ICE interested in a currency that is suppose to have no value to the American government 🤦🏾‍♂️. https://t.co/A0jaXbeaY5,wow ice interested in a currency that is suppose to have no value to the american government,1
472,https://t.co/tbrO8mUQhu updates DROXNE https://t.co/kBHB2QyuL0 rank 835 to 823 market_cap 461K to 420K circulating_… https://t.co/PfnQUBEAgP,updates droxne rank 835 to 823 marketcap 461k to 420k circulating,0
2018,RT @adamludwin: 2/A naive interpretation of “commerce on the internet” is to imagine traditional e-commerce merchants accepting Bitcoin as…,2a naive interpretation of commerce on the internet is to imagine traditional ecommerce merchants accepting bitcoin as,0
5754,"RT @Spiritar33: Here’s a sneak peak of the NavCoin #VUE wallet created by one of our community developers! For more information, check out…",heres a sneak peak of the navcoin wallet created by one of our community developers for more information check out,1
5258,"#FLOGmall #Blockchain #Bitcoin #BTC #Ethereum #ETH #ICO
Flogmall will be interesting for lots of people
They are
-I… https://t.co/ROgyxIRDRE",flogmall will be interesting for lots of people they are i,1
1489,"RT @DomusCoins: Transfers are regulated automatically by Smart Contracts which are electronic rules, published on the blockchain, that are…",transfers are regulated automatically by smart contracts which are electronic rules published on the blockchain that are,1
505,RT @maxkeiser: Crystal Rose interview: chock full of amazing tech breakthroughs with @sensay #ExcitingStuff https://t.co/JBSjjHXSgS,crystal rose interview chock full of amazing tech breakthroughs with,1
2524,"RT @TheEtherCash: https://t.co/cb16TZ2Qko airdrop
Follow us &amp; Retweet- Only twitter accounts with at least 1000 followers
Send your Ethereu…",airdrop follow us retweet only twitter accounts with at least 1000 followers send your ethereu,0
2369,1 Bitcoin Cash = 979.052 USD. BCH has changed by -24.218 USD in 30 mins. Live price: https://t.co/SlFyfFfYJp #bitcoin #bch #cryptocurrency,1 bitcoin cash 979052 usd bch has changed by 24218 usd in 30 mins live price,1
4114,"RT @yetcryptotrader: And the lucky winner that gets the 2000 #Stellarlumens is @axlcrypto !! 
@stellarorg
 #giveway #donate #Airdrop #bitco…",and the lucky winner that gets the 2000 is,1
5806,"RT @verge: Twitter CEO: Bitcoin will be the world’s ""single currency"" in 10 years https://t.co/N9rworSt4J https://t.co/jDP6zBdGvB",twitter ceo bitcoin will be the worlds single currency in 10 years,0
4147,#Bitcoin Social Sentiment is currently MIXED (-12)%. Visit https://t.co/BCZzlVBhQH to find out why. $BTC $BTCUSD,social sentiment is currently mixed 12 visit to find out why btc btcusd,1
330,"Name: DADI
Symbol: DADI
24 hour change: -10.92%
Price: 0.189021
Rank: 350
Total Supply: 100000000.0
Volume: 2283390… https://t.co/9r2ZPqU6SE",name dadi symbol dadi 24 hour change 1092 price 0189021 rank 350 total supply 1000000000 volume 2283390,0
3049,"RT @MalwareTechBlog: I try to put about 50% of my money into savings and 5% into bitcoin, but the past few times I did it, the 5% I put int…",i try to put about 50 of my money into savings and 5 into bitcoin but the past few times i did it the 5 i put int,0
1050,"The First-Ever Securities Token Launch Pad, Polymath, is Now Live  #focusdifferently #teamwithp #adifferentdrive… https://t.co/5ZlLqFWTQw",the firstever securities token launch pad polymath is now live,1
5077,RT @AirdropFaucet: Current price of Bitcoin is $8704.67 Lets turn $1 into $1000! #Follow #Retweet and #Like for a chance to win our #Crypto…,current price of bitcoin is 870467 lets turn 1 into 1000 and for a chance to win our,1
4794,The Worst BITCOIN Chart Ever! You Be The Judge... Booring... https://t.co/oNluiVqEsN #markets #trading #technicals (trending on TradingView),the worst bitcoin chart ever you be the judge booring trending on tradingview,0
563,very good https://t.co/Nj4bM0oyPi,very good,1
3415,"Name: Groestlcoin
Symbol: GRS
24 hour change: -14.19%
Price: 0.474242
Rank: 226
Total Supply: 69677434.0
Volume: 13… https://t.co/UnaMkuosUG",name groestlcoin symbol grs 24 hour change 1419 price 0474242 rank 226 total supply 696774340 volume 13,0
2146,"John Oliver Compares Bitcoin With Bitconnect, Ridicules Tapscott’s ‘Dumb’ McNugget Metaphor https://t.co/GYS9NoCgjl #tech",john oliver compares bitcoin with bitconnect ridicules tapscotts dumb mcnugget metaphor,0
1042,"RT @coindesk: Like it or not, fees are a part of bitcoin by design. So where does that leave the debate?

Watch the full video here:
https:…",like it or not fees are a part of bitcoin by design so where does that leave the debate watch the full video here,1
2163,"#LightningNetwork on main net aka #Bitcoin production live

#OnwardandUpward https://t.co/papolUSRRq",on main net aka production live,1
4279,"Want to make REAL MONEY with bitcoin trading?

CLICK here ▶️ https://t.co/Nf3RnZk4tz

✅KUCOIN ($btc #btc #bitcoin)… https://t.co/TfKUdi2edX",want to make real money with bitcoin trading click here kucoin btc,1
4071,Bitcoin (BTC) update: Price is trapped in the EMA box. https://t.co/bC9Su40sdg $btcusd #bitcoin trade at Bitmex:… https://t.co/s54YeE0HMf,bitcoin btc update price is trapped in the ema box btcusd trade at bitmex,0
783,New post added at Bitcoin - CryptoCurrency Guide - TSX Group Subsidiary to Launch Cryptocurrency Brokerage https://t.co/ejMN0VKHyC,new post added at bitcoin cryptocurrency guide tsx group subsidiary to launch cryptocurrency brokerage,1
4715,"Name: Groestlcoin
Symbol: GRS
24 hour change: -15.01%
Price: 0.469369
Rank: 226
Total Supply: 69677534.0
Volume: 13… https://t.co/s2ObwD9HcI",name groestlcoin symbol grs 24 hour change 1501 price 0469369 rank 226 total supply 696775340 volume 13,0
4716,@PhilakoneCrypto Bitcoin might be illegal as they found child porn links embed in the blockchain. Maybe reason why we have panic sellout,bitcoin might be illegal as they found child porn links embed in the blockchain maybe reason why we have panic sellout,0
2624,Search #BitcoinPeople to find amazing businesses from all over the world who accept #bitcoin &amp; other… https://t.co/lj6FgxckSl,search to find amazing businesses from all over the world who accept other,1
1418,"RT @dsquareddigest: Interesting; techbro culture has reached the Rolf Breuer / John Reed stage, where chief executives of chronically under…",interesting techbro culture has reached the rolf breuer john reed stage where chief executives of chronically under,1
2699,"If you need a break from the big coins, turn to #ICO talk.  Nice to look at how cool the future will be...this is o… https://t.co/X2UzSbG41w",if you need a break from the big coins turn to talk nice to look at how cool the future will bethis is o,1
251,"Name: Santiment Network Token
Symbol: SAN
24 hour change: -12.23%
Price: 1.25327
Rank: 128
Total Supply: 83337000.0… https://t.co/KKODzWkxpv",name santiment network token symbol san 24 hour change 1223 price 125327 rank 128 total supply 833370000,0
4260,"RT @wuxinbtc: @wuxinbtc Comment : Only my own ICO can ads in google~
#bitcoin #cryptocurrency #crypto #cryptocurrencies #btc #bitcoinnews #…",comment only my own ico can ads in google,1
1702,"RT @RandolphMlny: #Bitcoin #crypto #blockchain #Airdrop

Earn Passive Income in #Ether from Ether Estate's Collectibles #Game! 📢

#EtherEst…",earn passive income in from ether estates collectibles,0
3756,We are crushing @vote_coin blocks. Over 30k #votecoin paid out &amp; climbing. Join us https://t.co/0cWNeY8bI5… https://t.co/eSJ4rpfSrP,we are crushing blocks over 30k paid out climbing join us,1
4152,"RT @GymRewards: Someone is getting paid at #GYMRewards,  #ICO . A full #cryptocurrency solution with a #mobile #app for #mining while #exer…",someone is getting paid at a full solution with a for while,1
4286,"Fundamentals always try the cause to make sense, an excuse to what the market already discounted. https://t.co/nwCMdVYMB0",fundamentals always try the cause to make sense an excuse to what the market already discounted,0
1115,"Bitcoin will be succesful long term if we worship a decentralized system, not a centralized leader.",bitcoin will be succesful long term if we worship a decentralized system not a centralized leader,0
432,RT @MarkAFillmore: Very Interesting.... https://t.co/ePOMsrHc9t,very interesting,1
4526,"RT @BitcoinForumCom: ""Bitcoin will be the single global currency of the internet,"" says founder of Twitter &amp; Square https://t.co/0Rz6Jcp1F7…",bitcoin will be the single global currency of the internet says founder of twitter square,0
569,RT @IcarusGlider: Some see bearish doom and gloom. I see a buying opportunity in May/June and the big push to 50-100k before the years end.…,some see bearish doom and gloom i see a buying opportunity in mayjune and the big push to 50100k before the years end,0
5742,"RT @StartPageSearch: The NSA Worked to “Track Down” #Bitcoin Users, Snowden Documents Reveal - @samfbiddle #privacy
https://t.co/Gow6CyQYlZ…",the nsa worked to track down users snowden documents reveal,0
1983,"@dashadegrasse Bitcoin -Gold (Bitcoin Gold) are gaining popularity also right added expensive, marely You still don… https://t.co/kvAJ9L6vL6",bitcoin gold bitcoin gold are gaining popularity also right added expensive marely you still don,0
188,The average price of Bitcoin 8421.65 USD #bitcoin #btc #price https://t.co/BzPKIkGind,the average price of bitcoin 842165 usd,0
5523,The latest #Bitcoin #Ethereum #Ripple #Blockchain #News Daily! https://t.co/eQZ83bx1oF Thanks to @BlockchainDN #blockchain #crypto,the latest daily thanks to,1
1137,"@binance Use the code: HF18BDAY30 at purchase to get a 30% discount for all contracts. The offer is limited. 

10 G… https://t.co/MCPH1eC1aI",use the code hf18bday30 at purchase to get a 30 discount for all contracts the offer is limited 10 g,0
2073,"Name: Aeron
Symbol: ARN
24 hour change: -12.36%
Price: 1.2448
Rank: 333
Total Supply: 20000000.0
Volume: 1151710.0… https://t.co/vXB3l63Q8t",name aeron symbol arn 24 hour change 1236 price 12448 rank 333 total supply 200000000 volume 11517100,0
1873,"i invite more than more people to join mmmindia.https://t.co/FeE92CLUS8
 #MMMIndia #Bitcoin
 https://t.co/251zmdE4er via @YouTube",i invite more than more people to join mmmindia via,1
192,"RT @LevelNetwork: Here's a fresh vision of the authoritative people in IT.
What do experts say about the LevelNet? 

Check out the NEW post…",heres a fresh vision of the authoritative people in it what do experts say about the levelnet check out the new post,1
2398,"Name: SportyCo
Symbol: SPF
24 hour change: -6.72%
Price: 0.166313
Rank: 458
Total Supply: 70673454.0
Volume: 180604… https://t.co/zd26qOiAQ1",name sportyco symbol spf 24 hour change 672 price 0166313 rank 458 total supply 706734540 volume 180604,0
851,#Bitcoin slumps on news Japan may rebuke major crypto exchange https://t.co/WWIbrwm5Gg,slumps on news japan may rebuke major crypto exchange,1
567,"Name: Bread
Symbol: BRD
24 hour change: -6.73%
Price: 0.494838
Rank: 210
Total Supply: 88862718.0
Volume: 1483070.0… https://t.co/ObUAiQC0Bu",name bread symbol brd 24 hour change 673 price 0494838 rank 210 total supply 888627180 volume 14830700,0
2071,@SixGodPhobia With a time machine you can make billions you’d know that bitcoin goes crazy and you’d know what shit… https://t.co/4kLniA7P6h,with a time machine you can make billions youd know that bitcoin goes crazy and youd know what shit,0
1874,#Bitcoin (Is #History #Quantum #Killed) #Retreats Further After Meeting Resistance https://t.co/HbHFm28Nuf,is further after meeting resistance,0
1192,Good work https://t.co/0RzgJaP5Nq,good work,1
5054,"Is #Ethereum similar to #Bitcoin? Well, sort of, but not really. https://t.co/gUKh5JSHoZ #blockchain https://t.co/YEgCBIZ1v0",is similar to well sort of but not really,0
4490,Decred 2018 Roadmap: Will Decred Finally Grab the Attention of More Cry... #blockchain #bitcoin #fintech… https://t.co/tuCtkkuR36,decred 2018 roadmap will decred finally grab the attention of more cry,1
617,"Tom Lee: “The Altcoin Bear Rally is Almost at an End,” but still Stick to Bitcoin As long as an investment ... - https://t.co/ZB5tCWepvP",tom lee the altcoin bear rally is almost at an end but still stick to bitcoin as long as an investment,0
2598,RT @whaleclubco: How Price Action Actually Moves - Educational Crypto Knowled... #bitcoin · Trade $BTCUSD with up to 20x leverage: https://…,how price action actually moves educational crypto knowled trade btcusd with up to 20x leverage,1
2519,"RT @Remi_Vladuceanu: 3 Revolutions The Lightning Network Beta Release Will Bring To Bitcoin https://t.co/MscdGkAiXL 
#newsoftheweek #Bitcoi…",3 revolutions the lightning network beta release will bring to bitcoin,1
2092,"Name: Groestlcoin
Symbol: GRS
24 hour change: -15.33%
Price: 0.467413
Rank: 224
Total Supply: 69677719.0
Volume: 12… https://t.co/VfqfUWLAtp",name groestlcoin symbol grs 24 hour change 1533 price 0467413 rank 224 total supply 696777190 volume 12,0
2196,Coinbay Token presale is Live! Join our Whitelist and get 60% Bonus! https://t.co/muULREbL0Z We also have a Bounty… https://t.co/8bRK07hIEl,coinbay token presale is live join our whitelist and get 60 bonus we also have a bounty,1
1248,RT @BitcoinBtcNews: Nobel Economist Paul Krugman Criticized For His Negative Stance on Bitcoin https://t.co/o2rDqnHIC4 https://t.co/pvhBOk8…,nobel economist paul krugman criticized for his negative stance on bitcoin,0
4008,"Lightning Network Problems — wow!
#BitcoinCash is #Bitcoin

@el33th4xor  @ Satoshi Vision Conference in Tokyo, Japa… https://t.co/cfea5dMrQw",lightning network problems wow is satoshi vision conference in tokyo japa,1
86,"Join Pemulung Airdrop And Get  $200 in ETH :  https://t.co/1hNjwyeHEU
-Like
-Retweet
-Follow
-Comment down below wi… https://t.co/WoG4VEUQCf",join pemulung airdrop and get 200 in eth like retweet follow comment down below wi,0
2024,"first speaker @Satoshis_Vision @digitsu

""somewhere along the way 2009 
this white paper drops into the community
i… https://t.co/D5yNyS1qz4",first speaker somewhere along the way 2009 this white paper drops into the community i,1
3802,"Name: AdEx
Symbol: ADX
24 hour change: -7.95%
Price: 0.752401
Rank: 154
Total Supply: 100000000.0
Volume: 6579530.0… https://t.co/D7XqNhZjCL",name adex symbol adx 24 hour change 795 price 0752401 rank 154 total supply 1000000000 volume 65795300,0
1184,New #bitcoin block 000000000000000000366f5650d6ba3cf62682e44f541f9224004b8af7d25a5c mined at height 514757.,new block 000000000000000000366f5650d6ba3cf62682e44f541f9224004b8af7d25a5c mined at height 514757,1
3599,College students taking loans to invest in $bitcoin is the single best thing I’ve heard this week. 😂 maybe they sho… https://t.co/8OpDp93fnt,college students taking loans to invest in bitcoin is the single best thing ive heard this week maybe they sho,1
2424,$TOPS 👈👀🚀 ended dilution going to see a serious parabolic move tomorrow. FINALLY 🚀🚀🚀🚀🚀☝️☝️☝️👈👀😉👉😊☝️👀👈🚀🚀👈😉👀😊 GOING B… https://t.co/gNsiyVzH3t,tops ended dilution going to see a serious parabolic move tomorrow finally going b,0
574,"Comparing Gold's Price To Bitcoin Is Patently Ridiculous: Spreadsheet Bit-digit Would Need To Be Backed By $450,000… https://t.co/gNI4pSimKM",comparing golds price to bitcoin is patently ridiculous spreadsheet bitdigit would need to be backed by 450000,0
1326,@CaptainScio dude u are amazing. Whats ur latest thoughts on crypto and bitcoin etc... in relation to Gann theory,dude u are amazing whats ur latest thoughts on crypto and bitcoin etc in relation to gann theory,1
996,"NewShot today, hope you guy like it ;) 
#design #web #bitcoin #dribbble #landingpage https://t.co/xlwqEGf8P3",newshot today hope you guy like it,1
3136,The Wrong Way To Do Cryptocurrency - https://t.co/AI3H04j2DP #bitcoin #crypto https://t.co/cvqNxhAtEm,the wrong way to do cryptocurrency,0
2267,@goody_jollof @realDonaldTrump @MBuhari @wizkidayo Bitcoin -Gold (Bitcoin Gold) a becomes best news and fitting ext… https://t.co/oMAZw1Pqts,bitcoin gold bitcoin gold a becomes best news and fitting ext,1
1526,"Name: IoT Chain
Symbol: ITC
24 hour change: -7.52%
Price: 1.11348
Rank: 158
Total Supply: 100000000.0
Volume: 84132… https://t.co/IdQPWLdB0G",name iot chain symbol itc 24 hour change 752 price 111348 rank 158 total supply 1000000000 volume 84132,0
2215,RT @narniemata: @CBitcoinNetwork Thanks. CBN. The best bitcoin app.. Ever.,thanks cbn the best bitcoin app ever,1
1186,"RT @moneyblockchain: Name: ATBCoin
Symbol: ATB
24 hour change: -5.85%
Price: 0.242947
Rank: 438
Total Supply: 53118508.0
Volume: 2182010.0…",name atbcoin symbol atb 24 hour change 585 price 0242947 rank 438 total supply 531185080 volume 21820100,0
673,It won’t be long before we see #cryptocurrencies added to this timeline. #DigitalCurrency existed before #bitcoin a… https://t.co/Vs3DIZJGEP,it wont be long before we see added to this timeline existed before a,0
2502,@benshapiro What are you thoughts on Bitcoin/Litecoin and other crypto currencies?,what are you thoughts on bitcoinlitecoin and other crypto currencies,0
4338,"Name: Santiment Network Token
Symbol: SAN
24 hour change: -13.04%
Price: 1.24865
Rank: 128
Total Supply: 83337000.0… https://t.co/lZU1JrykND",name santiment network token symbol san 24 hour change 1304 price 124865 rank 128 total supply 833370000,0
4435,"I usually prefer to think for myself, and advise others to as well, but I recognize that some prefer the wisdom of… https://t.co/oYRCNvvkSG",i usually prefer to think for myself and advise others to as well but i recognize that some prefer the wisdom of,0
1118,"RT @AirdropKitties: Are You Ready For The New #Crypto World Order? 

1 - 100x Leverage ✅

▶️ https://t.co/9uTKTULejY ◀️

Register Now &amp; go…",are you ready for the new world order 1 100x leverage register now go,1
1780,"#VLC AirDrop

Get free 500 token VLC ~ 23$

https://t.co/7AwZLJsKCV

Who referred you? Your friends telegram userna… https://t.co/JEUBIy834K",airdrop get free 500 token vlc 23 who referred you your friends telegram userna,1
4210,"Register now &amp; go Long📈 or Short📉 on #Stellar!

1 - 100x Leverage ✅

▶️ https://t.co/XokkANT2um ◀️

Futures &amp; Swap… https://t.co/3g9UIf1kry",register now go long or short on 1 100x leverage futures swap,1
324,"""Twitter CEO: Bitcoin will be the world's 'single currency' in 10 years - The Verge"" https://t.co/k4sDtSzBuc #Twitter",twitter ceo bitcoin will be the worlds single currency in 10 years the verge,0
3054,"Name: Propy
Symbol: PRO
24 hour change: -4.5%
Price: 0.761474
Rank: 370
Total Supply: 100000000.0
Volume: 5487780.0… https://t.co/Nz5SKVK9qx",name propy symbol pro 24 hour change 45 price 0761474 rank 370 total supply 1000000000 volume 54877800,0
1241,"""I see #bitcoin as a mission to create a secure money. Bitcoin is an open source project but it's not just a chunk… https://t.co/XY3DGHrbaM",i see as a mission to create a secure money bitcoin is an open source project but its not just a chunk,1
450,"Join @OfficialAkaiito #ICO Stop investing only in #BITCOIN, this is a very good project to put your money in! Seems… https://t.co/mvMQuoX6CW",join stop investing only in this is a very good project to put your money in seems,1
4064,Final Improvement over My investment. Took a lot of loss(Being a worst day trader). Now time to HODL &amp; get some res… https://t.co/rbbdFgcvCg,final improvement over my investment took a lot of lossbeing a worst day trader now time to hodl get some res,0
2152,RT @PlayHall_io: Twitter CEO Says Bitcoin Will Become World’s ‘Single Currency’ Within A Decade https://t.co/JlUa9AV4zm,twitter ceo says bitcoin will become worlds single currency within a decade,0
5157,China’s First Central Bank Governor in 15 Years Likes Bitcoin : CryptoCurrency https://t.co/PjISYjVDgu,chinas first central bank governor in 15 years likes bitcoin cryptocurrency,1
511,Tragically Lost In Joshua Tree's Wild Interior https://t.co/SzNtNDgJTd #crypto-#cryptocurrency-#blockchain-#bitcoin… https://t.co/Z5AJncoM66,tragically lost in joshua trees wild interior,1
1103,"The world's most active blockchain community, OTCex, started airdropping. https://t.co/WDIq6MNvDY
#Ethereum… https://t.co/UCHDlNdFnf",the worlds most active blockchain community otcex started airdropping,1
5607,Earn FREE Bitcoins |Make Money 10000$ Per Day With Bitcoin I Trusted &amp; P... https://t.co/sl8mKxuEnG via @YouTube,earn free bitcoins make money 10000 per day with bitcoin i trusted p via,1
413,"Name: Everex
Symbol: EVX
24 hour change: -9.25%
Price: 1.246
Rank: 284
Total Supply: 25000000.0
Volume: 2541070.0… https://t.co/10TROHjlUh",name everex symbol evx 24 hour change 925 price 1246 rank 284 total supply 250000000 volume 25410700,0
2286,"@Sammy_K___ @GoldBitsCoin Bitcoin Gold (BTG) is gaining popular also attractive more expensive, just Your still don… https://t.co/ihnKUUtWoT",bitcoin gold btg is gaining popular also attractive more expensive just your still don,1
397,"RT @jfski143: The Presiam Blockchain Project Airdrop :) @presiamapp 
https://t.co/5kpc0hQ8Sh

#airdrop #airdropalert #giveaway #followback…",the presiam blockchain project airdrop,1
219,#Bitcoin Social Sentiment is currently MIXED (-3)%. Visit https://t.co/BCZzlVBhQH to find out why. $BTC $BTCUSD,social sentiment is currently mixed 3 visit to find out why btc btcusd,1
2436,"Name: Aeron
Symbol: ARN
24 hour change: -12.79%
Price: 1.24862
Rank: 334
Total Supply: 20000000.0
Volume: 1121550.0… https://t.co/zBQcnnGfP1",name aeron symbol arn 24 hour change 1279 price 124862 rank 334 total supply 200000000 volume 11215500,0
3975,#bitcoin #btc #bayarea Brand new AntMiner V9 4T/S Bitcoin Miner (palo alto) $650 https://t.co/LUUJhrCoGZ,brand new antminer v9 4ts bitcoin miner palo alto 650,1
4659,Ready https://t.co/qFoseF3SmJ,ready,1
5124,Black Block Research: in-depth review of REQ out NOW https://t.co/ADKl70Gdq9 #ripple $xvg $btc $eth #xlm $xrp $ltc… https://t.co/PlffGGxt1H,black block research indepth review of req out now xvg btc eth xrp ltc,0
2546,The PDATA token puts value in personal data and creates a currency that exactly expresses their value. To Participa… https://t.co/glTGoeEwn8,the pdata token puts value in personal data and creates a currency that exactly expresses their value to participa,1
1664,[NEW POST]: What Happened with ZCL (ZClassic) and Bitcoin Private (BCPT)? How to avoid the next one? +… https://t.co/CCgzGrTMbV,new post what happened with zcl zclassic and bitcoin private bcpt how to avoid the next one,1
4310,1 Bitcoin = 8716.3 USD. Bitcoin has increased by 3.63 USD in 30 mins. Live price: https://t.co/PC3GnnmE8F #bitcoin #fintech #crypto,1 bitcoin 87163 usd bitcoin has increased by 363 usd in 30 mins live price,1
2287,@aelfblockchain Blockchain is the tech. Bitcoin is merely the first mainstream manifestation of its potential.” - Marc Kenigsberg,blockchain is the tech bitcoin is merely the first mainstream manifestation of its potential marc kenigsberg,0
220,"Bitcoin $BTC price is: $8435.77 

HURRY! Binance is currently accepting new users 😊 💸  

➡️ https://t.co/ZLLwuf7B5w… https://t.co/DpmAodSwSf",bitcoin btc price is 843577 hurry binance is currently accepting new users,1
1303,"https://t.co/GxjCOsr6PR ""So in a timeframe of few years, Reddit is going to become a corporate shithole, going the… https://t.co/l8BiM4FqKl",so in a timeframe of few years reddit is going to become a corporate shithole going the,0
4374,this is my call to make: the world first exchange who enable #BCH 0_conf https://t.co/VXgdK4eih5,this is my call to make the world first exchange who enable 0conf,1
882,"@ArtPlaie Well the point is you need huge advantage to overcome ""lindy effect"". 

And Bitcoin has huge advantages o… https://t.co/lJkWDkKoWB",well the point is you need huge advantage to overcome lindy effect and bitcoin has huge advantages o,1
3522,"Name: DADI
Symbol: DADI
24 hour change: -6.58%
Price: 0.205196
Rank: 347
Total Supply: 100000000.0
Volume: 2637870.… https://t.co/gfUTTJ0m9J",name dadi symbol dadi 24 hour change 658 price 0205196 rank 347 total supply 1000000000 volume 2637870,0
3675,"🔹#Huobi Exchange is airdropping 80 TRON (TRX)!
🔹Get free TRX for signing up on Huobi Exchange
🔹Get 40 TRX for refer… https://t.co/frJC6z9Cuv",exchange is airdropping 80 tron trx get free trx for signing up on huobi exchange get 40 trx for refer,1
4751,"Name: Matchpool
Symbol: GUP
24 hour change: -11.87%
Price: 0.193168
Rank: 356
Total Supply: 98855150.0
Volume: 3038… https://t.co/SUgFVPBXUb",name matchpool symbol gup 24 hour change 1187 price 0193168 rank 356 total supply 988551500 volume 3038,0
5310,"https://t.co/CnCIL6dgov - EARN #CRYPTO JUST FOR WATCHING MY LAME ASS

ONLY 30 MORE MINUTES OF $XVG GIVEAWAYS!

$btc… https://t.co/bwIhyQ7vBH",earn just for watching my lame ass only 30 more minutes of xvg giveaways btc,1
5340,This also applies to Myron Scholes new ‘stable crypto coin’. || Centralized State Digital Tokens ‘Can’t Compete Wit… https://t.co/G8OOh1alfv,this also applies to myron scholes new stable crypto coin centralized state digital tokens cant compete wit,1
4880,coindesk: Coinbase Is In Talks to Buy One of Bitcoin's Best Funded Startups https://t.co/icrej9aLkp https://t.co/DxXRr81NwU,coindesk coinbase is in talks to buy one of bitcoins best funded startups,1
4327,"New post: ""Could Bitcoin And Gold Benefit From Weakness In The Stock Market?"" https://t.co/3NXrHfhHCr",new post could bitcoin and gold benefit from weakness in the stock market,1
2114,"Although bitcoins are typically stored online, a small subset of the market includes actual coins containing bitcoi… https://t.co/ocH5s5q0ba",although bitcoins are typically stored online a small subset of the market includes actual coins containing bitcoi,0
5159,🍬How Fun is Your Friday?🍬 PLAY NOW with #FIAT or #BTC at @MegaWinsCasino  and get a 50% bonus to start your weekend… https://t.co/H8p8bSf7HI,how fun is your friday play now with or at and get a 50 bonus to start your weekend,1
1744,"Bitcoin Cash Price Technical Analysis – BCH/USD Short-term Bearish

Key Points

Bitcoin cash price failed to move a… https://t.co/gNfCjEgIJR",bitcoin cash price technical analysis bchusd shortterm bearish key points bitcoin cash price failed to move a,0
2523,Why would you use the #MeToo hashtag? You realize the meaning and movement behind it? https://t.co/RcwCyM5WWZ https://t.co/GCkQ8revrp,why would you use the hashtag you realize the meaning and movement behind it,0
3337,"❗ Best of #Girokonto  #dax30  #Bitcoin #wiwo ❗  
🔴  https://t.co/T64csDI0G4 🔴 https://t.co/uBYC3LTMwE",best of,1
3057,"Name: DADI
Symbol: DADI
24 hour change: -14.31%
Price: 0.181937
Rank: 358
Total Supply: 100000000.0
Volume: 2198990… https://t.co/zbbpn4W5oV",name dadi symbol dadi 24 hour change 1431 price 0181937 rank 358 total supply 1000000000 volume 2198990,0
5110,"Name: Everex
Symbol: EVX
24 hour change: -9.42%
Price: 1.24501
Rank: 285
Total Supply: 25000000.0
Volume: 2561800.0… https://t.co/TGEoVkk0Wk",name everex symbol evx 24 hour change 942 price 124501 rank 285 total supply 250000000 volume 25618000,0
3734,"Name: Raiden Network Token
Symbol: RDN
24 hour change: -12.04%
Price: 1.52312
Rank: 129
Total Supply: 100000000.0
V… https://t.co/rq0WIob5M3",name raiden network token symbol rdn 24 hour change 1204 price 152312 rank 129 total supply 1000000000 v,0
4788,You think all this negative news at once is planned? I do #bitcoin #ethereum ICE Agency Charges Payza and Two Canad… https://t.co/fAJNzGoQhb,you think all this negative news at once is planned i do ice agency charges payza and two canad,0
4738,"@Nilla082 @CryptoCratist Thays relative to the price of bitcoin since its a lot higher than previous runs, thats wh… https://t.co/8BhgitFCru",thays relative to the price of bitcoin since its a lot higher than previous runs thats wh,1
3738,"RT @bitstein: @jgarzik ""Why have so many attempts to scale Bitcoin’s blockchain failed?""

Strange that it doesn't mention your off-by-one e…",why have so many attempts to scale bitcoins blockchain failed strange that it doesnt mention your offbyone e,0
5437,"Name: CRYPTO20
Symbol: C20
24 hour change: -5.8%
Price: 1.32586
Rank: 165
Total Supply: 40656082.0
Volume: 2699670.… https://t.co/IUCdhy64V5",name crypto20 symbol c20 24 hour change 58 price 132586 rank 165 total supply 406560820 volume 2699670,0
1357,RT @_JohnWhelan: Not sure about this.  But maybe if Trump manages to destroy the US economy with a combination of exploding the national de…,not sure about this but maybe if trump manages to destroy the us economy with a combination of exploding the national de,0
4486,Where is Bitcoin Cash going next? Find out now before it's too late https://t.co/xAsJwyOt3s via @Bitcoin_NewsBTC,where is bitcoin cash going next find out now before its too late via,0
4407,"RT @jetrubyagency: Become a Blockchain Developer and Get Rich
https://t.co/kVn0pP2lja
#business #tech #startup #entrepreneur #BigData #scie…",become a blockchain developer and get rich,1
2592,I added a video to a @YouTube playlist https://t.co/6SfxV3jMAt Earn Free Bitcoin 4 Mining Websites Mining Bitcoin Litecoin Doge coin,i added a video to a playlist earn free bitcoin 4 mining websites mining bitcoin litecoin doge coin,1
2914,RT @ErikVoorhees: CNBC: Jack Dorsey expects bitcoin to become the world's 'single currency' in about 10 years https://t.co/ERONOX5cH1,cnbc jack dorsey expects bitcoin to become the worlds single currency in about 10 years,0
5779,"#BinaryFest #BinaryOptions #Forex #Bitcoin #MakeMoney, Delta Tech Review: DANGEROUS TRADING SCAM! BEWARE!... https://t.co/QOrzjvgYrj",delta tech review dangerous trading scam beware,0
756,Uniting Africa Under A Single Digital Currency! #Avesta #Africa #Vision #AfricanCurrency #SouthAfrica #Ramaphosa… https://t.co/FY54zequUf,uniting africa under a single digital currency,0
2677,@CryptoNacho @Cointelegraph Bitcoin Private mainnet test successfully complete! BTCP blockchain works stably.12 glo… https://t.co/THQrkasNm5,bitcoin private mainnet test successfully complete btcp blockchain works stably12 glo,1
3388,"#TechnicalAnalysis #Bitcoin 30 min chart $BTCUSD &gt; under 8450, it'(s very bearish ....
PS: be careful ^^ https://t.co/mrDTHv7jgm",30 min chart btcusd gt under 8450 its very bearish ps be careful,1
3787,Five Years Later Omidyar’s Snowden Trickle Catching Up To Trilema Report On NSA In Bitcoin https://t.co/KiDm27cFA7,five years later omidyars snowden trickle catching up to trilema report on nsa in bitcoin,1
4339,"I lost everything by hacking. But I believe in a small possibility.

#BTC #Bitcoin #Cryptocurrency #XRP #DGD #ADA#B… https://t.co/zC8uaauuga",i lost everything by hacking but i believe in a small possibility,0
2383,"#earthtomoon Thanks for airdrop abec the project for the earth, it's a good idea for the planet https://t.co/WaBhZnow2t",thanks for airdrop abec the project for the earth its a good idea for the planet,1
4747,"@AnselLindner So bitcoin likely has large exchange rate increases ahead, but gold anticipates a phase transition vi… https://t.co/fEs3X2Se9q",so bitcoin likely has large exchange rate increases ahead but gold anticipates a phase transition vi,1
3682,"RT @techinsider_sv: Why is this 'uh, interesting'? Oh because it doesn't conform with your boring mainstream views? Look back through histo…",why is this uh interesting oh because it doesnt conform with your boring mainstream views look back through histo,0
2850,"Job Offers • Social media accounts with 10,000+ ? - https://t.co/sHByHF4Vz0 - Generate Bitcoin. Take your free Bitcoin",job offers social media accounts with 10000 generate bitcoin take your free bitcoin,1
4942,@MaddowBlog @MSNBC right no the city of atlanta computer system has been Hacked and their asking for 51000 in bitcoin,right no the city of atlanta computer system has been hacked and their asking for 51000 in bitcoin,1
3046,"@airdrop_get Bitcoin -Gold (Bitcoin Gold) do  becomes popular ^&amp;^ becoming added expensive, marely Your still donТt… https://t.co/z9hND9lsd6",bitcoin gold bitcoin gold do becomes popular becoming added expensive marely your still dont,1
4222,Think Crypto Mining Can’t be Environmentally Friendly? The Cryptomato Might Make You Think Again -… https://t.co/olZDEHp9ws,think crypto mining cant be environmentally friendly the cryptomato might make you think again,1
3439,"Name: Bodhi
Symbol: BOT
24 hour change: -9.42%
Price: 0.333865
Rank: 370
Total Supply: 100000000.0
Volume: 1186070.… https://t.co/dvOgFCTltI",name bodhi symbol bot 24 hour change 942 price 0333865 rank 370 total supply 1000000000 volume 1186070,0
5782,The Atlantis Blue Project Turns to Stellar to Help Restore the Damaged Larimar Trade - Bitcoinist via BTCnews… https://t.co/f1ZRP0i4mP,the atlantis blue project turns to stellar to help restore the damaged larimar trade bitcoinist via btcnews,1
3345,"FT goes on the offensive against tethered stablecoins. For Saga read Globcoin, MakerDAO and the 20+ other tethered… https://t.co/yYmsI3CpWa",ft goes on the offensive against tethered stablecoins for saga read globcoin makerdao and the 20 other tethered,0
5529,"Name: IoT Chain
Symbol: ITC
24 hour change: -6.32%
Price: 1.08991
Rank: 159
Total Supply: 100000000.0
Volume: 82964… https://t.co/RcvDexAtQ0",name iot chain symbol itc 24 hour change 632 price 108991 rank 159 total supply 1000000000 volume 82964,0
946,"Name: Bread
Symbol: BRD
24 hour change: -6.51%
Price: 0.496468
Rank: 209
Total Supply: 88862718.0
Volume: 1479850.0… https://t.co/S1yPud8uV5",name bread symbol brd 24 hour change 651 price 0496468 rank 209 total supply 888627180 volume 14798500,0
43,"RT @Marvel_euphoria: #Twitter join google and facebook on banning ICOs, #Crypto wallet and  #token sales. Here are the major reasons why #t…",join google and facebook on banning icos wallet and sales here are the major reasons why,1
519,"Bitcoin Cash $BCH price: $1017.35 

We verified that Binance is accepting new users! 💸 🤑  

➡️… https://t.co/UtXlVEcMt1",bitcoin cash bch price 101735 we verified that binance is accepting new users,1
2714,"The latest bitcoin, 3tnetworks, cryptocurrency Daily! https://t.co/e65C1xplvu Thanks to @blockchain_evo @CryptoCoinTip @wahab_firdausd2",the latest bitcoin 3tnetworks cryptocurrency daily thanks to,1
5362,Coinbase Is In Talks to Buy One of Bitcoin’s Best Funded Startups – News by https://t.co/I1J9Mvgc2f https://t.co/CLabSuopSi,coinbase is in talks to buy one of bitcoins best funded startups news by,1
276,"RT @olympuslabsbc: #Twitter CEO @jack is very optimistic about the future of #BTC
#Cryptocurrencies are here to stay🚀

Our goal at #Olympus…",ceo is very optimistic about the future of are here to stay our goal at,1
196,RT @DocumentTailor: Want to earn #royalties on #smartcontracts that you have authored on the #DocTailor! Find out more at https://t.co/QmXF…,want to earn on that you have authored on the find out more at,1
1174,RT @gauchoeddy: For those curious about Bitcoin  https://t.co/rUjTt0zyMP,for those curious about bitcoin,0
5448,"Name: Moeda Loyalty Points
Symbol: MDA
24 hour change: -9.53%
Price: 0.840717
Rank: 329
Total Supply: 19628888.0
Vo… https://t.co/16ZZfxR9Bq",name moeda loyalty points symbol mda 24 hour change 953 price 0840717 rank 329 total supply 196288880 vo,0
5745,"New podcast episode of Unconfirmed by laurashin Arianna Simpson of Autonomous Partners on Privacy, Cryptokitties an… https://t.co/GA4YStEh49",new podcast episode of unconfirmed by laurashin arianna simpson of autonomous partners on privacy cryptokitties an,1
1317,"The year is 2020:

The Bitcoin community has forked again due to irreconcilable differences about Satoshi's gender.",the year is 2020 the bitcoin community has forked again due to irreconcilable differences about satoshis gender,0
788,"Name: Everex
Symbol: EVX
24 hour change: -12.08%
Price: 1.22434
Rank: 284
Total Supply: 25000000.0
Volume: 2555270.… https://t.co/Xj6URJE8nl",name everex symbol evx 24 hour change 1208 price 122434 rank 284 total supply 250000000 volume 2555270,0
5685,#Bitcoin market capitalization 142.86B$. Decreased to 93.24% against #Pepsi Cola https://t.co/ouApsKk8hh,market capitalization 14286b decreased to 9324 against cola,0
3545,"#Government launches new task force to guard against the dangers of #bitcoin #uk
https://t.co/6myKB1BG9L",launches new task force to guard against the dangers of,1
3861,East Atlanta hacking game 💯🔥🔥 https://t.co/XK2zvMoxgo,east atlanta hacking game,0
3496,"First TP perfectly wicked. Closed 50%, always taking safe profits. Leaving the other 50% for higher TPs. SL set to… https://t.co/FRzMbZ9lTe",first tp perfectly wicked closed 50 always taking safe profits leaving the other 50 for higher tps sl set to,1
5011,"Name: NuBits
Symbol: USNBT
24 hour change: -7.59%
Price: 0.767568
Rank: 473
Total Supply: 70359639.0
Volume: 184172… https://t.co/pThVLLwSGH",name nubits symbol usnbt 24 hour change 759 price 0767568 rank 473 total supply 703596390 volume 184172,0
3064,"Name: Raiden Network Token
Symbol: RDN
24 hour change: -5.43%
Price: 1.58621
Rank: 131
Total Supply: 100000000.0
Vo… https://t.co/yTqttJOf6t",name raiden network token symbol rdn 24 hour change 543 price 158621 rank 131 total supply 1000000000 vo,0
3807,"Name: Modum
Symbol: MOD
24 hour change: -13.65%
Price: 2.18231
Rank: 196
Total Supply: 27266200.0
Volume: 1735660.0… https://t.co/npSyORbSU1",name modum symbol mod 24 hour change 1365 price 218231 rank 196 total supply 272662000 volume 17356600,0
2897,"Name: IoT Chain
Symbol: ITC
24 hour change: -6.38%
Price: 1.1354
Rank: 158
Total Supply: 100000000.0
Volume: 833067… https://t.co/W4TMFsGsNi",name iot chain symbol itc 24 hour change 638 price 11354 rank 158 total supply 1000000000 volume 833067,0
423,"Name: Triggers
Symbol: TRIG
24 hour change: -18.81%
Price: 0.836377
Rank: 243
Total Supply: 32105578.0
Volume: 4054… https://t.co/9pJsXkZ7Hv",name triggers symbol trig 24 hour change 1881 price 0836377 rank 243 total supply 321055780 volume 4054,0
4484,"Name: AdEx
Symbol: ADX
24 hour change: -5.25%
Price: 0.775947
Rank: 155
Total Supply: 100000000.0
Volume: 6904180.0… https://t.co/HT5H5Vr3zA",name adex symbol adx 24 hour change 525 price 0775947 rank 155 total supply 1000000000 volume 69041800,0
3175,📢On the 20-th of March Bethereum launched their first sports #voting directly in the Telegram group. Enjoy the fun… https://t.co/6UFKpCtTBy,on the 20th of march bethereum launched their first sports directly in the telegram group enjoy the fun,1
2086,"@coinpricenow Bitcoin -Gold (Bitcoin-Gold) and becomes best news and attractive extra expensive, only You still don… https://t.co/QesCINWdrq",bitcoin gold bitcoingold and becomes best news and attractive extra expensive only you still don,1
5653,RT @binaryFate01: Still don't pay attention to the poor fungibility of #Bitcoin? Only thing that matters is whether coins/outputs can be *t…,still dont pay attention to the poor fungibility of only thing that matters is whether coinsoutputs can be t,0
599,Amazing Cover! #Bitcoin @ASilentFilm #Celia @johnnybrendas https://t.co/6bpEwH8CgP,amazing cover,1
3491,New post (Breaking Bitcoin) has been published on Crypto Ventures - https://t.co/pA1yrPFIFq https://t.co/Fbk4h3zXOn,new post breaking bitcoin has been published on crypto ventures,1
2457,"@bl_lily Bitcoin BTG(OFFICIAL) (BTG) are becomes popular and right extra expensive, marely You still donТt own it?… https://t.co/fmg24Muchj",bitcoin btgofficial btg are becomes popular and right extra expensive marely you still dont own it,1
78,"Name: Bread
Symbol: BRD
24 hour change: -11.48%
Price: 0.463052
Rank: 213
Total Supply: 88862718.0
Volume: 1366470.… https://t.co/JjERACXKgn",name bread symbol brd 24 hour change 1148 price 0463052 rank 213 total supply 888627180 volume 1366470,0
1062,Taiwan Could Become the Next Major Hub for Cryptocurrency https://t.co/dMRMo8rN0N by #hacked. #Crypto #Blockchain… https://t.co/nyIzTXt1CU,taiwan could become the next major hub for cryptocurrency by,1
2824,"RT @zapitofficial: Tomorrow our #Presale #ICO goes live on https://t.co/NuWagu2FFN. Get 100% Bonus! 
#Cryptocurrency #ICO #Bitcoin #Onlines…",tomorrow our goes live on get 100 bonus,1
3948,"@movementsjpg I wish I could but I have my money tied up in bitcoin and my future, sis. I’m sorry. I hope you fine another way 🤙🏽",i wish i could but i have my money tied up in bitcoin and my future sis im sorry i hope you fine another way,0
197,#SUB Price is 0.00004594 (-0.00000023) #BTC / 0.385555 (-0.00044) #USD. Market rank is 117. #substratum #bitcoin #blockchain,price is 000004594 000000023 0385555 000044 market rank is 117,0
2622,"RT @BrowsersLab: Worried your boss might want to know what you did all day?

Good thing you used @BrowsersLab to automate. 

Help keep the…",worried your boss might want to know what you did all day good thing you used to automate help keep the,1
5178,The definitive guide to incident response--updated for the first t https://t.co/j3Z3C5sp90 #Cybersecurity #Bitcoin https://t.co/XS9ZWsnctP,the definitive guide to incident responseupdated for the first t,1
5724,"RT @Lapu51170159: RT @RamenCoin2018: 🔥🍜 Ready for some more $RAMEN 🍜🔥

Here's your chance to get 1700 #RamenCoin fr… https://t.co/7tzvBg9WYZ",ready for some more ramen heres your chance to get 1700 fr,1
1158,"@thebitfort Bitcoin BTG(OFFICIAL) (Bitcoin Gold) go becomes best news &amp; fitting new expensive, simply Your still do… https://t.co/H36JIgsqL2",bitcoin btgofficial bitcoin gold go becomes best news fitting new expensive simply your still do,1
2636,Jack Dorsey Seems Pretty Sure #Bitcoin Will Be the World's Single Currency in 10 Years https://t.co/yRC5xWgu9a via @gizmodo,jack dorsey seems pretty sure will be the worlds single currency in 10 years via,1
3482,"RT @CryptoShillNye: Hey $crypto noobs, just because a coin is cheap doesn’t mean it’s the next #bitcoin. 

Sincerely, 
Go Fuck Yourselves",hey crypto noobs just because a coin is cheap doesnt mean its the next sincerely go fuck yourselves,0
1819,"Name: Triggers
Symbol: TRIG
24 hour change: -17.85%
Price: 0.858809
Rank: 240
Total Supply: 32105578.0
Volume: 4144… https://t.co/49EPTe62ul",name triggers symbol trig 24 hour change 1785 price 0858809 rank 240 total supply 321055780 volume 4144,0
1153,The latest The Stick '^N^' Spread Daily! https://t.co/BQHfZGtW1H Thanks to @danoconklin @N3ssG @KeithWAmyRoy #bitcoin #cybersecurity,the latest the stick n spread daily thanks to,1
1800,"#BinaryFest #BinaryOptions #Forex #Bitcoin #MakeMoney, Let Me Teach You How to Win at Slot Machines Every Time You… https://t.co/gDZyGxZVyK",let me teach you how to win at slot machines every time you,1
2547,"RT @RichardHeartWin: The #Bitcoin 50/200 daily moving average ""death cross"" missed by $182.1 dollars. 6 minutes ago. https://t.co/6YH45JEX1h",the 50200 daily moving average death cross missed by 1821 dollars 6 minutes ago,0
5119,@witsureisquick No bitcoin in existence can amount to the worth my followers are.,no bitcoin in existence can amount to the worth my followers are,1
1220,@NotJustin11 Honestly have no clue how to get bitcoin 😂,honestly have no clue how to get bitcoin,1
1756,"RT @TarisAragon: RT @XVGDolphin: @WinwithRick We are a crypto community and we stick together, one small step taken… https://t.co/gozTaaPxOG",we are a crypto community and we stick together one small step taken,0
4455,"Name: Triggers
Symbol: TRIG
24 hour change: -10.16%
Price: 0.930809
Rank: 237
Total Supply: 32105578.0
Volume: 4147… https://t.co/n2VdCbLZ5w",name triggers symbol trig 24 hour change 1016 price 0930809 rank 237 total supply 321055780 volume 4147,0
545,"RT @enbofficial: Which smart contract based cryptocurrency do you think will be the future?
#Litecoin #Bitcoin #Ripple #lending #ico #crypt…",which smart contract based cryptocurrency do you think will be the future,1
173,"https://t.co/0ScptZxYqG ""'I sold too early' and 'I didn't buy enough' are 2 phrases I hear all too commonly regardi… https://t.co/dXK4b1n5AT",i sold too early and i didnt buy enough are 2 phrases i hear all too commonly regardi,0
4968,"Name: BlockMason Credit Protocol
Symbol: BCPT
24 hour change: -15.74%
Price: 0.454183
Rank: 224
Total Supply: 11615… https://t.co/gBMly0Ij1d",name blockmason credit protocol symbol bcpt 24 hour change 1574 price 0454183 rank 224 total supply 11615,0
3535,https://t.co/yMFF917A4r - Free Bitcoin Cloud,free bitcoin cloud,1
2402,#Bitcoin #Price analysis: BTC/USD down 3.5% on the day; speculations on Binance haunted by JFSA create FUD #bitcoin… https://t.co/GHqeAkZ8QN,analysis btcusd down 35 on the day speculations on binance haunted by jfsa create fud,0
2741,"Bitcoin's #Blockchain Spreads Child Abuse Images, Dark Web Links, Wikileaks Files https://t.co/6i5KlLzyFq",bitcoins spreads child abuse images dark web links wikileaks files,0
2983,"Get your first free bitcoins now! Try it and earn it : https://t.co/X8a94By2d3 #bitcoin #btc March 23, 2018 at 03:00AM",get your first free bitcoins now try it and earn it march 23 2018 at 0300am,1
1100,"Name: DADI
Symbol: DADI
24 hour change: -10.1%
Price: 0.189263
Rank: 352
Total Supply: 100000000.0
Volume: 2564090.… https://t.co/4wrsYhUtCe",name dadi symbol dadi 24 hour change 101 price 0189263 rank 352 total supply 1000000000 volume 2564090,0
868,Fantastic news! https://t.co/67HWd3BNMc,fantastic news,1
5589,"""#bitcoin long wait"" by trader Bitconiano — published March 22, 2018 https://t.co/hEizvTI0LL",long wait by trader bitconiano published march 22 2018,0
1048,"BTC Price: 8540.76$, 
BTC Today High : 8715.71$, 
BTC All Time High : 19903.44$
ETH Price: 531.24$ #bitcoin #BTC… https://t.co/0EHV54fXoP",btc price 854076 btc today high 871571 btc all time high 1990344 eth price 53124,1
5301,"Name: EZToken
Symbol: EZT
24 hour change: -6.66%
Price: 0.919452
Rank: 416
Total Supply: 50000000.0
Volume: 1122770… https://t.co/sas8xuTRWh",name eztoken symbol ezt 24 hour change 666 price 0919452 rank 416 total supply 500000000 volume 1122770,0
1501,Current price of Bitcoin is $8584.17 “Like” if thats good for you and “retweet” if thats not good for you #bitcoin #btc #bitcoinprice,current price of bitcoin is 858417 like if thats good for you and retweet if thats not good for you,1
4756,@ChainGinseng. Regulatory pressures and a broadening bank clampdown have seriously affected cryptocurrency exchange… https://t.co/FNtiv4dTjr,regulatory pressures and a broadening bank cldown have seriously affected cryptocurrency exchange,0
4299,If You Missed It!  Now up on @Steemit and DTube! Rogue Coin: Welcome To The Jungle!!!! (03/21/2018) — Steemit https://t.co/84gTkztMYB,if you missed it now up on and dtube rogue coin welcome to the jungle 03212018 steemit,1
307,"Name: COSS
Symbol: COSS
24 hour change: -10.59%
Price: 0.246209
Rank: 332
Total Supply: 104000000.0
Volume: 1022500… https://t.co/l5RqPeGxRA",name coss symbol coss 24 hour change 1059 price 0246209 rank 332 total supply 1040000000 volume 1022500,0
734,Why Is Everyone Going Crazy Over These 2 Secret Platforms All The #Bitcoin Gurus Are Using https://t.co/Xrrh4zHh6i #bitcoin #bitcoinsfuture,why is everyone going crazy over these 2 secret platforms all the gurus are using,0
5690,RT @TheBeyondersLTD: Zoom81: Think it's kinda wild how many emojis there are now. I know my nephews and their gen use them alot. I find it…,zoom81 think its kinda wild how many emojis there are now i know my nephews and their gen use them alot i find it,1
1907,Essay from the year 2015 in the subject Computer Science - Interne https://t.co/mxLrfcpT3X #Cybersecurity #Bitcoin https://t.co/Lbi8jXEgcW,essay from the year 2015 in the subject computer science interne,0
4328,"Name: Centra
Symbol: CTR
24 hour change: -6.8%
Price: 0.442099
Rank: 233
Total Supply: 98272765.0
Volume: 14348900.… https://t.co/zk6WyWWUWp",name centra symbol ctr 24 hour change 68 price 0442099 rank 233 total supply 982727650 volume 14348900,0
4699,RT @inteligensa: China Opens Payment Market To Foreign Players https://t.co/Hnlmw3RxHL,china opens payment market to foreign players,0
1172,"Name: SunContract
Symbol: SNC
24 hour change: -7.3%
Price: 0.184898
Rank: 280
Total Supply: 122707503.0
Volume: 453… https://t.co/XT4cHsEgm3",name suncontract symbol snc 24 hour change 73 price 0184898 rank 280 total supply 1227075030 volume 453,0
1197,#NYC’s first #condo buys using #Bitcoin are here - https://t.co/NhNXO4VNYu,s first buys using are here,1
5693,"Name: Blocktix
Symbol: TIX
24 hour change: -6.9%
Price: 0.363095
Rank: 361
Total Supply: 62500000.0
Volume: 1018750… https://t.co/V7idnTwMBs",name blocktix symbol tix 24 hour change 69 price 0363095 rank 361 total supply 625000000 volume 1018750,0
978,Get Free 50 SMOKE Tokens!! SMOKE NETWORK – Cannabis Cryptocurrency Pitch Deck. ICO 2018. https://t.co/ODw6fgVRzb #bitcoin,get free 50 smoke tokens smoke network cannabis cryptocurrency pitch deck ico 2018,1
987,"Bears Drag Bitcoin Price to $8,350; Litecoin Holds On, Monero and NEO in Trouble https://t.co/H1T88LKXdO… https://t.co/JiqDWyAm8Y",bears drag bitcoin price to 8350 litecoin holds on monero and neo in trouble,0
4273,@APompliano Depends on your definition of a blockchain. Governments will never voluntarily give up full control of… https://t.co/PmAcU6oAIi,depends on your definition of a blockchain governments will never voluntarily give up full control of,1
3034,"@AnnaWil61216441 @FollexICO For those who are looking to invest in other cryptocurrencies aside from bitcoin, you s… https://t.co/YrMPxFB2fK",for those who are looking to invest in other cryptocurrencies aside from bitcoin you s,0
4460,NSA Tracking International Bitcoin Activity - Live Trading News https://t.co/G83sJ6R6Ko via @livetradingnews,nsa tracking international bitcoin activity live trading news via,1
2263,"In his new book, James Foster, author of several best-selling book https://t.co/KhUnOAr5Bo #Cybersecurity #Bitcoin https://t.co/k30pXjLWgC",in his new book james foster author of several bestselling book,1
4782,I din't expect #France to move this fast on it! Excited to see how they handle it https://t.co/nQ29c8Q4PR,i dint expect to move this fast on it excited to see how they handle it,1
181,Amazing Breakdown Of The 5 Big Cryptos: Uses and Features In The Real World Read More Here: https://t.co/eLX4bWUvJJ… https://t.co/N6zgY6lhaX,amazing breakdown of the 5 big cryptos uses and features in the real world read more here,1
1869,"""Blockchains automate away the center. Instead of putting the taxi driver out of a job, blockchain puts Uber out of… https://t.co/wS86qKvwHd",blockchains automate away the center instead of putting the taxi driver out of a job blockchain puts uber out of,0
3903,@firmamentfox If you are trying to get started using Bitcoin Private you might to know how to claim free 1 BTCP coi… https://t.co/HXAdyVwrN1,if you are trying to get started using bitcoin private you might to know how to claim free 1 btcp coi,1
4773,Looks Legit Check It Out. https://t.co/pYiRpVwHxh #ripple $xvg $btc $eth #xlm $xrp $ltc $trx Get $15 Free Bitcoin =&gt; https://t.co/zvoNtfu7HR,looks legit check it out xvg btc eth xrp ltc trx get 15 free bitcoin gt,1
1495,"@FoxBlockChain Bitcoin -Gold (BTG) and becomes popularity and right more expensive, simply You still donТt hold it?… https://t.co/v1B7UwHAfx",bitcoin gold btg and becomes popularity and right more expensive simply you still dont hold it,1
2149,"Sign up for the FAN Token community referral program and get up to 10,000 free FAN Tokens! https://t.co/Nne9TywBJI… https://t.co/aDSJylmTzG",sign up for the fan token community referral program and get up to 10000 free fan tokens,1
3877,Get Free Laxmicoins https://t.co/hO4xZ48I0b you could get more coins by referring to others. #cryptocurrency #Crypto #bitcoin,get free laxmicoins you could get more coins by referring to others,1
5017,"Wow.Found the real Enemy of Bitcoin,it is not a fork. its a new Coin ..look at it. decide for urself!..faster bigge… https://t.co/P5x2MK78ST",wowfound the real enemy of bitcoinit is not a fork its a new coin look at it decide for urselffaster bigge,1
4201,"@IAmNotDorian Nope, not confused. Monero have been great supporters of bitcoin core their 2nd layer scaling strateg… https://t.co/36UevHWEkh",nope not confused monero have been great supporters of bitcoin core their 2nd layer scaling strateg,1
3967,RT @localBCHorg: Need someone to do work for you? Try using our website's latest feature. Just register an account for free by clicking thi…,need someone to do work for you try using our websites latest feature just register an account for free by clicking thi,1
1060,"Name: Metaverse ETP
Symbol: ETP
24 hour change: -10.75%
Price: 0.888688
Rank: 218
Total Supply: 57380991.0
Volume:… https://t.co/l19h4SqBdG",name metaverse etp symbol etp 24 hour change 1075 price 0888688 rank 218 total supply 573809910 volume,0
1289,"@ElixiumCrypto Bitcoin BTG (BTG) are becomes popular and right more expensive, but You still donТt own it? You get… https://t.co/0HwEvAQPSu",bitcoin btg btg are becomes popular and right more expensive but you still dont own it you get,1
388,"@ElixiumCrypto Bitcoin Gold (BTG) do  becomes best news &amp; fitting more expensive, simply Your still donТt hold it?… https://t.co/9bQBAXrccw",bitcoin gold btg do becomes best news fitting more expensive simply your still dont hold it,1
5093,Forget Bitcoin—I was lucky to obtain the very rare #mikepaciellocoin from @paciellogroup at #CSUNATC18 https://t.co/U0CIz3Y3dX,forget bitcoini was lucky to obtain the very rare from at,1
194,RT @Crypto_Grit: When you experience great loss it gives you the opportunity to make an upgrade. Those willing to embrace the pain and lear…,when you experience great loss it gives you the opportunity to make an upgrade those willing to embrace the pain and lear,1
5084,"Name: CRYPTO20
Symbol: C20
24 hour change: -7.32%
Price: 1.30037
Rank: 164
Total Supply: 40656082.0
Volume: 2568300… https://t.co/ZkuVRCTVe4",name crypto20 symbol c20 24 hour change 732 price 130037 rank 164 total supply 406560820 volume 2568300,0
1844,MissLaur10: ralphmacchio has been and always will be one of the most handsome dudes in Hollywood. You’re fooling yo… https://t.co/ZdOkpLVrjG,misslaur10 ralphmacchio has been and always will be one of the most handsome dudes in hollywood youre fooling yo,1
1096,RT @Cryptosomniac: How #Bitcoin and other #cryptocurrencies could kill off cash!https://t.co/DFHOstszKx,how and other could kill off cash,0
1727,This is interesting - especially after the hype &amp; heights it achieved !!  https://t.co/3zwTGDfF9m,this is interesting especially after the hype heights it achieved,1
5065,"Bitcoin Below $10,000 And Exposed Lower After SEC Torpedo https://t.co/YCwsiEdlor",bitcoin below 10000 and exposed lower after sec torpedo,0
854,"RT @TURBOCRYPTOIO: Pray for green sweatshirt 🙏 International shipping 🚀 We accept BTC, ETH, LTC 💰More at https://t.co/V9BW8IsdPB

#cryptocl…",pray for green sweatshirt international shipping we accept btc eth ltc more at,0
1885,"RT @mBTCPizpie: Something new to live by.

#bitcoin #crypto https://t.co/AiD7I2rF2T",something new to live by,1
2887,RT @tenxwallet We are all waiting impatiently. Wir alle warten schon ungeduldig. #smarttradingbot #bitcoin #tenx… https://t.co/doLqQumQub,we are all waiting impatiently wir alle warten schon ungeduldig,0
2310,@NoTimeToSearch @cz_binance 😂😂😂people have such a small vision. How can you not see what bitcoin and blockchain technology is capable of.,people have such a small vision how can you not see what bitcoin and blockchain technology is capable of,0
5016,@FeedsNegocioBit @EsCointelegraph Bitcoin Private mainnet test successfully complete! BTCP blockchain works stably.… https://t.co/oHZ9KMe87q,bitcoin private mainnet test successfully complete btcp blockchain works stably,1
873,"https://t.co/JYl4PLyXtv

RT. 
Have a look at this #crytpocurrency #bitcoin #BTC #ICO. Really interesting POS termin… https://t.co/Ukze93vvg7",have a look at this really interesting pos termin,1
4864,"Name: Bread
Symbol: BRD
24 hour change: -10.66%
Price: 0.467327
Rank: 214
Total Supply: 88862718.0
Volume: 1364950.… https://t.co/LshA541ZW9",name bread symbol brd 24 hour change 1066 price 0467327 rank 214 total supply 888627180 volume 1364950,0
4474,Great innovation https://t.co/AdoU4bsEc8,great innovation,1
1785,New post added at Bitcoin - CryptoCurrency Guide - Dutch Court Finds Bitcoin A Legitimate “Transferable Value” https://t.co/2U2WLmNaUp,new post added at bitcoin cryptocurrency guide dutch court finds bitcoin a legitimate transferable value,1
4829,Where Could Bitcoin Succeed as a Currency? In a Failed State: Faced with runaway inflation and a weak national curr… https://t.co/sVqL3Fyr7Y,where could bitcoin succeed as a currency in a failed state faced with runaway inflation and a weak national curr,0
2849,NYC's first condo buys using Bitcoin are here - Curbed NY - https://t.co/k0LxlvKJT5,nycs first condo buys using bitcoin are here curbed ny,1
1852,"RT @MeetnGreetMe: Fresh of the Press: Bitcoin is one of the most important inventions in all of human history. One of our advisors, Ian Sca…",fresh of the press bitcoin is one of the most important inventions in all of human history one of our advisors ian sca,1
997,233 Million Reasons Bitcoin And A Few Other Digital Currencies Will Win Survival Of The Fittest https://t.co/ml88RJQUke,233 million reasons bitcoin and a few other digital currencies will win survival of the fittest,1
4550,RT @giveawaysBTC: In the year 2030 do you think bitcoin will still be around? I think it will either be a main currency or be dead. If mass…,in the year 2030 do you think bitcoin will still be around i think it will either be a main currency or be dead if mass,0
1564,"RT @haydentiff: Crypto isn’t a spectator sport. If you’re wondering why your blockfolio isn’t magically increasing each day, take inventory…",crypto isnt a spectator sport if youre wondering why your blockfolio isnt magically increasing each day take inventory,1
1579,"Today Bitcoin a little down.
#bitcoin #ETHEREUM #nem #cryptocurrency https://t.co/V35ZPCuD3q",today bitcoin a little down,0
5740,Warning: do NOT use Abra- it is a full blown scam - https://t.co/sHByHF4Vz0 - Generate Bitcoin. Take your free Bitcoin,warning do not use abra it is a full blown scam generate bitcoin take your free bitcoin,1
1359,"@AnaReneeChicago @janejupiterxx Oh stop it, you were blowing guys you met off Craig’s at a motel 6 not that long ag… https://t.co/xqjMwgajui",oh stop it you were blowing guys you met off craigs at a motel 6 not that long ag,0
5264,About Black Hole Faraday Bags Our line of Black Hole Faraday Bags https://t.co/H6h0z5gY9n #Cybersecurity #Bitcoin https://t.co/mGDwGIFkrf,about black hole faraday bags our line of black hole faraday bags,0
793,Do You Agree with Square’s CEO That Bitcoin Will Be the World’s Single Currency? https://t.co/dVNqAsaWKb https://t.co/KYUSKr24dH,do you agree with squares ceo that bitcoin will be the worlds single currency,0
908,"RT @SwitBigD: Get #free bitcoin &amp; Etherium! Signup for Luno, the #1 #crypto exchange. Use my code, HXNW3, when you… https://t.co/1g7jmBUrit",get bitcoin etherium signup for luno the exchange use my code hxnw3 when you,1
4826,@kaimanabliss Domination of mining is technically the only way Bitcoin can be “taken over”.  Unfortunately that has… https://t.co/OwMbip7Jjo,domination of mining is technically the only way bitcoin can be taken over unfortunately that has,0
2098,"@bilenokbilenok Bitcoin BTG(OFFICIAL) (Bitcoin-Gold) are becomes best news &amp; seemly added expensive, just Your stil… https://t.co/BGS1xHhKuh",bitcoin btgofficial bitcoingold are becomes best news seemly added expensive just your stil,1
3288,Bitcoin: How CryptoCribs Could Economically Empower Individuals in Developing Countries - https://t.co/7mkFZTE7nn,bitcoin how cryptocribs could economically empower individuals in developing countries,1
1893,"RT @XVGDolphin: Do you hold any XVG? Just one small donation could change where XVG is.
#vergecurrency $XVG #bitcoin $BTC #btc #Blockchain…",do you hold any xvg just one small donation could change where xvg is xvg btc,0
2256,"@cryptodropnatio Bitcoin Gold (BTG) go become popularity ^&amp;^ attractive other expensive, simply Your still donТt ow… https://t.co/Nwry8QBu3l",bitcoin gold btg go become popularity attractive other expensive simply your still dont ow,1
925,New post (Snowden on Bitcoin: Blasts Public Ledger and Core Developers) has been published on all new -… https://t.co/Rz2TTePzY6,new post snowden on bitcoin blasts public ledger and core developers has been published on all new,1
2783,@CNBC How much are they worth in bitcoin?,how much are they worth in bitcoin,1
4405,RT @ThePiachu: @lopp Sorry I made Bitcoin illegal everyone :O,sorry i made bitcoin illegal everyone o,0
2920,My PayPal and my bitcoin wallet are both jumpin like Jordan let’s keep this shit stackin,my paypal and my bitcoin wallet are both jumpin like jordan lets keep this shit stackin,0
1483,"RT @EUBlockchain: “An excessive extension of the regulatory perimeter, attracting most Fintech firms under the scope of bank-like supervisi…",an excessive extension of the regulatory perimeter attracting most fintech firms under the scope of banklike supervisi,1
1640,Composite Cylinders Advanced (CCA) is the world's first financial investment blockchain project that combines advan… https://t.co/6daN4B6tmE,composite cylinders advanced cca is the worlds first financial investment blockchain project that combines advan,1
5532,"Bitcoin: We've just announced Filebazaarthe first of seven new Lightning apps (""Lapps"") that we'll be announcing ov… https://t.co/8sisUHYB8A",bitcoin weve just announced filebazaarthe first of seven new lightning apps lapps that well be announcing ov,1
2617,"#PineappleFund has 2 new txs
(📈 input: 0.03559050 BTC / 300.32 USD)
Final balance: 0.03791310 BTC / 319.92 USD… https://t.co/j1IPBnYMt5",has 2 new txs input 003559050 btc 30032 usd final balance 003791310 btc 31992 usd,1
929,"Crypto Collectibles Are Worthless Without a Website 
Crypto collectibles are big business right now. Crypto Kitties… https://t.co/Yg8qRLEYsn",crypto collectibles are worthless without a website crypto collectibles are big business right now crypto kitties,0
4897,Best New – Bitcoin Cash Price Technical Analysis – BCH/USD Short-term Bearish https://t.co/zkfYQgJpb4 https://t.co/MhRmkI4ChT,best new bitcoin cash price technical analysis bchusd shortterm bearish,1
804,"""https://t.co/sqy8eAuhcQ's CEO Wants To Undermine Wall Street With The Tech Behind Bitcoin (HBO)"" by /u/rmvaandr vi… https://t.co/5Pn9nmMdDX",ceo wants to undermine wall street with the tech behind bitcoin hbo by urmvaandr vi,0
435,"RT @ReloadedAmmo: #Xonotic will be the first game with #ammoreloaded integration !

#blockchain #crypto #gaming #bitcoin https://t.co/Nsqr6…",will be the first game with integration,0
4966,"RT @OTC_Bitcoin: We started to call altcoins now.

We are mainly going to chart the strongest growth altcoins because all the rest are usel…",we started to call altcoins now we are mainly going to chart the strongest growth altcoins because all the rest are usel,1
2785,"Name: Propy
Symbol: PRO
24 hour change: -4.3%
Price: 0.761034
Rank: 368
Total Supply: 100000000.0
Volume: 5591200.0… https://t.co/TGI7qQ9QS4",name propy symbol pro 24 hour change 43 price 0761034 rank 368 total supply 1000000000 volume 55912000,0
1641,Signing off Amigos. Join me in a few hours on @FoxBusiness @MorningsMaria as I try to keep up with the sharpest hos… https://t.co/P3qEJTGfUi,signing off amigos join me in a few hours on as i try to keep up with the sharpest hos,0
1663,@CryptoTutor What does this mean for Bitcoin and altcoins? Is there an altseason coming this year?,what does this mean for bitcoin and altcoins is there an altseason coming this year,0
3326,RT @MultivenGroup: Seasoned IT software executive and blockchain advocate Nicolas Schobinger joins Multiven's blockchain project as senior…,seasoned it software executive and blockchain advocate nicolas schobinger joins multivens blockchain project as senior,1
212,The latest The Espy Max Daily! https://t.co/Z07dQ2X1AC Thanks to @Pooh3Mobi @johncl12 @ken8631 #digitalmarketing #bitcoin,the latest the espy max daily thanks to,1
2888,"RT @THUGCOIN: Our official @THUGCOIN Twitter #Airdrop ROUND 5 is LIVE! 
Receive 1K #THUG for completing the tasks!

https://t.co/hIjvkS6rPC…",our official twitter round 5 is live receive 1k for completing the tasks,1
3780,#bitcoin Warning! The fucking NSA is coming!!!! #cryptocurrency #trading #altcoins #intelligence  https://t.co/1l411nyyly,warning the fucking nsa is coming,0
4828,"Name: Triggers
Symbol: TRIG
24 hour change: -15.88%
Price: 0.879149
Rank: 240
Total Supply: 32105578.0
Volume: 4050… https://t.co/mcbi8YlhVY",name triggers symbol trig 24 hour change 1588 price 0879149 rank 240 total supply 321055780 volume 4050,0
1778,HUGE ⛏️ discount ⏰ Bitcoin to C? https://t.co/OIHbsgGEBX 🎉 -30% HF18BDAY30 → https://t.co/u06gO4KLZt https://t.co/pP5f0nq0wr,huge discount bitcoin to c 30 hf18bday30,1
1822,"Name: Aeron
Symbol: ARN
24 hour change: -13.79%
Price: 1.23632
Rank: 334
Total Supply: 20000000.0
Volume: 1125320.0… https://t.co/ScNIOGWrS0",name aeron symbol arn 24 hour change 1379 price 123632 rank 334 total supply 200000000 volume 11253200,0
279,"1: Bitcoin average price is $8712.32 (-0.39% 1h)
2: Ethereum average price is $538.523 (-0.43% 1h)
3: Ripple averag… https://t.co/NrYWB93wMW",1 bitcoin average price is 871232 039 1h 2 ethereum average price is 538523 043 1h 3 ripple averag,0
403,"Bubble, Goat, Chicken McNuggets: Bitcoin - As Seen On TV https://t.co/DwKhp6X9yy #litecoin #market",bubble goat chicken mcnuggets bitcoin as seen on tv,0
3960,RT @SmashSwitchHell: Idk why y’all keep investing in bitcoin. This is the next best thing https://t.co/03sRVv3Aww,idk why yall keep investing in bitcoin this is the next best thing,1
521,"The HISTORY of money is VERY interesting

Look at the timeline and see how the pace of dominant currencies speed up… https://t.co/CXUiGnuKwG",the history of money is very interesting look at the timeline and see how the pace of dominant currencies speed up,1
3966,"New bitcoin report for block 514768, there were 25 transactions over $500,000 USD totaling $46,498,424 USD. Full re… https://t.co/T7wcLyzCww",new bitcoin report for block 514768 there were 25 transactions over 500000 usd totaling 46498424 usd full re,1
5284,"Like an unlimited lives cheat, except with Ether.  Crazy. https://t.co/89qiO3TNDf",like an unlimited lives cheat except with ether crazy,0
215,"RT @Vindyne8: Check out this @Telegraph article about @syscoin : ""#Syscoin is #Bitcoin's smarter, cheaper little brother"" https://t.co/G9Ay…",check out this article about is s smarter cheaper little brother,0
4937,"RT @BetKingIO: Chief executive of Twitter and payment company Square, Jack Dorsey, believes that Bitcoin will be the world’s single currenc…",chief executive of twitter and payment company square jack dorsey believes that bitcoin will be the worlds single currenc,0
4582,"RT @iamjosephyoung: Newly appointed China's central bank head Yi Gang:

""Bitcoin is a currency that provides freedom to anyone that uses it…",newly appointed chinas central bank head yi gang bitcoin is a currency that provides freedom to anyone that uses it,1
1288,How To Earn Free Bitcoin I Earn Bitcoins Fast I 2018 NEWS! https://t.co/uA6UyUwwxh via @YouTube,how to earn free bitcoin i earn bitcoins fast i 2018 news via,1
701,The most awaited coin @DiaryofaMadeMan @MichaelSuppo https://t.co/0qnMw7eXrI,the most awaited coin,1
4965,"Name: Blocktix
Symbol: TIX
24 hour change: -11.01%
Price: 0.349949
Rank: 367
Total Supply: 62500000.0
Volume: 10378… https://t.co/zxlLJ0abBD",name blocktix symbol tix 24 hour change 1101 price 0349949 rank 367 total supply 625000000 volume 10378,0
4177,Mining cryptocurrency or mining fossil fuels CURRENTLY opposes #Sustainability. Mining itself  EVIDENTLY is not a B… https://t.co/xhJ6nLoDvu,mining cryptocurrency or mining fossil fuels currently opposes mining itself evidently is not a b,0
4192,@zebpay TCC is Next BITCOIN of India.... The Champcoin is best cryptocruncy,tcc is next bitcoin of india the chcoin is best cryptocruncy,1
4480,RT @CryptoEye111: Twitter CEO says Bitcoin will be the world’s primary currency by 2028 https://t.co/FmfefNPRO0 via @thenextweb,twitter ceo says bitcoin will be the worlds primary currency by 2028 via,1
242,"Name: Raiden Network Token
Symbol: RDN
24 hour change: -10.45%
Price: 1.53981
Rank: 130
Total Supply: 100000000.0
V… https://t.co/FtxnE9WnXC",name raiden network token symbol rdn 24 hour change 1045 price 153981 rank 130 total supply 1000000000 v,0
1076,"Top 5 Cryptocurrencies - Current Prices

$BTC: $8,633.16 - Bitcoin 🔻 -0.85%
$ETH: $533.91 - Ethereum 🔻 -0.92%
$XRP:… https://t.co/lSujZJf0Z7",top 5 cryptocurrencies current prices btc 863316 bitcoin 085 eth 53391 ethereum 092 xrp,1
1225,Wealth E - Democratising Real Estate Investments - Another Global Project entrusted to the ESTS Initiative - Pre Sa… https://t.co/UVXBEzVw2A,wealth e democratising real estate investments another global project entrusted to the ests initiative pre sa,1
1221,"The wording of this is daft, and they seem to think you're responsible for what you have no idea about, but still r… https://t.co/FGzgEXdPR6",the wording of this is daft and they seem to think youre responsible for what you have no idea about but still r,1
3607,"RT @YahooFinance: LIVE: ABRA CEO @billbarhydton on biggest headwind facing crypto: It's user experience, not regulation. ""That's the bigges…",live abra ceo on biggest headwind facing crypto its user experience not regulation thats the bigges,1
2238,"@BitcoinMcMiner Bitcoin -Gold (Bitcoin-Gold) and become popular ^&amp;^ fitting new expensive, marely Your still donТt… https://t.co/yZcWQVKxWh",bitcoin gold bitcoingold and become popular fitting new expensive marely your still dont,1
280,"RT @OTC_Bitcoin: NEW! 

BITCOIN INVESTING STRATEGY
How to Make A Killing In a Dying Market?!

https://t.co/3G1IionRHd

$eth $btc $ltc $xrp…",new bitcoin investing strategy how to make a killing in a dying market eth btc ltc xrp,1
1815,"@emacbrough @iptothemoon @ripple_hodler @digitlasset_xrp Okay, and sorry to bother you with one more question if it… https://t.co/adsSui7Mqe",okay and sorry to bother you with one more question if it,1
4742,RT @CryptroCrypto: This is how much banks fear Bitcoin. The battle of the planetary society versus the giants has barely started. https://t…,this is how much banks fear bitcoin the battle of the planetary society versus the giants has barely started,1
1746,XYO Network ICO - Blockchain's First Crypto-Location Oracle Network #crypto #ico #bitcoin #ethereum... https://t.co/JPeG4E5aJ2,xyo network ico blockchains first cryptolocation oracle network,1
2107,New post (Chinese Exchange Bitasia Now Supports 0-Confirmation BCH Transactions) has been published on Earn Bitcoin… https://t.co/FLwSpNonUq,new post chinese exchange bitasia now supports 0confirmation bch transactions has been published on earn bitcoin,1
1516,"#Freebie #Airdrop #Free #btc #bitcoin #followback #blockchain #bethereum #money #ICO #ETH  
Join ENIC airdrop -… https://t.co/96Y7hAnVwE",join enic airdrop,1
2274,Anyone with 100$? then everybody would be in! :) https://t.co/TEATwBvbaW,anyone with 100 then everybody would be in,1
1054,"@coinlerinkrali Bitcoin -Gold (Bitcoin-Gold) do  gaining best news &amp; seemly other expensive, but Your still donТt h… https://t.co/fNnfBNbVBE",bitcoin gold bitcoingold do gaining best news seemly other expensive but your still dont h,1
2486,"Digital profile management.
Due to the high volumes of data and transaction expected in the platform, Thrive will g… https://t.co/JWb9HSpCMT",digital profile management due to the high volumes of data and transaction expected in the platform thrive will g,0
699,"Name: Propy
Symbol: PRO
24 hour change: -4.15%
Price: 0.762347
Rank: 371
Total Supply: 100000000.0
Volume: 5648850.… https://t.co/mSLtyrtL1o",name propy symbol pro 24 hour change 415 price 0762347 rank 371 total supply 1000000000 volume 5648850,0
3497,"@coinbase Use the code: HF18BDAY30 at purchase to get a 30% discount for all contracts. The offer is limited. 

10… https://t.co/rG4XsdJnGC",use the code hf18bday30 at purchase to get a 30 discount for all contracts the offer is limited 10,0
4202,The world's most infamous hacker offers an insider's view of the l https://t.co/8rGabzYXxl #Cybersecurity #Bitcoin https://t.co/RAFWtWOvY9,the worlds most infamous hacker offers an insiders view of the l,1
3875,Don't Fuck yourself..... Friday SandP500.....= BUYYYYYY BTC!!!! https://t.co/HCYHLV3ZCz $btcusd #bitcoin trade at B… https://t.co/U4f0CrufLv,dont fuck yourself friday sandp500 buyyyyyy btc btcusd trade at b,0
4495,Buy bitcoins with over 300 different payment options to pay. It's easy and fast! https://t.co/N66NbgULUu,buy bitcoins with over 300 different payment options to pay its easy and fast,1
2689,@rogerkver @Falkvinge Headlines wrong - I fixed it: “Man who used to be called bitcoin Jesus fades into obscurity &amp;… https://t.co/yOLnFaiadB,headlines wrong i fixed it man who used to be called bitcoin jesus fades into obscurity,0
4876,RT @UTEMISUTS: Decentralizing businesses reputation enables Latin American companies that have never met each other to conduct internationa…,decentralizing businesses reputation enables latin american companies that have never met each other to conduct internationa,0
819,"“#Bitcoin to be world’s single currency,” says #Twitter CEO. #AltcoinAlerts
https://t.co/nGGjCF3H8x",to be worlds single currency says ceo,0
5343,"RT @moneyblockchain: Name: NuBits
Symbol: USNBT
24 hour change: -8.17%
Price: 0.712051
Rank: 478
Total Supply: 70359638.0
Volume: 12127900.…",name nubits symbol usnbt 24 hour change 817 price 0712051 rank 478 total supply 703596380 volume 12127900,0
1584,SegWit adoption for Bitcoin slowly but surely on the rise https://t.co/IHAoyyB67e,segwit adoption for bitcoin slowly but surely on the rise,1
520,"Name: Modum
Symbol: MOD
24 hour change: -16.35%
Price: 2.16222
Rank: 196
Total Supply: 27266200.0
Volume: 1224940.0… https://t.co/w9zeHJ1Nqb",name modum symbol mod 24 hour change 1635 price 216222 rank 196 total supply 272662000 volume 12249400,0
2110,"@official_coder Hi Oliver,   I think Bitcoin Private BTCP is going to be important. Currently trading on only a few… https://t.co/TV56TdRYmu",hi oliver i think bitcoin private btcp is going to be important currently trading on only a few,1
317,BITCOIN IS EXTREMELY NORMAL AND DEFINITELY NOT A WEIRD CULT. https://t.co/MbLIZajqTn,bitcoin is extremely normal and definitely not a weird cult,1
3873,"Name: Mercury
Symbol: MER
24 hour change: -10.21%
Price: 0.200491
Rank: 290
Total Supply: 100000000.0
Volume: 13377… https://t.co/N26eJWB1vi",name mercury symbol mer 24 hour change 1021 price 0200491 rank 290 total supply 1000000000 volume 13377,0
3154,What are the mechanisms/methods you usually use for predicting bitcoin value?,what are the mechanismsmethods you usually use for predicting bitcoin value,0
2915,RT @johnkim77: Let's forget about charts for a second. Beginning of last year hardly anyone heard or knew about Litecoin. People heard of B…,lets forget about charts for a second beginning of last year hardly anyone heard or knew about litecoin people heard of b,0
760,Yeah amazing https://t.co/1DThhCIQya,yeah amazing,1
1381,"@IAMMKHALID7 Bitcoin -Gold (Bitcoin-Gold) are becomes popularity and seemly new expensive, just You still donТt own… https://t.co/PakbnoSDcR",bitcoin gold bitcoingold are becomes popularity and seemly new expensive just you still dont own,0
3549,"RT @btc_manager: What is #Particl (#PART) and Is It a Good Investment? BY: Alexander Lielacher

https://t.co/B0NBJ13V45

#Altcoins #Altcoin…",what is and is it a good investment by alexander lielacher,1
4027,"Name: EZToken
Symbol: EZT
24 hour change: -8.84%
Price: 0.8966
Rank: 422
Total Supply: 50000000.0
Volume: 1024180.0… https://t.co/2pD3U0eu2c",name eztoken symbol ezt 24 hour change 884 price 08966 rank 422 total supply 500000000 volume 10241800,0
4410,[NEW POST]: The NSA is Able to Identify Bitcoin Users + https://t.co/NtADKwpAex #cryptocurrency #crypto,new post the nsa is able to identify bitcoin users,1
5403,"RT @2755han: https://t.co/ewh9gF97N4 #airdrop
1GIFT = US$0.2, get 100GIFT
Gain more 100000GIFT from any activities,

Click link to get GIFT…",1gift us02 get 100gift gain more 100000gift from any activities click link to get gift,1
1765,"#FLOGmall #Blockchain #Bitcoin #BTC #Ethereum #ETH #ICO Great concept with good developers..   Excellent idea, tale… https://t.co/MqG9HA7gEM",great concept with good developers excellent idea tale,1
3804,"#BitMEX current #Bitcoin (XBTUSD) price is $8,426.00.  Down from $8,581.50 - 1.81 percent. https://t.co/N6CfrdFMZH",current xbtusd price is 842600 down from 858150 181 percent,0
3397,"80% of Companies Are Interested in Bitcoin Transactions, Survey Finds - Bitcoin News https://t.co/vYX0er2nul",80 of companies are interested in bitcoin transactions survey finds bitcoin news,1
5342,"Bitcoin not a legal tender in India, says Finance Minister Arun Jaitley https://t.co/YhMYl4Neeq #cryptocurrency",bitcoin not a legal tender in india says finance minister arun jaitley,0
3364,RT @4newcoin: #Medium article explaining how #4NEW is helping to turn #bitcoin #waste into #energy and how this can help the future of #cry…,article explaining how is helping to turn into and how this can help the future of,0
3125,"Name: Steem Dollars
Symbol: SBD
24 hour change: -9.93%
Price: 2.08922
Rank: 266
Total Supply: 10949645.0
Volume: 25… https://t.co/4Ne6uQ4s6Z",name steem dollars symbol sbd 24 hour change 993 price 208922 rank 266 total supply 109496450 volume 25,0
3428,"I can only dream to be a part of this, great job! https://t.co/ChWWRBoMp6",i can only dream to be a part of this great job,1
4155,"RT @BlockCDN: In 10 years, do you think how many years? https://t.co/73fyVgl1G5",in 10 years do you think how many years,1
3702,"RT @SilverBitSLV: Tired of the crazy volatility of Bitcoin &amp; other altcoins?! 
Want to achieve your dream of stable income?
SilverBit is yo…",tired of the crazy volatility of bitcoin other altcoins want to achieve your dream of stable income silverbit is yo,0
3906,"RT @CoinbayExchange: Dear #bountyhunters 💸 , Here we go again with an other #Exclusive #Giveaway 5000 CoinbayExchange 🎁 : 1 - FOLLOW 3 - RE…",dear here we go again with an other 5000 coinbayexchange 1 follow 3 re,0
3025,RT Bitcoin_Up: Top Level Bitcoin Domains For Sale https://t.co/eQgnjiQXQz https://t.co/lNfGnyipmd,bitcoinup top level bitcoin domains for sale,1
4100,RT @bethereumteam: We have been getting a lot of questions about the bonuses... We value our EARLY ADOPTERS and people that believe in the…,we have been getting a lot of questions about the bonuses we value our early adopters and people that believe in the,1
1071,"WSJ: #SEC To Examine Up To 100 Crypto-Related Hedge Funds: In the US, the… https://t.co/feQqjx7ffI #bitcoin #crypto",wsj to examine up to 100 cryptorelated hedge funds in the us the,0
811,"@rogerkver @MoneyToken The fact that all these little kids hate bitcoin cash, confirms that it is the real bitcoin.… https://t.co/m0lAav2TV6",the fact that all these little kids hate bitcoin cash confirms that it is the real bitcoin,0
2869,"Binance CEO Changpeng Zhao: Contradict Financial Watchdog Warning Reports

To read more visit… https://t.co/ISGURMFpqE",binance ceo changpeng zhao contradict financial watchdog warning reports to read more visit,1
5525,"Most promising ICO in 2018 ! @SRCoin_ICO 
7 More days left !!! you can contribute with Min 0.1 ETH , dont miss this… https://t.co/jYYYeV3l3l",most promising ico in 2018 7 more days left you can contribute with min 01 eth dont miss this,1
2378,@Altcoinbuzzio Bitcoin duh,bitcoin duh,0
1425,RT @tvtwocom: You're in good hands. Check out the piece about our TELEVISION TASKFORCE 📺✊ https://t.co/jYMXhgUXBl // @TradeToken #tvrevolut…,youre in good hands check out the piece about our television taskforce,1
3917,"@MarkYusko Good, bad, indifferent, you’re the only serious investor I know as bullish on bitcoin",good bad indifferent youre the only serious investor i know as bullish on bitcoin,0
347,"Name: Edgeless
Symbol: EDG
24 hour change: -6.52%
Price: 0.744182
Rank: 146
Total Supply: 132046997.0
Volume: 10119… https://t.co/szSGGL5xyA",name edgeless symbol edg 24 hour change 652 price 0744182 rank 146 total supply 1320469970 volume 10119,0
1996,#ADA Price is 0.00002250 (-0.00000008) #BTC / 0.18882 (+0.00003) #USD. Market rank is 6. #cardano #bitcoin #blockchain,price is 000002250 000000008 018882 000003 market rank is 6,0
3703,"Twitter CEO Jack Dorsey is confident that Bitcoin could become the world’s ""major currency"" within the next 10 year… https://t.co/HmWckG2bix",twitter ceo jack dorsey is confident that bitcoin could become the worlds major currency within the next 10 year,1
3557,"Laundering Drug Money: Why Mafia Can’t Hide Behind Bitcoin
https://t.co/yLEm4PBCfg",laundering drug money why mafia cant hide behind bitcoin,0
3652,"I enjoyed reading the NSA's 1996 Bitcoin Whitepaper
https://t.co/qBIt7A5nlm",i enjoyed reading the nsas 1996 bitcoin whitepaper,1
4060,"Name: Mercury
Symbol: MER
24 hour change: -9.74%
Price: 0.197883
Rank: 289
Total Supply: 100000000.0
Volume: 113910… https://t.co/0y75YXy7Ui",name mercury symbol mer 24 hour change 974 price 0197883 rank 289 total supply 1000000000 volume 113910,0
3392,'This is absolutely unprecedented in Japanese law. There’s never been a bankruptcy like this in Japan or probably a… https://t.co/4qhSKIxop7,this is absolutely unprecedented in japanese law theres never been a bankruptcy like this in japan or probably a,1
3449,RT @equi_capital: How long can bitcoin continue to rise? https://t.co/8tF8x71lPM,how long can bitcoin continue to rise,0
543,If only I had a time leap machine or d-mail to buy low and sell high with the damn bitcoin craze. Well looks likes… https://t.co/kEgVa27co9,if only i had a time leap machine or dmail to buy low and sell high with the damn bitcoin craze well looks likes,1
3347,"THE MOST INNOVATIVE CRYPTO TRADING PLATFORM ON THE MARKET

https://t.co/L1yua2IXuS

#doge #dogecoin #bitcoin #btc… https://t.co/AqzeLRO7kK",the most innovative crypto trading platform on the market,1
5083,$BTC #Bitcoin Little dip again... https://t.co/lkX2PEl6Yq,btc little dip again,0
5358,"#blockchain #btc #crypto #cryptocurrency #bitcoin #Ethereum #ETH 98 
 The first blockchain platform to power sports… https://t.co/A4i5343WZP",98 the first blockchain platform to power sports,1
4895,#EOS Price is 0.00078052 (-0.00000195) #BTC / 6.56003 (-0.00725) #USD. Market rank is 7. #eos #bitcoin #blockchain,price is 000078052 000000195 656003 000725 market rank is 7,0
1823,"@afaqshah @PhilakoneCrypto Wishing ill upon bitcoin, rude",wishing ill upon bitcoin rude,0
843,#Blockchain is the tech. #Bitcoin is merely the first mainstream manifestation of its potential. #freecoins,is the tech is merely the first mainstream manifestation of its potential,0
5339,"RT @tippereconomy: REVOLUTIONARY CONTENT INVESTING ONLY ON TIPPER
Content investing is going to completely change the internet as we know i…",revolutionary content investing only on tipper content investing is going to completely change the internet as we know i,1
4,RT @bethereumteam: Code your personal CommandBot to keep your Telegram group clean from FAQs! Follow the in-depth guide from our developers…,code your personal commandbot to keep your telegram group clean from faqs follow the indepth guide from our developers,1
5173,"More options for our #Korean community! #DEXKO, a new Korean #exchange powered by #HYUNDAI #Pay, allows trading BTG… https://t.co/zcaeFfjmpl",more options for our community a new korean powered by allows trading btg,1
5329,Video - SCARY: Bitcoin 2013 vs Bitcoin 2018 - https://t.co/wlQ1YzOAok #bitcoin #crypto https://t.co/goqeFa6JMk,video scary bitcoin 2013 vs bitcoin 2018,0
2512,"RT @HuobiNews: [News Flash] The brother of late Columbian drug lord #Pablo Escobar, Roberto Escobar, has released his own alternative to #B…",news flash the brother of late columbian drug lord escobar roberto escobar has released his own alternative to,0
2353,"@bitcoinyuri @Blockstream Sorry, no longer interested in Bitcoin.",sorry no longer interested in bitcoin,0
3973,"Name: Modum
Symbol: MOD
24 hour change: -17.28%
Price: 2.14588
Rank: 196
Total Supply: 27266200.0
Volume: 1214450.0… https://t.co/konHupBOKP",name modum symbol mod 24 hour change 1728 price 214588 rank 196 total supply 272662000 volume 12144500,0
1493,There are many books that will tell you what to do - use prepaid b https://t.co/0M5WjhxveX #Cybersecurity #Bitcoin https://t.co/fHyBmIxER1,there are many books that will tell you what to do use prepaid b,1
2995,"Name: Bread
Symbol: BRD
24 hour change: -10.2%
Price: 0.466091
Rank: 213
Total Supply: 88862718.0
Volume: 1360920.0… https://t.co/xvJmSe1YCA",name bread symbol brd 24 hour change 102 price 0466091 rank 213 total supply 888627180 volume 13609200,0
1812,RT @equi_capital: “The most explosive crypto-currency is not Bitcoin — IOTA in focus” by Norbert Gehrke https://t.co/qGJZ3sm3jP,the most explosive cryptocurrency is not bitcoin iota in focus by norbert gehrke,1
491,#Bitcoin latest news: Diet Bitcoin: Digital Currency From Drug Shot Pablo Escobar’s Bro Coming Soon https://t.co/ybctDmiKhA,latest news diet bitcoin digital currency from drug shot pablo escobars bro coming soon,1
2533,"Name: CRYPTO20
Symbol: C20
24 hour change: -5.98%
Price: 1.31514
Rank: 162
Total Supply: 40656082.0
Volume: 2784290… https://t.co/VN3V5yl869",name crypto20 symbol c20 24 hour change 598 price 131514 rank 162 total supply 406560820 volume 2784290,0
731,"New bitcoin report for block 514760, there were 3 transactions over $500,000 USD totaling $1,835,991 USD. Full repo… https://t.co/suYuFMiMS4",new bitcoin report for block 514760 there were 3 transactions over 500000 usd totaling 1835991 usd full repo,1
5007,I liked a @YouTube video https://t.co/8G0gicr7h6 Bitcoin explained: How do cryptocurrencies work? - BBC News,i liked a video bitcoin explained how do cryptocurrencies work bbc news,1
1846,#Bitcoin market capitalization 142.86B$. Decreased to 75.20% against #Oracle https://t.co/ouApsKk8hh,market capitalization 14286b decreased to 7520 against,0
3452,Bitcoin price – latest updates: Leading cryptocurrency fights back after slump https://t.co/7RMcvpmMBd,bitcoin price latest updates leading cryptocurrency fights back after slump,1
1025,"#EtherSpin🔥recommend to participate in the project‼️very strong and professional support,💯a strong shoulder of advi… https://t.co/ILm9VzyRoI",recommend to participate in the projectvery strong and professional supporta strong shoulder of advi,1
621,"@mindstatex Was watching the live stream and heard him say ""bcash"" before introducing Emin...not a very good look f… https://t.co/pHlhJpHj55",was watching the live stream and heard him say bcash before introducing eminnot a very good look f,1
5405,RT @digitsu: 4 bitcoin cash node dev teams and our own teams hacking away at bitcoin cash https://t.co/DVIL1w2d9g,4 bitcoin cash node dev teams and our own teams hacking away at bitcoin cash,1
5672,"Bitcoin maximalists: it's all broken, and no, we can't tell you why.",bitcoin maximalists its all broken and no we cant tell you why,0
3265,New post (The US Postal Service Is Looking at Backing Up Data With Blockchain) has been published on Earn Bitcoin F… https://t.co/i3rbjtZSPD,new post the us postal service is looking at backing up data with blockchain has been published on earn bitcoin f,1
5794,Here is an awesome guide from the folks at @myetherwallet - keep your coins and tokens safe!… https://t.co/0wBoJ17oMO,here is an awesome guide from the folks at keep your coins and tokens safe,1
2246,"RT @Sipemulungg1: Join Pemulung Airdrop And Get  $200 in ETH :  https://t.co/1hNjwyeHEU
-Like
-Retweet
-Follow
-Comment down below with you…",join pemulung airdrop and get 200 in eth like retweet follow comment down below with you,0
980,(4) Nurjahan Sabila's answer to What is the best Bitcoin trading bot? - Quora https://t.co/kXieSLn8Oq,4 nurjahan sabilas answer to what is the best bitcoin trading bot quora,1
3898,"Name: Mercury
Symbol: MER
24 hour change: -9.76%
Price: 0.197892
Rank: 290
Total Supply: 100000000.0
Volume: 116868… https://t.co/L7vXsKiutc",name mercury symbol mer 24 hour change 976 price 0197892 rank 290 total supply 1000000000 volume 116868,0
5727,"Name: DADI
Symbol: DADI
24 hour change: -14.89%
Price: 0.180365
Rank: 360
Total Supply: 100000000.0
Volume: 2204630… https://t.co/lp5xHJSO4q",name dadi symbol dadi 24 hour change 1489 price 0180365 rank 360 total supply 1000000000 volume 2204630,0
340,"RT @Varanida_VAD: [Podcast] How the blockchain can change the world of Advertising!

Have you subscribed to our podcast yet? 
https://t.co/…",podcast how the blockchain can change the world of advertising have you subscribed to our podcast yet,0
1622,"Jack you got it half right, #Bitcoin for store wealth buy #Litecoin is ideal for everyday payments use case.  So I… https://t.co/81pyWeEBTG",jack you got it half right for store wealth buy is ideal for everyday payments use case so i,1
1545,"#Elementh #CrowdSale #ICO #crypto 
From everywhere we hear about bitcoin and crypto currencies. But not many people… https://t.co/dAIqULG5uQ",from everywhere we hear about bitcoin and crypto currencies but not many people,0
2791,#ACTNOW! #SocialInvestor #ImpactInvestor #Investor #Investment #OPPORTUNITY! LIMITED TIME OFFER! 50% Discount w/… https://t.co/H0tqEhJaPc,limited time offer 50 discount w,0
5704,Bitcoin long wait #bitcoin · Trade $BTCUSD with up to 20x leverage: https://t.co/ogeEs8zK82 https://t.co/Fe9DeAKZVW,bitcoin long wait trade btcusd with up to 20x leverage,0
896,"Name: Groestlcoin
Symbol: GRS
24 hour change: -11.16%
Price: 0.487073
Rank: 223
Total Supply: 69677139.0
Volume: 13… https://t.co/KKHaSltUZ7",name groestlcoin symbol grs 24 hour change 1116 price 0487073 rank 223 total supply 696771390 volume 13,0
853,"RT @TuurDemeester: Judged by assets under management, the largest Bitcoin exchanges would currently beat many of the top 100 US banks. http…",judged by assets under management the largest bitcoin exchanges would currently beat many of the top 100 us banks,1
4307,"RT Epic_Research ""#Bitcoin drops over 4% after Japan warns largest operator

#EpicResearch

For more join us on… https://t.co/nrs8WtAjae",epicresearch drops over 4 after japan warns largest operator for more join us on,1
143,"Whales cashing out long positions again. Sale time! No FUD this time 
#bitcoin #cryptocurrency #crypto… https://t.co/CerWULd1re",whales cashing out long positions again sale time no fud this time,0
3231,"Name: Asch
Symbol: XAS
24 hour change: -7.67%
Price: 0.709301
Rank: 139
Total Supply: 114855331.0
Volume: 3795480.0… https://t.co/bM7z96fcaa",name asch symbol xas 24 hour change 767 price 0709301 rank 139 total supply 1148553310 volume 37954800,0
885,"Great Project... #SP8DE_Official #ICO #crptocurrency #Blockchain #bitcoin #TokenSale #Crowdsale 
https://t.co/OX4hPlwrV3",great project,1
2014,"@Cryptowiz4 Bitcoin -Gold (Bitcoin Gold) do  becomes popularity and apt new expensive, just Your still donТt hold i… https://t.co/sSbWlJTOGL",bitcoin gold bitcoin gold do becomes popularity and apt new expensive just your still dont hold i,1
3436,"""For now most of the selling has been from institutional investors and bots."" 🤖https://t.co/t90CNLDZ7R",for now most of the selling has been from institutional investors and bots,1
3811,"@ekaterinasamard Bitcoin Gold (Bitcoin Gold) do  becomes best news ^&amp;^ seemly other expensive, marely Your still do… https://t.co/bDjYC6vdXP",bitcoin gold bitcoin gold do becomes best news seemly other expensive marely your still do,1
992,#Bitcoin latest news: Bitcoin slumps after Japan warning https://t.co/TfySULKaZK,latest news bitcoin slumps after japan warning,1
2618,"Name: Steem Dollars
Symbol: SBD
24 hour change: -11.39%
Price: 2.05245
Rank: 267
Total Supply: 10949957.0
Volume: 2… https://t.co/XgDu1q9Fud",name steem dollars symbol sbd 24 hour change 1139 price 205245 rank 267 total supply 109499570 volume 2,0
4215,I really just sent 300 to the wrong bitcoin address.. wow.. fml,i really just sent 300 to the wrong bitcoin address wow fml,0
1069,RT @TraderOfFutures: Why Pros Win and Retail Traders Lose - Bitcoin Trading Q&amp;A https://t.co/3cjcqH2W6k via @YouTube,why pros win and retail traders lose bitcoin trading qa via,1
4382,"Name: COSS
Symbol: COSS
24 hour change: -10.12%
Price: 0.248726
Rank: 331
Total Supply: 104000000.0
Volume: 1024680… https://t.co/ZufAYhdOI8",name coss symbol coss 24 hour change 1012 price 0248726 rank 331 total supply 1040000000 volume 1024680,0
1995,Denneo911: RT FriendlyJMC: Paul Ryan and Mitch McConnell continue to prove there is just one big happy party workin… https://t.co/RuZmXv3VKd,denneo911 friendlyjmc paul ryan and mitch mcconnell continue to prove there is just one big happy party workin,1
4436,for all the flaws in sex at least it will never be the next bitcoin,for all the flaws in sex at least it will never be the next bitcoin,0
339,Windows 8 is quite different than previous Microsoft operating sys https://t.co/7xu6zersDm #Cybersecurity #Bitcoin https://t.co/9hSFgGIXtG,windows 8 is quite different than previous microsoft operating sys,0
5160,RT PlayHall_io: Twitter CEO Says Bitcoin Will Become World’s ‘Single Currency’ Within A Decade https://t.co/GnoHBxo74j,playhallio twitter ceo says bitcoin will become worlds single currency within a decade,0
2737,"Name: Wings
Symbol: WINGS
24 hour change: -7.49%
Price: 0.456379
Rank: 190
Total Supply: 100000000.0
Volume: 182743… https://t.co/uuobx42Lt0",name wings symbol wings 24 hour change 749 price 0456379 rank 190 total supply 1000000000 volume 182743,0
1000,RT @cryptodemedici: Anyone that takes bitcoin for these types of events is either doing psyop or is an idiot.,anyone that takes bitcoin for these types of events is either doing psyop or is an idiot,0
1337,"Name: Steem Dollars
Symbol: SBD
24 hour change: -11.97%
Price: 2.05941
Rank: 266
Total Supply: 10947198.0
Volume: 1… https://t.co/ec5ahzfEqe",name steem dollars symbol sbd 24 hour change 1197 price 205941 rank 266 total supply 109471980 volume 1,0
32,"RT @BlockchainWars: Our latest episode of @BlockchainWars is now on @YouTube where our host @NODEfather talks about the #Petro, #G20, #Sanc…",our latest episode of is now on where our host talks about the,1
4517,"Legal Consequences of Cheating At Poker : Part 7 As far as criminal charges for online poker cheats go, there are n… https://t.co/8SkU8vz6GI",legal consequences of cheating at poker part 7 as far as criminal charges for online poker cheats go there are n,0
832,@kryll_io Sick of watching the professionals trade Crypto easily while you sit back and lost money. How’s about you… https://t.co/PNtPlvhaRO,sick of watching the professionals trade crypto easily while you sit back and lost money hows about you,0
445,"@gpproductionz Bitcoin -Gold (BTG) a becomes popular and right new expensive, marely You still donТt hold it? You g… https://t.co/axgJaICZvI",bitcoin gold btg a becomes popular and right new expensive marely you still dont hold it you g,1
4524,"@hashraider1337 Bitcoin BTG (BTG) and gaining popular and becoming more expensive, but You still donТt own it? Your… https://t.co/n6jHptGSLl",bitcoin btg btg and gaining popular and becoming more expensive but you still dont own it your,1
3798,Nice one https://t.co/41iwbhogcC,nice one,1
3523,Monthly Web Traffic for Major Bitcoin Exchanges Falls by Half || $BTC $BTCUSD $BTC.X $ETH $ETHUSD $ETH.X $CRYPTO… https://t.co/nBEYGHJPL3,monthly web traffic for major bitcoin exchanges falls by half btc btcusd btcx eth ethusd ethx crypto,0
5766,Are you tired of buying security books and at the end discover tha https://t.co/GLdhwp7aW1 #Cybersecurity #Bitcoin https://t.co/xb4mdUEHqz,are you tired of buying security books and at the end discover tha,0
1576,"#xatracoin is one of the most promising projects right now! Check it out, please! #XTR #ICO #XATRA #Blockchain… https://t.co/8zQUd4M7PX",is one of the most promising projects right now check it out please,1
785,"RT @BoostVC: Want to learn more about #bitcoin? Wonder why #BoostVC is betting big on #cryptocurrency?

@AdamDraper answers these questions…",want to learn more about wonder why is betting big on answers these questions,1
901,Do we regulated #Crypto so big money comes in and drives up price giving us huge profit or keep #Crypto unregulated… https://t.co/SG8dQ4xTsb,do we regulated so big money comes in and drives up price giving us huge profit or keep unregulated,1
4373,Should you buy into bitcoin? Here's what top investors say https://t.co/OnJCt8XYxl https://t.co/a7HV5h8yfL,should you buy into bitcoin heres what top investors say,1
485,"#blockchain #btc #crypto #cryptocurrency #bitcoin #Ethereum #ETH 86 
 The first blockchain platform to power sports… https://t.co/EauJ1F9iGl",86 the first blockchain platform to power sports,1
42,When ur bored https://t.co/pMTfMYYG0F,when ur bored,0
3161,RT @HonestlyCrypto: #BTC although this is a strong area of support and candles dropping below it are being pulled back up as you can tell b…,although this is a strong area of support and candles dropping below it are being pulled back up as you can tell b,1
3389,webdav.exe Trojan is a serious trouble for many Internet users. It is a kind of computer threats that is difficult… https://t.co/S14z3KVZXc,webdavexe trojan is a serious trouble for many internet users it is a kind of computer threats that is difficult,1
3396,"Name: Tidex Token
Symbol: TDX
24 hour change: -38.97%
Price: 0.310255
Rank: 646
Total Supply: 10000000.0
Volume: 19… https://t.co/6HHideP1Xu",name tidex token symbol tdx 24 hour change 3897 price 0310255 rank 646 total supply 100000000 volume 19,0
1648,#VeriCoin Tutorial: How to Download and Install Your New Wallet https://t.co/lEMliHGtIy FOLLOW-&gt; @InvestAltcoins… https://t.co/TnMqPj5W7v,tutorial how to download and install your new wallet followgt,1
3041,BREAKING: there is a pornographic image hidden in the mathematical constant Pi! Call your representa... https://t.co/8GkRiMBBOv,breaking there is a pornographic image hidden in the mathematical constant pi call your representa,0
4419,"Name: Bodhi
Symbol: BOT
24 hour change: -6.77%
Price: 0.34124
Rank: 364
Total Supply: 100000000.0
Volume: 1207350.0… https://t.co/zanDtWWeFN",name bodhi symbol bot 24 hour change 677 price 034124 rank 364 total supply 1000000000 volume 12073500,0
1773,"Name: Tidex Token
Symbol: TDX
24 hour change: -39.49%
Price: 0.307764
Rank: 644
Total Supply: 10000000.0
Volume: 15… https://t.co/PKIGZCtk1s",name tidex token symbol tdx 24 hour change 3949 price 0307764 rank 644 total supply 100000000 volume 15,0
453,"RT @andzsy: Like I keep saying, people are absolutely free to modify Bitcoin (eg Segwit) heavily so it will fit in a multi-layer system (Li…",like i keep saying people are absolutely free to modify bitcoin eg segwit heavily so it will fit in a multilayer system li,1
3361,#Crypto Collectibles Are Worthless Without a Website https://t.co/THPew1T2Zr #Bitcoin https://t.co/dZrwNbfQON,collectibles are worthless without a website,0
4206,"Name: Matchpool
Symbol: GUP
24 hour change: -6.67%
Price: 0.199876
Rank: 355
Total Supply: 98855150.0
Volume: 30972… https://t.co/Kt8X7rAe1z",name matchpool symbol gup 24 hour change 667 price 0199876 rank 355 total supply 988551500 volume 30972,0
3320,#Blockchain #Expert #Advisor #Cryptocurrency #Bitcoin #Altcoins #ICO #Decibels process tailored to fit all creators… https://t.co/wzsLJ94f4j,process tailored to fit all creators,1
3283,"@Ah8viii Bitcoin Gold (BTG) is become popularity ^&amp;^ attractive new expensive, marely Your still donТt hold it? You… https://t.co/IeGoN2U97T",bitcoin gold btg is become popularity attractive new expensive marely your still dont hold it you,1
1443,"RT @Volans_official: A new story about the ""Modules of the Volans platform. The usage of the Blockchain technology"" is already on the Mediu…",a new story about the modules of the volans platform the usage of the blockchain technology is already on the mediu,1
1604,"5 min #RSI Signals:

$BTC - $TKS: 0.77
$BTC - $TRST: 11.06
$BTC - $XVC: 11.71
$BTC - $PINK: 13.97
$BTC - $XST: 15.4… https://t.co/6NzcaTNPQF",5 min signals btc tks 077 btc trst 1106 btc xvc 1171 btc pink 1397 btc xst 154,0
5671,#ADA Price is 0.00002267 (+0.00000001) #BTC / 0.190338 (-0.00454) #USD. Market rank is 6. #cardano #bitcoin #blockchain,price is 000002267 000000001 0190338 000454 market rank is 6,0
3506,"Name: Everex
Symbol: EVX
24 hour change: -7.7%
Price: 1.27055
Rank: 286
Total Supply: 25000000.0
Volume: 2632870.0… https://t.co/ulO4wwEy9p",name everex symbol evx 24 hour change 77 price 127055 rank 286 total supply 250000000 volume 26328700,0
1898,RT @bethereumteam: We already have an iOS prototype of the betting process through Bethereum on the AppStore! Are you ready to challenge yo…,we already have an ios prototype of the betting process through bethereum on the appstore are you ready to challenge yo,1
5442,"1: Bitcoin average price is $8441.36 (0.13% 1h)
2: Ethereum average price is $520.574 (0.63% 1h)
3: Ripple average… https://t.co/RRUZBtKII0",1 bitcoin average price is 844136 013 1h 2 ethereum average price is 520574 063 1h 3 ripple average,0
444,"RT @OlgaFeldmeier: Not surprised! @crunchbasenews, ""found that, for 2018, the amount of money being raised by #blockchain and blockchain-ad…",not surprised found that for 2018 the amount of money being raised by and blockchainad,0
862,"@7qaQGWkTCzVDjKJ Bitcoin Gold (BTG) and become popularity also apt added expensive, marely You still donТt own it?… https://t.co/72yrLzYnyl",bitcoin gold btg and become popularity also apt added expensive marely you still dont own it,1
3011,Take the Love Compatibility Test! https://t.co/COWEhcYU8U ##jexpotz #bitcoin,take the love compatibility test,1
4021,#SUB Price is 0.00004504 (-0.00000014) #BTC / 0.381613 (+0.00215) #USD. Market rank is 118. #substratum #bitcoin #blockchain,price is 000004504 000000014 0381613 000215 market rank is 118,0
4291,"RT @CentralCrypto: [ANN] Bitcoin Black (Black)  next generation crypto currency -tradeable ERC20 token  | Ethereum Blockchain
https://t.co/…",ann bitcoin black black next generation crypto currency tradeable erc20 token ethereum blockchain,0
5786,@Altcoinbuzzio Not a maximalist but I believe bitcoin it is. As long as they keep improving n solving some issues b… https://t.co/dV4MgbpKWN,not a maximalist but i believe bitcoin it is as long as they keep improving n solving some issues b,0
156,"Name: Raiden Network Token
Symbol: RDN
24 hour change: -12.96%
Price: 1.50414
Rank: 129
Total Supply: 100000000.0
V… https://t.co/EALrzBN6gV",name raiden network token symbol rdn 24 hour change 1296 price 150414 rank 129 total supply 1000000000 v,0
1574,"Name: COSS
Symbol: COSS
24 hour change: -9.68%
Price: 0.249387
Rank: 335
Total Supply: 104000000.0
Volume: 1040230.… https://t.co/HE04Fp1GtT",name coss symbol coss 24 hour change 968 price 0249387 rank 335 total supply 1040000000 volume 1040230,0
1315,Bitcoin’s major flaw could mean its downfall - https://t.co/cNSLtNTumP,bitcoins major flaw could mean its downfall,0
4931,"Name: NuBits
Symbol: USNBT
24 hour change: -16.15%
Price: 0.679939
Rank: 485
Total Supply: 70359638.0
Volume: 55481… https://t.co/lYregJDT2A",name nubits symbol usnbt 24 hour change 1615 price 0679939 rank 485 total supply 703596380 volume 55481,0
4591,"RT @alistairmilne: Two more reasons this isn't 2014 ...
1/ Jack Dorsey
2/ Peter Thiel
#bitcoin",two more reasons this isnt 2014 1 jack dorsey 2 peter thiel,1
406,"RT @el33th4xor: Wow, blockchain, cryptocurrency, mansplain, dumpster fire.... Sounds like they mined the crypto community for new words. ht…",wow blockchain cryptocurrency mansplain dumpster fire sounds like they mined the crypto community for new words ht,1
1138,Few activities have captured the contemporary popular imagination https://t.co/jfK4P32nPY #Cybersecurity #Bitcoin https://t.co/QaQWvRCgg9,few activities have captured the contemporary popular imagination,1
4236,Fujitsu announces blockchain innovation center in Brussels - Coingeek via BTCnews #Bitcoin https://t.co/RzxSB6bmnk,fujitsu announces blockchain innovation center in brussels coingeek via btcnews,0
3430,"@JoelOsteen Did you know Bitcoin investment is one of the greatest investment anyone can get involved in, invest yo… https://t.co/Fbpk5aw2Fv",did you know bitcoin investment is one of the greatest investment anyone can get involved in invest yo,1
5242,Company final make cut first may interesting weight present account foot cut level #Bitcoin,company final make cut first may interesting weight present account foot cut level,1
3126,RT @BonusBit: The site is back on now...thanks for your patience :) https://t.co/OsP01AKkfR,the site is back on nowthanks for your patience,1
855,"RT @SubstratumNet: #SubstratumNode 0.2.0 Beta Testing Tutorial. Slightly different than the previous overview, this shows Beta testers how…",020 beta testing tutorial slightly different than the previous overview this shows beta testers how,0
1270,"RT @CoinsAirdrops: #Bitcoin #Satoshi #Earn_Money #cryptocurrency #blockchain #Airdrop
New #Airdrop 📢  ### Exclusive #LETBET  ###

#LetBet d…",new exclusive d,1
5123,RT @btcbreakingnews: 80000 EU-based Merchants Can Now Accept Bitcoin and 50 Other Cryptocurrencies https://t.co/c3QK9Ca4A2 #news #bitcoin h…,80000 eubased merchants can now accept bitcoin and 50 other cryptocurrencies h,0
3691,"Current Bitcoin Rate in USD : 8,489.0813 Check other Currencies: https://t.co/KqQpwIzXrs #BitsRate #BTC #Bitcoins",current bitcoin rate in usd 84890813 check other currencies,0
3056,RT @adrjeffries: I wrote about Mt. Gox's extremely weird bankruptcy: https://t.co/oH3FS2fNKG,i wrote about mt goxs extremely weird bankruptcy,0
4950,"Tom Lee Predicts Bitcoin To Reach $91,000 by March 2020, Based On Performances After Past Dips https://t.co/LTRorh0do9 via @Cointelegraph",tom lee predicts bitcoin to reach 91000 by march 2020 based on performances after past dips via,0
2452,"Brilliant Ditty, @tac_token 
So.... should Bitcoin stay or should it go?  https://t.co/gySD4DYkC6",brilliant ditty so should bitcoin stay or should it go,1
176,"Name: Everex
Symbol: EVX
24 hour change: -9.3%
Price: 1.25185
Rank: 285
Total Supply: 25000000.0
Volume: 2574610.0… https://t.co/WlyqpVifi1",name everex symbol evx 24 hour change 93 price 125185 rank 285 total supply 250000000 volume 25746100,0
4621,Hey dude fuck you and your bitcoin investment opportunity. Acting like I ain’t ever heard of coinbase or others,hey dude fuck you and your bitcoin investment opportunity acting like i aint ever heard of coinbase or others,0
3934,Bitcoin vs Litecoin: G20 reassurances means much for Litecoin https://t.co/Jh1hQQzDLy,bitcoin vs litecoin g20 reassurances means much for litecoin,1
2405,"https://t.co/rki7PPm5b5 ""Learn How to Trade #Bitcoin and #Ethereum on our new Advanced Platform. Webinar starting i… https://t.co/ZoQ9DJk8zR",learn how to trade and on our new advanced platform webinar starting i,1
415,Very bullish for crypto currencies. This is very much along our thesis #bitcoin #btc #BitcoinCash #ethereum… https://t.co/89UekjOfFE,very bullish for crypto currencies this is very much along our thesis,1
4150,"Get your first free bitcoins now! Try it and earn it : https://t.co/X8a94By2d3 #bitcoin #btc March 23, 2018 at 02:00AM",get your first free bitcoins now try it and earn it march 23 2018 at 0200am,1
3486,RT @joecozart: Dorsey Sees Bitcoin Becoming World’s Single Currency https://t.co/tR5Lqll9jK via @YahooFinance,dorsey sees bitcoin becoming worlds single currency via,1
5572,"@evolution128108 Bitcoin BTG(OFFICIAL) (Bitcoin-Gold) a become popular and becoming extra expensive, but You still… https://t.co/KGF8GbWg9Z",bitcoin btgofficial bitcoingold a become popular and becoming extra expensive but you still,1
4852,"FREE $10 USD of Bitcoin w/ Coinbase (BTC, BCH, ETH, &amp; LTC) US Seller https://t.co/Unt3Kn5hA4 https://t.co/8BCPJG7lMu",free 10 usd of bitcoin w coinbase btc bch eth ltc us seller,1
847,Lightning Network is the Future of Bitcoin - https://t.co/sHByHF4Vz0 - Generate Bitcoin. Take your free Bitcoin,lightning network is the future of bitcoin generate bitcoin take your free bitcoin,1
5553,"RT @Bitcoin: Lightning Network was deployed on the BTC mainnet to much fanfare, but it doesn't seem to have had any impact on usage. https:…",lightning network was deployed on the btc mainnet to much fanfare but it doesnt seem to have had any impact on usage,1
644,Twitter and Square founder Dorsey believes Bitcoin will become the world's 'single currency'… https://t.co/NxlzIeQ7Mi,twitter and square founder dorsey believes bitcoin will become the worlds single currency,0
2371,PAID POST: Why Bitcoin is a big deal for small businesses https://t.co/doL65BPisj via @techcrunch,paid post why bitcoin is a big deal for small businesses via,0
5654,A great talk by @emilolden on colored coins on Bitcoin Cash at @Satoshis_Vision. @Blockchair will definitely suppor… https://t.co/08lV1x2C3U,a great talk by on colored coins on bitcoin cash at will definitely suppor,1
5311,"RT @THUGCOIN: Our official @THUGCOIN Twitter #Airdrop ROUND 3 just closed! Thanks to all participants for joining our badass #Airdrop. 

Yo…",our official twitter round 3 just closed thanks to all participants for joining our badass yo,0
2775,RT @Melt_Dem: so excited for the @PaycaseFin team to finally launch their partnership with @TMXGroup and @BMO to bring #bitcoin and #ethere…,so excited for the team to finally launch their partnership with and to bring and,1
130,"@Nukim88 Bitcoin Gold (Bitcoin Gold) go gaining popularity ^&amp;^ attractive extra expensive, but You still donТt own… https://t.co/B5VxOTNycM",bitcoin gold bitcoin gold go gaining popularity attractive extra expensive but you still dont own,1
5669,"Mining 101: How To Use NiceHash To Earn Bitcoin
Welcome back to a series of guides on cryptocurrency and mining! In… https://t.co/lG5VouOH4O",mining 101 how to use nicehash to earn bitcoin welcome back to a series of guides on cryptocurrency and mining in,1
1930,"Name: COSS
Symbol: COSS
24 hour change: -11.1%
Price: 0.246201
Rank: 336
Total Supply: 104000000.0
Volume: 1013810.… https://t.co/wZtCpWcClG",name coss symbol coss 24 hour change 111 price 0246201 rank 336 total supply 1040000000 volume 1013810,0
2493,Ellen DeGeneres explain what a Bitcoin is..It could not be more interesting .!!👌 https://t.co/tv5EWiZOas,ellen degeneres explain what a bitcoin isit could not be more interesting,1
4010,Wences Cesares shows a profound understanding of the essence of Bitcoin:  interview https://t.co/u6LwvFXdWS… https://t.co/4N6kwl2iDS,wences cesares shows a profound understanding of the essence of bitcoin interview,1
5719,"BTC: Got your tickets? Liftoff in 5, 4, 3.... 2, 1. LONG https://t.co/iYSU7hetx8 $btcusd #bitcoin trade at Bitmex:… https://t.co/VBflxtWGwU",btc got your tickets liftoff in 5 4 3 2 1 long btcusd trade at bitmex,0
57,Bitcoin Falls on Fears of Regulatory Trouble for Big Crypto Exchange https://t.co/M1zmJHqKRP https://t.co/x8jZGaprHn,bitcoin falls on fears of regulatory trouble for big crypto exchange,0
5797,"@mindstatex @G4lli33 @mulimac @Bitcoin Hmm interesting. I though Bitcon Cash was all about sticking to ""Satoshi's o… https://t.co/7nT43DdjnN",hmm interesting i though bitcon cash was all about sticking to satoshis o,1
5645,"RT @DocumentTailor: DocTailor's #PreICO has started! JOIN NOW!

Learn more about the self customisable legal #smartcontract platform by wat…",doctailors has started join now learn more about the self customisable legal platform by wat,1
1267,"@coinpricenow Bitcoin -Gold (Bitcoin-Gold) is becomes best news ^&amp;^ fitting new expensive, simply You still donТt o… https://t.co/HbKMeqg2wB",bitcoin gold bitcoingold is becomes best news fitting new expensive simply you still dont o,1
1944,"@PinoyGameStore Bitcoin Gold (BTG) and become popular &amp; right extra expensive, marely Your still donТt hold it? You… https://t.co/LSLGQ9W0KE",bitcoin gold btg and become popular right extra expensive marely your still dont hold it you,1
3753,2.6 - U.S. now has a record of more than 11 million millionaire households.  wizzurd #bitcoin…  https://t.co/kAvbOhh2fE,26 us now has a record of more than 11 million millionaire households wizzurd,1
1978,"Who are we, and how do we relate to each other? Luciano Floridi, o https://t.co/FYMerNpyov #Cybersecurity #Bitcoin https://t.co/7IMmBW6npW",who are we and how do we relate to each other luciano floridi o,0
3681,"@coinpricenow Bitcoin BTG (Bitcoin Gold) a becomes popular &amp; becoming added expensive, but Your still donТt hold it… https://t.co/iItjSLou6k",bitcoin btg bitcoin gold a becomes popular becoming added expensive but your still dont hold it,1
4053,"@coin_chart Bitcoin BTG(OFFICIAL) (BTG) a becomes best news and right added expensive, but You still donТt hold it?… https://t.co/P39jDkS4lf",bitcoin btgofficial btg a becomes best news and right added expensive but you still dont hold it,1
4412,"Binance is not Shutting Down In Japan. Clearing the FUD — #Steemit 
#bitcoin #ethereum #eos #ripple #litecoin #bcc… https://t.co/TPTy95mNXU",binance is not shutting down in japan clearing the fud,0
4092,"@inF1side Bitcoin Gold (Bitcoin-Gold) a become popular also right other expensive, but Your still donТt hold it? Yo… https://t.co/uheNu2W2V2",bitcoin gold bitcoingold a become popular also right other expensive but your still dont hold it yo,1
4075,"RT @ahmedjr_16: 13 Best #CryptoCurrency Investment Courses for #Business

https://t.co/R4HKjocEhY 

#CryptoCurrencies #Blockchain #Etherum…",13 best investment courses for,1
3272,"Peculium Secret challenge offers a million dollar reward to whoever find it out!

Check out the secret challenge te… https://t.co/18wMNb9vyU",peculium secret challenge offers a million dollar reward to whoever find it out check out the secret challenge te,0
1416,"https://t.co/I50aRwnbgx - Free faucet, lottery, dice bitcoin. Earn bitcoins every day. https://t.co/l6ISYTmH0I",free faucet lottery dice bitcoin earn bitcoins every day,1
4834,"RT @GroveMinting: $GBTC is now trading today at a 35% premium, the lowest in recent times. One share = 0.001 $BTC. Time to double down? #bi…",gbtc is now trading today at a 35 premium the lowest in recent times one share 0001 btc time to double down,0
1979,RT @GymRewards: Ready for #GYMBase? https://t.co/ZOd85qqWK3 #ICO . Part of GYM Rewards #cryptocurrency solution with a #mobile #app for #mi…,ready for part of gym rewards solution with a for,1
4672,Trump’s New Economic Adviser Hints at Friendly Tax Policy for Crypto Investors #bitcoin .. https://t.co/z3iY4GN5Ri,trumps new economic adviser hints at friendly tax policy for crypto investors,1
4774,Who are the talented people behind #Essentia? Check out their LinkedIn profiles. https://t.co/B7EBEIsh3S #Crypto… https://t.co/zvhf4TOwQC,who are the talented people behind check out their linkedin profiles,1
5211,Hi! I'm using free app for BTC Mining. Try it to get free bitcoin https://t.co/tSHMlpqsiG. Here is my Mining Pool I… https://t.co/bTQloJtWbZ,hi im using free app for btc mining try it to get free bitcoin here is my mining pool i,1
4552,[NEW POST]: How will FeD decision impact the Gold and Bitcoin? + https://t.co/myRwSBSojX #cryptocurrency #crypto,new post how will fed decision impact the gold and bitcoin,1
3736,"RT @RealAirdrop: NEW #AIRDROP 📢

#VentCoin airdropping 10 $VENT worth of 10$ By Signing Up Here.

➡ https://t.co/sz9Pm09RjK 🚀

GET 10 $VENT…",new airdropping 10 vent worth of 10 by signing up here get 10 vent,1
4159,Bitcoin Loses $9k Support After Binance Confusion Shakes Confidence: Information Bitcoin… https://t.co/J3vHjL0Biz,bitcoin loses 9k support after binance confusion shakes confidence information bitcoin,0
4921,Bitcoin heading back down.  \u2026 $BTCUSD https://t.co/CXbIvztYvq,bitcoin heading back down u2026 btcusd,0
2769,"RT @aminur233: Free bitcoin, litecoin ......
https://t.co/UMmXXBSGVS
https://t.co/xgiqt7xvV7
https://t.co/sSufSUivW5
https://t.co/dSE3HmLT4…",free bitcoin litecoin,1
1219,(EU leaders agree Russia 'highly likely' to blame) has been published on Free Forex Signals - Forex/ Bitcoin Signal… https://t.co/x4EXGsOMHM,eu leaders agree russia highly likely to blame has been published on free forex signals forex bitcoin signal,1
1932,Where Could Bitcoin Succeed as a Currency? In a Failed State [0.10]: https://t.co/8rBan9hoT6 https://t.co/ws5eqL02c1,where could bitcoin succeed as a currency in a failed state 010,0
2508,RT @JuanLlanos: We always knew the emergence of #blockchain would give rise to a new era in geopolitics https://t.co/cmqhX2YvCM #Bitcoin #c…,we always knew the emergence of would give rise to a new era in geopolitics,1
1102,"#MarketAlert (Last 24h):
Top 100 price change: -9.2% (avg)
96 of the top 100 coins declining
@bitcoin: -6.6% $BTC https://t.co/PXhB1btQHo",last 24h top 100 price change 92 avg 96 of the top 100 coins declining 66 btc,1
968,"Name: Bodhi
Symbol: BOT
24 hour change: -5.02%
Price: 0.347808
Rank: 362
Total Supply: 100000000.0
Volume: 1235000.… https://t.co/rZIDXt8ChE",name bodhi symbol bot 24 hour change 502 price 0347808 rank 362 total supply 1000000000 volume 1235000,0
3236,You believe it or not?              Jack Dorsey expects bitcoin to become the world's 'single currency' in about 10… https://t.co/oG7WFTfLSn,you believe it or not jack dorsey expects bitcoin to become the worlds single currency in about 10,0
5692,"RT @bethereumteam: To understand how conventional betting is increasingly depriving people of their money, we must first find out how bookm…",to understand how conventional betting is increasingly depriving people of their money we must first find out how bookm,1
5106,@zebpay TCC (The Champ Coin) first and best Indian crypto currency who became next bitcoin,tcc the ch coin first and best indian crypto currency who became next bitcoin,1
4845,"I wish this were the case today.....
At this rate I would need a lottery win to build a profitable mining rig!
#BTC… https://t.co/cHWfdY2iCe",i wish this were the case today at this rate i would need a lottery win to build a profitable mining rig,1
3033,"UK will look in to the risks of cryptocurencies more carefuly  
https://t.co/SxixfW8SDU
#Crypto #cryptocurrency… https://t.co/qFzM0WZZaC",uk will look in to the risks of cryptocurencies more carefuly,1
710,"Grab your F.ree bitcoins here :) legit sites for coins
https://t.co/cOj3zCk4hf  #bitcoin #free #litecoin… https://t.co/3bP8wW8kSV",grab your free bitcoins here legit sites for coins,1
131,RT @XOVercoin: We can’t disagree with this. Bitcoin is extremely volatile. Where will you Bank the profits or losses? https://t.co/TbguokKC…,we cant disagree with this bitcoin is extremely volatile where will you bank the profits or losses,0
2837,"Name: Metaverse ETP
Symbol: ETP
24 hour change: -12.61%
Price: 0.887202
Rank: 219
Total Supply: 57379809.0
Volume:… https://t.co/cvjnxpnUNE",name metaverse etp symbol etp 24 hour change 1261 price 0887202 rank 219 total supply 573798090 volume,0
5389,New post (Jamie Dimon: ‘Governments Will Crash Bitcoin’) has been published on Bitcoin Guide Online https://t.co/tAPUYM0MGQ,new post jamie dimon governments will crash bitcoin has been published on bitcoin guide online,1
151,"In particular, every full node watches every other full node (including watching the miners).  Robots in green eyes… https://t.co/zhvZWpCCEp",in particular every full node watches every other full node including watching the miners robots in green eyes,1
4333,RT @taidi_ji: @NTmoney Bitcoin and Ethereum are in 2 different situations. Ethereum was built on the promise of smart contracts and therefo…,bitcoin and ethereum are in 2 different situations ethereum was built on the promise of smart contracts and therefo,1
4635,RT @Ashe_Oro: Why is #EOS rallying? Probably because it's the most undervalued token on the market. https://t.co/2UbtrzndMu #bitshares #ste…,why is rallying probably because its the most undervalued token on the market,1
5236,"Name: NuBits
Symbol: USNBT
24 hour change: -14.76%
Price: 0.690272
Rank: 484
Total Supply: 70359638.0
Volume: 55442… https://t.co/kKGMUHiTWH",name nubits symbol usnbt 24 hour change 1476 price 0690272 rank 484 total supply 703596380 volume 55442,0
1386,"RT @vhenialmis: Already more than 2.600 members are part of #XATRA community!, thank you.  #XTR #ICO #XATRA #Blockchain #Coin # BTC # Bitco…",already more than 2600 members are part of community thank you btc bitco,1
5156,"""Dutch #court judgement explicitly states that #Bitcoin demonstrates all the characteristics of a “#property right”… https://t.co/jMAfnlviPW",dutch judgement explicitly states that demonstrates all the characteristics of a right,1
3344,@crypto__legend @btc @btcusd @ltc @ETH Bitcoin -Gold (Bitcoin Gold) go gaining popularity &amp; attractive extra expens… https://t.co/v85rueSp7t,bitcoin gold bitcoin gold go gaining popularity attractive extra expens,1
1194,"@mitchellvii @CindiRight Brilliant Trump move, all tech stocks are down. That's the warning shot across their bow.… https://t.co/CpxBAGW8CA",brilliant trump move all tech stocks are down thats the warning shot across their bow,1
1084,"""As the hosting of child abuse imagery is deemed illegal in virtually every country, it is evident the Bitcoin bloc… https://t.co/8q2nOcUZAt",as the hosting of child abuse imagery is deemed illegal in virtually every country it is evident the bitcoin bloc,0
4872,"BTC fell to $8,396 (a new 24h low)

#bitcoin #btc #blockchain #crypto #signals #cryptocurrency https://t.co/SGUCse7pwM",btc fell to 8396 a new 24h low,1
4590,RT @s_loumakis: @bitstein Aside from the fact that very few in the big picture actually have enough $btc to spend it. It takes everything p…,aside from the fact that very few in the big picture actually have enough btc to spend it it takes everything p,0
1934,"FINANCIAL INDICATORS:

$ trading at R11.8465

£ trading at R16.7185

€ trading at R14.6108

A Bitcoin costs R103420.00

Brent Crude $68.91",financial indicators trading at r118465 trading at r167185 trading at r146108 a bitcoin costs r10342000 brent crude 6891,0
2454,RT @jenthornt: Yesterday @BBCNews ran a story on links to child sexual abuse imagery on Bitcoin's blockchain. Read my blog to find out how…,yesterday ran a story on links to child sexual abuse imagery on bitcoins blockchain read my blog to find out how,1
5105,BTC isn't going https://t.co/hGtMIZ1qyZ will reign its supremacy in due time. https://t.co/9kdyfwWiFJ,btc isnt going will reign its supremacy in due time,0
270,"RT @RichardHeartWin: Most people are probably unhappy that when #Bitcoin went and retested the daily 200 Moving average yesterday, we bounc…",most people are probably unhappy that when went and retested the daily 200 moving average yesterday we bounc,0
2116,"RT @leylaseker101: 20⚽
Get 100 BTM worth $32!!! It is on coinmarketcap!!!
Please write mcan57 to the refered username
https://t.co/PSNYBdWZ…",20 get 100 btm worth 32 it is on coinmarketcap please write mcan57 to the refered username,1
3569,Twitter CEO Jack Dorsey Predicts Bitcoin Will Become the World’s ‘Single... #altcoins #altcoin #fintech… https://t.co/ynhxDHrW4v,twitter ceo jack dorsey predicts bitcoin will become the worlds single,0
5080,"RT @unicornhub_au: @zilliqa Here is my submission for the #zilliqacontest .  Winning the contest or not, I hope my effort could be little h…",here is my submission for the winning the contest or not i hope my effort could be little h,1
1295,"Name: SportyCo
Symbol: SPF
24 hour change: -6.57%
Price: 0.16682
Rank: 458
Total Supply: 70673454.0
Volume: 1811620… https://t.co/6lJ36wXoIF",name sportyco symbol spf 24 hour change 657 price 016682 rank 458 total supply 706734540 volume 1811620,0
232,"@GetCoinJar @boostjuiceoz Watermelon, pineapple and strawberries. Sometimes sweet then sour which is how Bitcoin markets are.",watermelon pineapple and strawberries sometimes sweet then sour which is how bitcoin markets are,1
4885,"RT @ProfesorCrypto: Dear noobs, 
     Bitcoin is NOT naturally going down. It is being pushed down via whales placing spoofy sell orders on…",dear noobs bitcoin is not naturally going down it is being pushed down via whales placing spoofy sell orders on,0
1034,"Name: Santiment Network Token
Symbol: SAN
24 hour change: -14.09%
Price: 1.23162
Rank: 128
Total Supply: 83337000.0… https://t.co/PjOzLwmp2J",name santiment network token symbol san 24 hour change 1409 price 123162 rank 128 total supply 833370000,0
3618,Latest #Thrive list on @Coinhills !!  #ICO #Blockchain #AdMarketplace #Decentralized #Ethereum… https://t.co/GIdxpGZlnB,latest list on,1
711,#Crypto Monthly Web Traffic for Major Bitcoin Exchanges Falls by Half - https://t.co/UqlYHccS95,monthly web traffic for major bitcoin exchanges falls by half,0
3565,"Name: Modum
Symbol: MOD
24 hour change: -10.66%
Price: 2.2601
Rank: 192
Total Supply: 27266200.0
Volume: 1832640.0… https://t.co/DcPLU8CxOL",name modum symbol mod 24 hour change 1066 price 22601 rank 192 total supply 272662000 volume 18326400,0
2138,"just spoke to my old friend @kasimreed, who tells me he would have blocked the ransomware. https://t.co/ophIbUD0uS",just spoke to my old friend who tells me he would have blocked the ransomware,1
4927,#ADA Price is 0.00002264 (+0.00000029) #BTC / 0.19208 (+0.00442) #USD. Market rank is 6. #cardano #bitcoin #blockchain,price is 000002264 000000029 019208 000442 market rank is 6,0
771,"#bitcoin Morning Brief with Tone Vays - Ledger, Snapchat on ICO, Latest Mining &amp; Segwit https://t.co/nG1wMeYW5w",morning brief with tone vays ledger snapchat on ico latest mining segwit,1
2838,"RT @mikerelentless: BitcoinCash will prove to the world that all transactions can fit on the Bitcoin Mainnet.

Lightning channels are NOT n…",bitcoincash will prove to the world that all transactions can fit on the bitcoin mainnet lightning channels are not n,1
559,"RT @BrowsersLab: Efficient time allocation = Progress.

It's simple, yet hardly done.

@BrowsersLab allows you to automate so you can solve…",efficient time allocation progress its simple yet hardly done allows you to automate so you can solve,0
3677,"Name: Arcblock
Symbol: ABT
24 hour change: -12.32%
Price: 0.686102
Rank: 143
Total Supply: 186000000.0
Volume: 4640… https://t.co/CbcxOzraJK",name arcblock symbol abt 24 hour change 1232 price 0686102 rank 143 total supply 1860000000 volume 4640,0
2174,"""A team of European researchers allegedly discovered a bug in the company’s software last December that allowed use… https://t.co/i8mNYZD5pI",a team of european researchers allegedly discovered a bug in the companys software last december that allowed use,0
4903,"RT @thenib: Tired of your cash making TOO much sense and not wildly fluctuating in value? There's finally a harder way, with Bitcoin! https…",tired of your cash making too much sense and not wildly fluctuating in value theres finally a harder way with bitcoin,0
4243,"@hashraider1337 Bitcoin -Gold (BTG) go becomes popularity also seemly new expensive, but You still donТt hold it? Y… https://t.co/joSIKwLHSw",bitcoin gold btg go becomes popularity also seemly new expensive but you still dont hold it y,0
2416,"Name: Steem Dollars
Symbol: SBD
24 hour change: -9.94%
Price: 2.07989
Rank: 266
Total Supply: 10951082.0
Volume: 26… https://t.co/ASdsx5luXA",name steem dollars symbol sbd 24 hour change 994 price 207989 rank 266 total supply 109510820 volume 26,0
298,#ADA Price is 0.00002297 (-0.00000011) #BTC / 0.199412 (-0.00104) #USD. Market rank is 6. #cardano #bitcoin #blockchain,price is 000002297 000000011 0199412 000104 market rank is 6,0
3810,RT @WHardingKY: Alphacat’s AI Robots Usher In A New Era Of Cryptocurrency Trading https://t.co/ICmrXzAJlx #bitcoin #ethereum #blockchain #i…,alphacats ai robots usher in a new era of cryptocurrency trading,1
894,#bitcoin Exchange OKEx just listed CUBE — the coin based on autonomous car network security https://t.co/5YxKOPlwhX https://t.co/bNKrVenhyp,exchange okex just listed cube the coin based on autonomous car network security,1
1959,why dont care about bitcoin can i just broke it ill fix it tomorrow i think,why dont care about bitcoin can i just broke it ill fix it tomorrow i think,0
515,"Join our pump group for fast bitcoin

https://t.co/NUetyS3VO9

$ETH $XMR $RDN $ENJ $WAVES $NCASH $BRD $GAS $TNT… https://t.co/WtjgDS6Qmm",join our pump group for fast bitcoin eth xmr rdn enj waves ncash brd gas tnt,1
2761,"RT @PolNewsupdates: But Bitcoin, Bitcoin Cash, Monero, Zcash, or Litecoin. First they came for WikiLeaks. Then they came for guns. Next the…",but bitcoin bitcoin cash monero zcash or litecoin first they came for wikileaks then they came for guns next the,1
3005,"Install CryptoTab and mine Bitcoin! https://t.co/PZkWg4fhpD
FREE BTC",install cryptotab and mine bitcoin free btc,1
3487,"RT @Ney92965371: RT @RamenCoin2018: The OFFICIAL @RamenCoin2018 Twitter #Airdrop ROUND 1 is LIVE!

Receive 500… https://t.co/8x7j4FAj5R",the official twitter round 1 is live receive 500,0
4469,Superboy 134 (DC 1966) Krypto’s first Romance https://t.co/jzqyPx2omP https://t.co/ZiLb6MMeZZ,superboy 134 dc 1966 kryptos first romance,1
1675,"@coin_chart Bitcoin -Gold (Bitcoin-Gold) is becomes best news ^&amp;^ right added expensive, only You still donТt own i… https://t.co/Lvg6poh0yb",bitcoin gold bitcoingold is becomes best news right added expensive only you still dont own i,1
5154,"@RamenCoin2018 Here's the Chance to get the interesting #RamenCoin. 

https://t.co/alMdEolNpZ

#RamenCoin $RAMEN… https://t.co/87ysJICFBh",heres the chance to get the interesting ramen,1
2856,"The future belongs to those who prepare for it today ~ Malcom X
.
.
Have a wonderful friday everyone.
#bitcoin… https://t.co/eNYphQb8zO",the future belongs to those who prepare for it today malcom x have a wonderful friday everyone,1
3426,"Name: Wings
Symbol: WINGS
24 hour change: -8.22%
Price: 0.458332
Rank: 188
Total Supply: 100000000.0
Volume: 183987… https://t.co/3i7ioMEv2H",name wings symbol wings 24 hour change 822 price 0458332 rank 188 total supply 1000000000 volume 183987,0
1506,#ADA Price is 0.00002272 (-0.00000007) #BTC / 0.190783 (-0.00175) #USD. Market rank is 6. #cardano #bitcoin #blockchain,price is 000002272 000000007 0190783 000175 market rank is 6,0
3365,"Bitgrail to Refund Hack Victims with Newly Created BGS Tokens https://t.co/zYZHAAS3vu 
#newsoftheweek #Bitcoin… https://t.co/QD4YG2d71L",bitgrail to refund hack victims with newly created bgs tokens,1
455,"[06:40] #Leeuwarden #StartMiner, #free #BitCoin #Mining without beeing even #online. Try it completly for free. https://t.co/hEEbMo31jB",0640 without beeing even try it completly for free,1
1269,"RT @QtumOfficial: ""The #Vevue team is developing an advanced video distribution channel, and with #Qtum being the only truly decentralized…",the team is developing an advanced video distribution channel and with being the only truly decentralized,1
1720,"Name: Triggers
Symbol: TRIG
24 hour change: -13.41%
Price: 0.873026
Rank: 243
Total Supply: 32105578.0
Volume: 4121… https://t.co/FV4BLMJf6w",name triggers symbol trig 24 hour change 1341 price 0873026 rank 243 total supply 321055780 volume 4121,0
514,RT @AltcoinsTalks: #BitSchool #Airdrop &gt;&gt; https://t.co/LWopDoEOdI   Follow &amp; Retweet to win 1000 BSCH /10 winners #BSCH #cryptocurrency #IC…,gtgt follow retweet to win 1000 bsch 10 winners,1
4736,"During the past year, a number of lawmakers, international government officials and venture capital moguls have pla… https://t.co/XTZ8zKcgdD",during the past year a number of lawmakers international government officials and venture capital moguls have pla,0
5697,#skyfchain  The project has many progressive ideas and new solutions in the field of communications and technology.… https://t.co/z1qxOq6ch9,the project has many progressive ideas and new solutions in the field of communications and technology,1
2212,"RT @ThirstyRobot: If @rowdy__reggie ever made major $$ from wrestling, he seems like the kinda guy who’d lose it all with a terrible invest…",if ever made major from wrestling he seems like the kinda guy whod lose it all with a terrible invest,0
1366,"Name: Edgeless
Symbol: EDG
24 hour change: -6.11%
Price: 0.746685
Rank: 145
Total Supply: 132046997.0
Volume: 10478… https://t.co/N9svFsPViK",name edgeless symbol edg 24 hour change 611 price 0746685 rank 145 total supply 1320469970 volume 10478,0
5476,The latest The Darren Culbreath Daily! https://t.co/2NStPYJRL1 Thanks to @ohiobitcoin @DorindaWalker @Ken_Lear #bitcoin #marketing,the latest the darren culbreath daily thanks to,1
2873,I strongly support your decision if you join here because joining on a highly trusted platform is one guarantee of… https://t.co/42ImcAN7rL,i strongly support your decision if you join here because joining on a highly trusted platform is one guarantee of,1
660,"Name: Aeron
Symbol: ARN
24 hour change: -12.52%
Price: 1.24259
Rank: 333
Total Supply: 20000000.0
Volume: 1151170.0… https://t.co/AN8N9wjSLc",name aeron symbol arn 24 hour change 1252 price 124259 rank 333 total supply 200000000 volume 11511700,0
1093,"BTC fell to $8,364 (a new 24h low)

#bitcoin #btc #blockchain #crypto #signals #cryptocurrency https://t.co/iO607fW79h",btc fell to 8364 a new 24h low,1
3580,"Name: Blocktix
Symbol: TIX
24 hour change: -12.88%
Price: 0.338204
Rank: 367
Total Supply: 62500000.0
Volume: 10936… https://t.co/Pl5iUBBK7N",name blocktix symbol tix 24 hour change 1288 price 0338204 rank 367 total supply 625000000 volume 10936,0
893,WSJ: SEC To Examine Up To 100 Crypto-Related Hedge Funds by Cointelegraph By Aaron Wood #cointelegraph… https://t.co/OVcQ4SdKRk,wsj sec to examine up to 100 cryptorelated hedge funds by cointelegraph by aaron wood,0
627,"I am only an amateur when it comes to crypto, but today I upgraded my wallet’s firmware and moved all my #bitcoin t… https://t.co/oZw2rTMhxL",i am only an amateur when it comes to crypto but today i upgraded my wallets firmware and moved all my t,0
1833,"I hate to say I told you so, but well, I told you so. Everyone thought we’d be on the moon by now with all these fr… https://t.co/oZzNOFburu",i hate to say i told you so but well i told you so everyone thought wed be on the moon by now with all these fr,0
633,"RT @nwoodfine: 1/ A paraphrased response to someone asking what I think is wrong with the level of understanding of bitcoin, blockchain and…",1 a paraphrased response to someone asking what i think is wrong with the level of understanding of bitcoin blockchain and,0
3575,It’s all about timing🕖 It’s really not difficult if you just study the blockchain and why and when the price fluctu… https://t.co/U3kUEgagcg,its all about timing its really not difficult if you just study the blockchain and why and when the price fluctu,1
53,@Cecalli_Helper @WS2X12 @zerohedge Bitcoin and most other crypto are not private. Every transaction is recorded for… https://t.co/L6WmALub32,bitcoin and most other crypto are not private every transaction is recorded for,1
4094,#ADA Price is 0.00002263 (+0.00000004) #BTC / 0.189696 (+0.00029) #USD. Market rank is 6. #cardano #bitcoin #blockchain,price is 000002263 000000004 0189696 000029 market rank is 6,0
5426,"Name: COSS
Symbol: COSS
24 hour change: -9.92%
Price: 0.247701
Rank: 334
Total Supply: 104000000.0
Volume: 1042150.… https://t.co/IU0WTDZsiQ",name coss symbol coss 24 hour change 992 price 0247701 rank 334 total supply 1040000000 volume 1042150,0
3566,so great https://t.co/KXDpCQj6rh,so great,1
544,New York Power Companies Can Now Raise Rates for Bitcoin Miners #bitcoin .. https://t.co/XJEtE4gQS3,new york power companies can now raise rates for bitcoin miners,1
2567,"Jack Dorsey: Bitcoin will be the world’s single currency by the year of 2028.

Also Jack Dorsey: Twitter will ban a… https://t.co/UmGqwdjEPW",jack dorsey bitcoin will be the worlds single currency by the year of 2028 also jack dorsey twitter will ban a,0
4477,"Name: CRYPTO20
Symbol: C20
24 hour change: -7.62%
Price: 1.29785
Rank: 166
Total Supply: 40656082.0
Volume: 2556690… https://t.co/pAsWZRd4Ez",name crypto20 symbol c20 24 hour change 762 price 129785 rank 166 total supply 406560820 volume 2556690,0
3216,"#Bitcoin: 8417 USD 0.15 %
#Bitcoin 24h price high: 9046 USD
#Bitcoin all time high: 19666 USD
#BTC #ethereum #ETH… https://t.co/20sLfmptf0",8417 usd 015 24h price high 9046 usd all time high 19666 usd,1
3503,@dildoslappins Smart man. I doubt very seriously that mike pence’s economy will differ much from Trumps I’d buy in… https://t.co/JDmqxyrzWf,smart man i doubt very seriously that mike pences economy will differ much from trumps id buy in,0
314,"#Binance $MTL $BTC 

 EMA20/EMA50 Golden Cross occured at 1-Day timeframe. 

 Current Price: 0.0004764

 #bitcoin… https://t.co/8F6N86k7pX",mtl btc ema20ema50 golden cross occured at 1day timeframe current price 00004764,1
3208,"@_Kevin_Pham @prestonjbyrne No you're thinking of the kumbaya-coin. 

Bitcoin's for arguing about pointless things… https://t.co/07j1yhQZbF",no youre thinking of the kumbayacoin bitcoins for arguing about pointless things,0
36,"""Brief explainer for beginners: the different implementations of the Lightning Network (and what does it mean it's… https://t.co/765QGzd8Bz",brief explainer for beginners the different implementations of the lightning network and what does it mean its,0
3962,"Name: EZToken
Symbol: EZT
24 hour change: -6.53%
Price: 0.92292
Rank: 415
Total Supply: 50000000.0
Volume: 1135300.… https://t.co/DAy4d3wALQ",name eztoken symbol ezt 24 hour change 653 price 092292 rank 415 total supply 500000000 volume 1135300,0
1216,"@WalletInvestor Bitcoin Gold (Bitcoin-Gold) do  gaining popularity &amp; right added expensive, but You still donТt hol… https://t.co/3rp2F2IohP",bitcoin gold bitcoingold do gaining popularity right added expensive but you still dont hol,0
199,"Name: Metaverse ETP
Symbol: ETP
24 hour change: -12.2%
Price: 0.892235
Rank: 218
Total Supply: 57379435.0
Volume: 1… https://t.co/Nf3src0PLw",name metaverse etp symbol etp 24 hour change 122 price 0892235 rank 218 total supply 573794350 volume 1,0
5573,Bitcoin latest: UK government announces 'crypto task force' to guard against dangers of - https://t.co/4uBtKZ0M1u,bitcoin latest uk government announces crypto task force to guard against dangers of,1
2451,"Y Korea?
Bitcoin
N Separated geopolitical situation 
Easier to make outrage. But two Korean leaders are not silly. https://t.co/tLVG9Vxysm",y korea bitcoin n separated geopolitical situation easier to make outrage but two korean leaders are not silly,1
3327,#ADA Price is 0.00002259 (+0.00000004) #BTC / 0.189401 (-0.00015) #USD. Market rank is 6. #cardano #bitcoin #blockchain,price is 000002259 000000004 0189401 000015 market rank is 6,0
2793,"@scotlarock727 Bitcoin Gold (Bitcoin-Gold) do  becomes best news also attractive more expensive, just You still don… https://t.co/lauFRoqGYM",bitcoin gold bitcoingold do becomes best news also attractive more expensive just you still don,1
3427,"Name: Mercury
Symbol: MER
24 hour change: -10.46%
Price: 0.199694
Rank: 290
Total Supply: 100000000.0
Volume: 13425… https://t.co/KVqP4nu46R",name mercury symbol mer 24 hour change 1046 price 0199694 rank 290 total supply 1000000000 volume 13425,0
3273,"Name: Mercury
Symbol: MER
24 hour change: -9.3%
Price: 0.203466
Rank: 294
Total Supply: 100000000.0
Volume: 1320870… https://t.co/gM3ZZZRPQ9",name mercury symbol mer 24 hour change 93 price 0203466 rank 294 total supply 1000000000 volume 1320870,0
3667,"RT @PhotoCoin_io: WoW 
We just crossed 1000 Followers &amp;1000 comments !! 😀😀😀😀
Thank you all
Love from @PhotoCoin_io
😍""Just Re-Tweet this pos…",wow we just crossed 1000 followers 1000 comments thank you all love from just retweet this pos,1
557,"Get #free bitcoin &amp; Etherium! Signup for Luno, the #1 #crypto exchange. Use my code, HXNW3, when you buy or sell… https://t.co/OIAbK7CXFj",get bitcoin etherium signup for luno the exchange use my code hxnw3 when you buy or sell,1
3083,"Name: Aeron
Symbol: ARN
24 hour change: -12.76%
Price: 1.241
Rank: 333
Total Supply: 20000000.0
Volume: 1168470.0… https://t.co/Ab8qS9N8L0",name aeron symbol arn 24 hour change 1276 price 1241 rank 333 total supply 200000000 volume 11684700,0
3075,"Name: Edgeless
Symbol: EDG
24 hour change: -6.32%
Price: 0.745249
Rank: 146
Total Supply: 132046997.0
Volume: 10253… https://t.co/GyI9i7qUZZ",name edgeless symbol edg 24 hour change 632 price 0745249 rank 146 total supply 1320469970 volume 10253,0
1105,The Atlantis Blue Project Turns to Stellar to Help Restore the Damaged Larimar Trade by https://t.co/Vh1pqtZ2we… https://t.co/d1sHETkNH2,the atlantis blue project turns to stellar to help restore the damaged larimar trade by,1
5588,my future wife jus gave a dude a dry hand job at the thought of bitcoin plummeting meanwhile I'm out this bitch...,my future wife jus gave a dude a dry hand job at the thought of bitcoin plummeting meanwhile im out this bitch,0
2389,"… stratospheric rise in late 2017, bitcoin and other cryptocurrencies have… https://t.co/Zvpdm0FdQ4 @bitcoinkiosk_",stratospheric rise in late 2017 bitcoin and other cryptocurrencies have,0
4325,"$ICX listing on #bithumb is today and not the 25th. Hope there will be some good price action! •
•
#icon #btc #bitcoin #cryptocurrency",icx listing on is today and not the 25th hope there will be some good price action,1
3091,"With less demand and velocity, the dollar will slowly bleed out beginning on 26 March. It’s time for #planB… https://t.co/jJrhiHJRQq",with less demand and velocity the dollar will slowly bleed out beginning on 26 march its time for,0
3164,RT @jackfru1t: Twitter CEO: Bitcoin will be the world’s ‘single currency’ in 10 years https://t.co/r9WFxNEobm via @Verge,twitter ceo bitcoin will be the worlds single currency in 10 years via,0
160,"RT @bit8coin: Pullback Ahead? Bitcoin Hits Stiff Resistance at $9K: The bulls' failure to beat resistance around $9,000 in a convincing man…",pullback ahead bitcoin hits stiff resistance at 9k the bulls failure to beat resistance around 9000 in a convincing man,0
2517,"RT @BTC_Emporium: Come in! NEW: ""To The MOON!🌝 #GymBag Collection"" on https://t.co/M4Hb975luV

And on @openbazaar Peer ID: ob://QmU5ZSKVz2G…",come in new to the moon collection on and on peer id obqmu5zskvz2g,1
587,"@aantonop @farantzos In this blog its referred to as more a tree which makes sense to your theory, rather than a hy… https://t.co/wMrSzELn9z",in this blog its referred to as more a tree which makes sense to your theory rather than a hy,1
4580,"Name: Triggers
Symbol: TRIG
24 hour change: -17.23%
Price: 0.864368
Rank: 241
Total Supply: 32105578.0
Volume: 3975… https://t.co/8rlD7IFe0p",name triggers symbol trig 24 hour change 1723 price 0864368 rank 241 total supply 321055780 volume 3975,0
20,@NASSCOMStartUps Cover Your #Cryptocurrency Exchange Website With More Security and Reliability Through #Blockchain… https://t.co/J6pzKSveUn,cover your exchange website with more security and reliability through,1
5490,BlockChannel:Crypto Collectibles Are Worthless Without a Website https://t.co/xeSyMBOpa7 #Bitcoin https://t.co/zlKgxM8a2S,blockchannelcrypto collectibles are worthless without a website,0
2543,"RT @stanleywaite1: no matter what,

THEY ARE IN TROUBLE !!!

the technology means you can not get rid of the chain, 
so does this mean that…",no matter what they are in trouble the technology means you can not get rid of the chain so does this mean that,0
5485,@ArtPlaie Well the point is you need huge advantage to overcome lindy effect like Bitcoin has over Gold but altcoin… https://t.co/bWKJrFFGDX,well the point is you need huge advantage to overcome lindy effect like bitcoin has over gold but altcoin,1
1302,"@ElixiumCrypto Bitcoin BTG (BTG) go become popularity ^&amp;^ fitting other expensive, only Your still donТt hold it? Y… https://t.co/b4Fp2tQU0y",bitcoin btg btg go become popularity fitting other expensive only your still dont hold it y,0
2412,Lightning Labs’ Beta Goes Live On Bitcoin Mainnet https://t.co/TPLmq6Dih3,lightning labs beta goes live on bitcoin mainnet,1
5461,"New episode from ""The Bad Crypto Podcast - Bitcoin, Blockchain, Ethereum, Altcoins, Fintech and Cryptocurrency for.. https://t.co/1fw4XHfbIq",new episode from the bad crypto podcast bitcoin blockchain ethereum altcoins fintech and cryptocurrency for,0
1850,"Name: Centra
Symbol: CTR
24 hour change: -5.17%
Price: 0.444615
Rank: 232
Total Supply: 98272765.0
Volume: 15301000… https://t.co/cNVvufcJZV",name centra symbol ctr 24 hour change 517 price 0444615 rank 232 total supply 982727650 volume 15301000,0
4627,@zebpay The Champcoin is next Bitcoin.Tcc is Frist cryptocurrency in India.I love Tcc,the chcoin is next bitcointcc is frist cryptocurrency in indiai love tcc,1
3862,"Name: AdEx
Symbol: ADX
24 hour change: -8.37%
Price: 0.755211
Rank: 155
Total Supply: 100000000.0
Volume: 6616370.0… https://t.co/WiWnyPSBMB",name adex symbol adx 24 hour change 837 price 0755211 rank 155 total supply 1000000000 volume 66163700,0
374,"Name: Wings
Symbol: WINGS
24 hour change: -9.13%
Price: 0.45398
Rank: 190
Total Supply: 100000000.0
Volume: 1807360… https://t.co/W5TtkHB4zg",name wings symbol wings 24 hour change 913 price 045398 rank 190 total supply 1000000000 volume 1807360,0
1809,"@ledgerstatus @TechnicalCrypto yeah it sucks, i've realized that people spooked by stock market volatility are neve… https://t.co/PiMYPkm3vq",yeah it sucks ive realized that people spooked by stock market volatility are neve,0
846,"RT @CikeeDawn: I've really been enjoying posting and engaging with the @YoursOrg #community.
This #content #platform has the intentionality…",ive really been enjoying posting and engaging with the this has the intentionality,1
1542,"@grockrecords2 Bitcoin Gold (Bitcoin Gold) go gaining popularity &amp; becoming other expensive, simply You still donТt… https://t.co/Kl0Udm1axH",bitcoin gold bitcoin gold go gaining popularity becoming other expensive simply you still dont,0
3508,"updaTe #8 on ma 2014 - 2018 $BTC comparison 

#BTC is lookn good 🙄 
like i said we are now purpLe O .. rally in Jul… https://t.co/AgQdqkeaWP",update on ma 2014 2018 btc comparison is lookn good like i said we are now purple o rally in jul,1
2821,"🌴 NEW AIR DROP 🌴

@ProjectShivom is dropping $12 to the first 30,000 participants 

protecting identity and persona… https://t.co/HdAcriQhBw",new air drop is dropping 12 to the first 30000 participants protecting identity and persona,1
827,"Name: Asch
Symbol: XAS
24 hour change: -11.85%
Price: 0.721745
Rank: 142
Total Supply: 114855331.0
Volume: 4944820.… https://t.co/GJcOVsqxJA",name asch symbol xas 24 hour change 1185 price 0721745 rank 142 total supply 1148553310 volume 4944820,0
973,"@btccloud Official Bitcoin Cloud #Airdrop 1

https://t.co/hQiL8q5oV6

Limited to 10,000 Members
Total Supply # 20M… https://t.co/ucB1NsKgjn",official bitcoin cloud 1 limited to 10000 members total supply 20m,0
2771,RT @Fab00se: @ColtreNiche @iamnovinov @inthepixels The most likely reason they chose the number is because currently 1 share of $GBTC = .09…,the most likely reason they chose the number is because currently 1 share of gbtc 09,1
560,"@SomeNext Bitcoin Gold (Bitcoin-Gold) do  gaining popularity also becoming other expensive, just You still donТt ow… https://t.co/sIhMOGmiLE",bitcoin gold bitcoingold do gaining popularity also becoming other expensive just you still dont ow,0
2507,[NEW POST]: Credit card embargoes and the casual Bitcoin buyer + https://t.co/qqat5VGwHc #cryptocurrency #crypto,new post credit card embargoes and the casual bitcoin buyer,0
5372,Everyone wants to be Bitcoin. https://t.co/35IojAXFPp,everyone wants to be bitcoin,1
154,@CalvinAyre That’s why I own bitcoin cash. These little kids disliking it validates it,thats why i own bitcoin cash these little kids disliking it validates it,1
2628,"Looking to get your F.ree bitcoins here :) 
https://t.co/aOZpXZKCnj  #bitcoin #free #litecoin #tradebitcoin… https://t.co/XQhgeNf4e8",looking to get your free bitcoins here,1
1985,Good and promising project in which everyone should participate! Join our MO team!   #Starflowico… https://t.co/ohYxoN43zv,good and promising project in which everyone should participate join our mo team,1
2950,"Friday Refresh To ➡ February 25, 2018@10:04am 

 This article originally appeared in the Motley Fool. Bitco ║… https://t.co/lwHRZeFzcY",friday refresh to february 25 2018 this article originally appeared in the motley fool bitco,1
4033,"Name: COSS
Symbol: COSS
24 hour change: -10.42%
Price: 0.248138
Rank: 336
Total Supply: 104000000.0
Volume: 1003570… https://t.co/lIFCmj9zXj",name coss symbol coss 24 hour change 1042 price 0248138 rank 336 total supply 1040000000 volume 1003570,0
2765,"The #BitcoinPizza would be worth US$85,140,800.00 right now (down -6.16% in the last 24 hours): #Bitcoin",the would be worth us8514080000 right now down 616 in the last 24 hours,1
5567,"@Crypto__Minds Bitcoin Gold (Bitcoin-Gold) are become popular and right added expensive, just Your still donТt hold… https://t.co/vXuwz2J564",bitcoin gold bitcoingold are become popular and right added expensive just your still dont hold,1
2968,"RT @CentbeeWallet: .@ryanxcharles is talking about https://t.co/iIIqXPmSLR - a social network that lets authors charge for comments, and re…",is talking about a social network that lets authors charge for comments and re,1
4044,"Top 100 avg 24h return: -9.3±4.4%; 4 up, 96 down
$BTC -6.6%  $ETH -9.2%
Best:
10.4% $VERI @Veritaseuminc
3.0% $XVG… https://t.co/kvyDLUqchs",top 100 avg 24h return 9344 4 up 96 down btc 66 eth 92 best 104 veri 30 xvg,1
4908,RT @bitcoin_token: We have partnered with and been listed on @LiveCoinWatch  this will be our go to source to see an accurate price reflect…,we have partnered with and been listed on this will be our go to source to see an accurate price reflect,1
1673,"#Bitcoin: 8429 USD 1.84 %
#Bitcoin 24h price high: 9100 USD
#Bitcoin all time high: 19666 USD
#BTC #ethereum #ETH… https://t.co/7GmJCvuHVS",8429 usd 184 24h price high 9100 usd all time high 19666 usd,1
3735,How to Waste Time &amp; Money Mining Bitcoin https://t.co/wcr1ZYQNsj,how to waste time money mining bitcoin,0
5694,"⁠Bitcoin Loses $9k Support After Binance Confusion Shakes Confidence
Binance shows market-moving power as Bitcoin r… https://t.co/6mLarhMZzM",bitcoin loses 9k support after binance confusion shakes confidence binance shows marketmoving power as bitcoin r,0
2811,"[04:50] #Glasgow Here's an other #free #BitCoin #Miner, all you need is an #BTC Adres for #payout. https://t.co/ZgyV4EUpiC",0450 heres an other all you need is an adres for,1
4447,"@XeniyaKononenko Bitcoin BTG (BTG) a becomes popular &amp; becoming more expensive, marely You still donТt hold it? You… https://t.co/mRrQmGVXv6",bitcoin btg btg a becomes popular becoming more expensive marely you still dont hold it you,1
5815,RT @DanielKrawisz: Fantastic advice from @cedarsjwsurvey that can be applied to any of the many cults in #bitcoin. https://t.co/DPRXrXqf1f,fantastic advice from that can be applied to any of the many cults in,1
3434,#EOS Price is 0.00078017 (-0.00000340) #BTC / 6.52226 (-0.06538) #USD. Market rank is 7. #eos #bitcoin #blockchain,price is 000078017 000000340 652226 006538 market rank is 7,0
751,What a nightmare. This will not be the last time a city’s IT infrastructure is held hostage. Not by a long shot. https://t.co/dHqh9BmnXK,what a nightmare this will not be the last time a citys it infrastructure is held hostage not by a long shot,0
3473,"Free Airdrop Token 

@sadik69245 @OnlineEarningB2 @Roshan3260 @onlineearning83 @KhaanCrypto https://t.co/n2c1aRGu6S",free airdrop token,1
3709,RT @nytimesworld: Google is joining Facebook in banning advertising for Bitcoin and other cryptocurrencies https://t.co/8BkHF0z4ru,google is joining facebook in banning advertising for bitcoin and other cryptocurrencies,0
5776,@silveragorism @Bitcoin @signalapp @myWickr @Samsung @tipprbot Thank you so much for the support!,thank you so much for the support,1
2181,The latest The #Mercantile #Bitcoin #News! https://t.co/0nTqJuP9Zd #bitcoin #blockchain,the latest the,1
104,"Thank God for Bitcoin leading the way out of that mess! 

BUT we all know in our guts that a “Market-Based” currenc… https://t.co/lwnIJIUKsp",thank god for bitcoin leading the way out of that mess but we all know in our guts that a marketbased currenc,0
5360,"RT @MsxNetwork: Last day for #AION token holder!

Check ANN thread for more detail 
https://t.co/8Mbvhqbvem

Do not miss it!

#microstack #…",last day for token holder check ann thread for more detail do not miss it,1
643,"RT @RandolphMlny: #Bitcoin #cryptocurrency  #Airdrop
New Airdrop #Tron 📢

Huobi Exchange Airdrop 80 TRON (#TRX) to grow their user base!
Ea…",new airdrop huobi exchange airdrop 80 tron to grow their user base ea,0
3661,The fact that webdav.exe malware appeared in the system may indicate about serious problems with security or mindle… https://t.co/icGhOyD5FC,the fact that webdavexe malware appeared in the system may indicate about serious problems with security or mindle,0
4217,RT @Synthestech: #LENR #ColdFusion will soon draw more attention than cryptocurrencies. https://t.co/h8Y519qVej,will soon draw more attention than cryptocurrencies,1
3850,"BTC USD 4 HOUR GRAPH, DAILY IS LESS FORGIVING https://t.co/0TNj2nLYxE $btcusd #bitcoin trade at Bitmex:… https://t.co/len77mKFwO",btc usd 4 hour graph daily is less forgiving btcusd trade at bitmex,0
2377,@dahirdidit Pretty sure the arc already takes bitcoin :/,pretty sure the arc already takes bitcoin,1
4197,"@bethereumteam
Complete Bethereum ICO Review: Blockchain Powered Social Betting https://t.co/qCNDvJOS5p
#bethereum… https://t.co/1zqZRFtvjm",complete bethereum ico review blockchain powered social betting,1
70,"Bitcoin Could Become Illegal Almost Everywhere, After Shocking Discovery in The Blockchain https://t.co/GAuolQ4BrO",bitcoin could become illegal almost everywhere after shocking discovery in the blockchain,0
682,Yep who ya think Satoshi Nakamoto really is and why is there no media or government interest into identifying them… https://t.co/ZHgMc19pzp,yep who ya think satoshi nakamoto really is and why is there no media or government interest into identifying them,1
190,Now watching @Satoshis_Vision Conference live from Tokyo https://t.co/iaw1HoozqR #BCH #BitcoinCash #bitcoin,now watching conference live from tokyo,1
2069,"#blockchain #btc #crypto #cryptocurrency #bitcoin #Ethereum #ETH 61 
 The first blockchain platform to power sports… https://t.co/cHRDzxXNHx",61 the first blockchain platform to power sports,1
4016,"RT @bit_mart: Pablo Escobars Blood Brother: Robert Escobar has started an ICO for his new Crypto Coin!!! DIET BITCOIN??? 
Ummmmm........ so…",pablo escobars blood brother robert escobar has started an ico for his new crypto coin diet bitcoin ummmmm so,1
1792,"New post added at Bitcoin - CryptoCurrency Guide - Coincheck: NEM Foundation Stops Tracing Stolen Coins, Hackers’ A… https://t.co/1jDjggFVKg",new post added at bitcoin cryptocurrency guide coincheck nem foundation stops tracing stolen coins hackers a,1
1442,Wonder how much you are buying when using us for Bitcoin trading? Here's a breakdown: https://t.co/JlHAejHJki,wonder how much you are buying when using us for bitcoin trading heres a breakdown,1
4220,"#Bitcoin #Ethereum #Blockchain Coincheck Starts Crypto Hack Refunds, Allows Limited Trading https://t.co/HV8XuLCZfp",coincheck starts crypto hack refunds allows limited trading,0
4457,"Name: INS Ecosystem
Symbol: INS
24 hour change: -9.22%
Price: 1.16629
Rank: 221
Total Supply: 50000000.0
Volume: 84… https://t.co/EuLBKWvJtO",name ins ecosystem symbol ins 24 hour change 922 price 116629 rank 221 total supply 500000000 volume 84,0
1612,"Original Crypto Coin (OCC) is live on @coinlibio now! https://t.co/WJ6uFrpZzT 

#OCC #OriginalCryptoCoin #Crypto… https://t.co/PhuYho1wKz",original crypto coin occ is live on now,1
155,The latest The The Bitcoin Daily Daily! https://t.co/bwreq6631p Thanks to @cryptograbber @HandyHomePS @DailytechPro,the latest the the bitcoin daily daily thanks to,1
4541,RT @zloadr: A 38 year old #British man living in #Amsterdam may have to go to prison for five years for apparently #laundering €11.5 millio…,a 38 year old man living in may have to go to prison for five years for apparently 115 millio,1
5346,"@coinlerinkrali Bitcoin BTG (Bitcoin Gold) and become popular ^&amp;^ fitting new expensive, but Your still donТt hold… https://t.co/mRCOhBOuXY",bitcoin btg bitcoin gold and become popular fitting new expensive but your still dont hold,1
2637,"Name: Blocktix
Symbol: TIX
24 hour change: -12.68%
Price: 0.342249
Rank: 363
Total Supply: 62500000.0
Volume: 10685… https://t.co/hBPq1oOmKb",name blocktix symbol tix 24 hour change 1268 price 0342249 rank 363 total supply 625000000 volume 10685,0
3928,Your world will become more convenient and attractive thanks to the company #Bitcoin #Имиджайз  #imigize #Eth #ICO… https://t.co/ejByoXgZLC,your world will become more convenient and attractive thanks to the company,1
4424,@PhilakoneCrypto Pretty sure phil is trading with multiple bitcoin. That’s why his numbers are so high. If you are… https://t.co/Htsnwy5q30,pretty sure phil is trading with multiple bitcoin thats why his numbers are so high if you are,1
4088,"@Bitcoin Lightning Network has failed. Seriously people need to start looking at #Ripple $XRP, never waited more th… https://t.co/jAHejG78B8",lightning network has failed seriously people need to start looking at xrp never waited more th,0
680,"@mycoinpilot Bitcoin BTG (Bitcoin-Gold) are gaining popularity and right added expensive, simply Your still donТt h… https://t.co/jAVSRCLhhj",bitcoin btg bitcoingold are gaining popularity and right added expensive simply your still dont h,0
3063,"Name: BlockMason Credit Protocol
Symbol: BCPT
24 hour change: -14.38%
Price: 0.466921
Rank: 223
Total Supply: 11615… https://t.co/Hk8kxqNFOy",name blockmason credit protocol symbol bcpt 24 hour change 1438 price 0466921 rank 223 total supply 11615,0
102,"Best Free Bitcoin Faucet
https://t.co/C24Q6fKpLd https://t.co/5HUv6RUgYA",best free bitcoin faucet,1
1878,"So is #bitcoin getting banned/canceled.? I heard they found child pronography hidden in the blockchain, is that tru… https://t.co/yMeDw6IcO0",so is getting bannedcanceled i heard they found child pronography hidden in the blockchain is that tru,0
2766,"Name: Mercury
Symbol: MER
24 hour change: -11.6%
Price: 0.198412
Rank: 297
Total Supply: 100000000.0
Volume: 130026… https://t.co/GcUCAh38hX",name mercury symbol mer 24 hour change 116 price 0198412 rank 297 total supply 1000000000 volume 130026,0
328,The Bitcoin Fad Is Over – Winklevoss Bitcoin Trust ETF (Pending:COIN): Failure to Get Rid… https://t.co/PiQZZEtr5l,the bitcoin fad is over winklevoss bitcoin trust etf pendingcoin failure to get rid,0
1682,#ethereum has dropped over 16 percent in the past seven days and is currently quoted just below the 0.06 round figu… https://t.co/Ck2EMS54qk,has dropped over 16 percent in the past seven days and is currently quoted just below the 006 round figu,0
952,Binance In Trouble? / Digix FINALLY Releasing DGX / Diet Bitcoin https://t.co/IHKLC73w08,binance in trouble digix finally releasing dgx diet bitcoin,0
3926,New #bitcoin block 00000000000000000026d81defd2989c8d311898a4a4029d62fdcea219e3347e mined at height 514751.,new block 00000000000000000026d81defd2989c8d311898a4a4029d62fdcea219e3347e mined at height 514751,1
575,"""The Best Book on Cybersecurity and America's Top Startups!"" What https://t.co/935HQiLg06 #Cybersecurity #Bitcoin https://t.co/7keA5eUstV",the best book on cybersecurity and americas top startups what,1
3829,Monthly Web Traffic for Major Bitcoin Exchanges Falls by Half: Markets and Costs The… https://t.co/4f6Kd4EIir,monthly web traffic for major bitcoin exchanges falls by half markets and costs the,0
3968,I liked a @YouTube video https://t.co/5owX9dRB59 Bitcoin Benny and Charting Man Dan of The Chart Guys 3/18/2018,i liked a video bitcoin benny and charting man dan of the chart guys 3182018,1
4809,"@officialmcafee @TrailerParkBubs If anybody wants to earn world's top 3 currencies, like- Bitcoin, Ethereum &amp; Rippl… https://t.co/X4qQJWMat5",if anybody wants to earn worlds top 3 currencies like bitcoin ethereum rippl,1
1358,"Name: Matchpool
Symbol: GUP
24 hour change: -14.06%
Price: 0.191841
Rank: 354
Total Supply: 98855150.0
Volume: 2884… https://t.co/aWHuvnsXlr",name matchpool symbol gup 24 hour change 1406 price 0191841 rank 354 total supply 988551500 volume 2884,0
1284,"Get your first free bitcoins now! Try it and earn it : https://t.co/X8a94By2d3 #bitcoin #btc March 23, 2018 at 09:00AM",get your first free bitcoins now try it and earn it march 23 2018 at 0900am,1
2213,"RT @CyberToolsBooks: USB KeyLogger Nano Wi-Fi 8MB Gray Edition ------ Small, smaller, s https://t.co/S0Dp2vnKZc #Cybersecurity #Bitcoin htt…",usb keylogger nano wifi 8mb gray edition small smaller s htt,0
5237,"Me: Dear City of Atlanta, how did ransomware make it past the firewall, spam filter and antivirus software?! 

Also… https://t.co/6xaTI2LUBR",me dear city of atlanta how did ransomware make it past the firewall spam filter and antivirus software also,0
1463,"#etherecash
#etherecashICOPresale
Сurrent #EtherEcashICO/Bitcoin exchange rate, Real-time market data
For more info… https://t.co/PM0xzmi1kQ",urrent bitcoin exchange rate realtime market data for more info,1
637,"RT @cece49220: Are you looking for free bitcoin? install me on googleChrome, it's 100% FREE
https://t.co/SGK6o2REHG",are you looking for free bitcoin install me on googlechrome its 100 free,1
5262,How To Earn Bitcoin Easy Tips I Earn 1.5 BTC In 1 Day | Without Investme... https://t.co/d1wVmRCJCn qua @YouTube,how to earn bitcoin easy tips i earn 15 btc in 1 day without investme qua,1
4646,have talked with friends about Crytocurrency/ Bitcoin  and they said positively about this and they're earning fast… https://t.co/copaT7H3UI,have talked with friends about crytocurrency bitcoin and they said positively about this and theyre earning fast,1
1261,Dark_Realist LuminousNebulae hellosugoi bitcoinmom La__Cuen We GALS had a mutual admiration love fest. Bitcoin need… https://t.co/hgTpRO0r3D,darkrealist luminousnebulae hellosugoi bitcoinmom lacuen we gals had a mutual admiration love fest bitcoin need,1
5511,RealTimeCrypto: Bitcoin Loses $9k Support After Binance Confusion Shakes Confidence https://t.co/dmlKUhvBWV,realtimecrypto bitcoin loses 9k support after binance confusion shakes confidence,0
5723,RT @Disco_Snoopy: Jared Kushner says a fake Guccifer tried to extort the Trump campaign for Bitcoin https://t.co/2CKQ6p8P4g via @mashable,jared kushner says a fake guccifer tried to extort the trump caign for bitcoin via,0
4913,"@CentbeeWallet @VinnyLingham There are some people who, after investing, do their own research to find out more. So… https://t.co/LDmBf4MpMj",there are some people who after investing do their own research to find out more so,1
1379,"💰💰💰I just got 18 SECX tokens for FREE, join me now! 👉 https://t.co/X1THbr4EiO #airdrop #bitcoin #Blockchain",i just got 18 secx tokens for free join me now,1
4538,Visit miss program letter card picture animal father coach record #Bitcoin,visit miss program letter card picture animal father coach record,1
3778,New post (Twitter CEO: Bitcoin will become the world currency) has been published on  - https://t.co/gBlwF4n6v1 https://t.co/wzAycm7s7h,new post twitter ceo bitcoin will become the world currency has been published on,1
1763,"@coinlerinkrali Bitcoin BTG(OFFICIAL) (Bitcoin Gold) and gaining popularity &amp; becoming other expensive, but You sti… https://t.co/d2otlpI56X",bitcoin btgofficial bitcoin gold and gaining popularity becoming other expensive but you sti,0
4564,"@aaaamhim Bitcoin Gold (Bitcoin-Gold) go gaining best news &amp; right more expensive, marely You still donТt own it? Y… https://t.co/21gFeuNkwx",bitcoin gold bitcoingold go gaining best news right more expensive marely you still dont own it y,1
149,"Name: EZToken
Symbol: EZT
24 hour change: -9.35%
Price: 0.891246
Rank: 424
Total Supply: 50000000.0
Volume: 1033230… https://t.co/vNWh5CDyH0",name eztoken symbol ezt 24 hour change 935 price 0891246 rank 424 total supply 500000000 volume 1033230,0
3846,"Top 5 Cryptocurrencies - Current Prices

Bitcoin $BTC: $8,444.87 🔻 -2.20% ☄☄
Ethereum $ETH: $516.81 🔻 -3.13% ☄☄☄
Ri… https://t.co/gEeS3xLs8N",top 5 cryptocurrencies current prices bitcoin btc 844487 220 ethereum eth 51681 313 ri,1
1480,"RT @MoneLeaks: Crypto giveaway:

0.1 Bitcoin / 4 Monero!

Retweet and follow us to become eligible.

Be sure to ask us about our Crypto lea…",crypto giveaway 01 bitcoin 4 monero retweet and follow us to become eligible be sure to ask us about our crypto lea,1
1206,Storing your crypto safely is maybe just a little important 🤔😅 no actually it's REALLY important! #cryptocurrencies… https://t.co/jJPnjALY8q,storing your crypto safely is maybe just a little important no actually its really important,1
3969,#Bitcoin going down after CEO of #Binance confirms JFSA Letter. We received a simple letter from JFSA about an hour… https://t.co/PcWy48KmZ8,going down after ceo of confirms jfsa letter we received a simple letter from jfsa about an hour,0
5226,How one Canadian property agent brought cryptos to the real estate market https://t.co/I2JsEq3SPV #Bitcoin… https://t.co/YFJVGDC1AL,how one canadian property agent brought cryptos to the real estate market,1
1104,"The OFFICIAL @RamenCoin2018 Twitter #Airdrop ROUND 1 is LIVE!

#RamenCoin $RAMEN #airdrop #bounty #ICO #ethereum… https://t.co/fGVxIEcV0S",the official twitter round 1 is live ramen,0
5396,"#Bitcoin #Technical #Indicators #Signals
 Stochastic is pointing down to show that bears have the upper hand while… https://t.co/RmR8YkdO9Y",stochastic is pointing down to show that bears have the upper hand while,0
2717,"#BitMEX current #Bitcoin (XBTUSD) price is $8,388.50.  Down from $8,410.00 - 0.26 percent. https://t.co/tqFG7UaRzA",current xbtusd price is 838850 down from 841000 026 percent,0
3380,"Name: IoT Chain
Symbol: ITC
24 hour change: -6.23%
Price: 1.10813
Rank: 157
Total Supply: 100000000.0
Volume: 83345… https://t.co/oTVR7JdHSa",name iot chain symbol itc 24 hour change 623 price 110813 rank 157 total supply 1000000000 volume 83345,0
2671,"#Bitcoin's Blockchain Spreads #Child Abuse Images, Dark #Web Links, Wikileaks Files https://t.co/CeLdW4hY7y https://t.co/9tK75q4kdk",s blockchain spreads abuse images dark links wikileaks files,0
3579,"RT @Alpha_Token: [ANN] page updated to provide details about our progress =)

https://t.co/lzeSMBiGVZ

Tell us what you think!

#alphainves…",ann page updated to provide details about our progress tell us what you think,0
4531,Bitcoin's blockchain is full of content that can land you in jail ... #Bitcoin https://t.co/CR9SvRSfV7,bitcoins blockchain is full of content that can land you in jail,1
1671,Supposedly they’re asking for the 51k in bitcoin and even though this is not a laughing matter I’m dead over the fa… https://t.co/vFthWXvQ7n,supposedly theyre asking for the 51k in bitcoin and even though this is not a laughing matter im dead over the fa,0
2337,"RT @Aghilesdza: Every Human being must fall down, that's life, But who will stand up and move on to something better? Coins go the same way…",every human being must fall down thats life but who will stand up and move on to something better coins go the same way,1
2656,WSJ: SEC To Examine Up To 100 Crypto-Related Hedge Funds - Aaron Wood https://t.co/14fKozYe1N #Bitcoin Regulation #SEC #ICO #Government,wsj sec to examine up to 100 cryptorelated hedge funds aaron wood regulation,0
856,RT @bethereumteam: @MagicMarc1988 Well the price of a token is a very irrelevant metric and is only for optics (people usually buy tokens u…,well the price of a token is a very irrelevant metric and is only for optics people usually buy tokens u,0
1668,RT @boutthatbitcoin: Jack Dorsey expects bitcoin to become the world's 'single currency' in about 10 years https://t.co/S9lqbIi81p by @chen…,jack dorsey expects bitcoin to become the worlds single currency in about 10 years by,0
1285,Referral Links • Musard Airdrop!!!! - https://t.co/sHByHF4Vz0 - Generate Bitcoin. Take your free Bitcoin,referral links musard airdrop generate bitcoin take your free bitcoin,1
481,"Name: Propy
Symbol: PRO
24 hour change: -4.31%
Price: 0.763732
Rank: 369
Total Supply: 100000000.0
Volume: 5449330.… https://t.co/qG7yu0HPCF",name propy symbol pro 24 hour change 431 price 0763732 rank 369 total supply 1000000000 volume 5449330,0
539,"Name: Modum
Symbol: MOD
24 hour change: -9.39%
Price: 2.29375
Rank: 192
Total Supply: 27266200.0
Volume: 1867840.0… https://t.co/jZLY7YNU0X",name modum symbol mod 24 hour change 939 price 229375 rank 192 total supply 272662000 volume 18678400,0
5202,"Name: Bodhi
Symbol: BOT
24 hour change: -10.32%
Price: 0.330448
Rank: 372
Total Supply: 100000000.0
Volume: 1172570… https://t.co/5OIZQXMYau",name bodhi symbol bot 24 hour change 1032 price 0330448 rank 372 total supply 1000000000 volume 1172570,0
889,"@bethereumteam “If you care about liberty, the nonaggression principle, or economic freedom in general you should d… https://t.co/thtWv5MpBt",if you care about liberty the nonaggression principle or economic freedom in general you should d,1
5620,I liked a @YouTube video https://t.co/9nCUEPM8tB Ethereum Will Pass Bitcoin in April 2018,i liked a video ethereum will pass bitcoin in april 2018,1
4771,"Quick #Bitcoin update, the price is now $8412.06 #btc $btc https://t.co/yIXTXMAE2A",quick update the price is now 841206 btc,1
3240,"[05:03] #reclame Here's an other #free #BitCoin #Miner, all you need is an #BTC Adres for #payout. https://t.co/ZgyV4EUpiC",0503 heres an other all you need is an adres for,1
4989,"RT @btcminer: You can't make a #bitcoin out of thin air, but you can make electricity from the essentially limitless amount of heat energy…",you cant make a out of thin air but you can make electricity from the essentially limitless amount of heat energy,0
1578,Measure feel parent later fear fine time raise floor blue #Bitcoin,measure feel parent later fear fine time raise floor blue,0
4639,"@AirdropKitty Bitcoin BTG(OFFICIAL) (BTG) do  becomes popularity &amp; seemly extra expensive, just You still donТt own… https://t.co/Djo2xeSgF0",bitcoin btgofficial btg do becomes popularity seemly extra expensive just you still dont own,0
2846,Toward control example born rock stay magazine drug #Bitcoin,toward control exle born rock stay magazine drug,1
5729,@pierre_rochard It would be interesting to see some kind of appreciation of the amount of turnover created by bitco… https://t.co/DU4pVHHrLe,it would be interesting to see some kind of appreciation of the amount of turnover created by bitco,1
2485,Better Bitcoin Relay? Crypto VCs Back BloXroute Funding https://t.co/5GMlrhmSI3,better bitcoin relay crypto vcs back bloxroute funding,1
2861,"Name: Matchpool
Symbol: GUP
24 hour change: -13.53%
Price: 0.191343
Rank: 354
Total Supply: 98855150.0
Volume: 2970… https://t.co/aDdDsE7pVv",name matchpool symbol gup 24 hour change 1353 price 0191343 rank 354 total supply 988551500 volume 2970,0
4035,"Name: BlockMason Credit Protocol
Symbol: BCPT
24 hour change: -6.56%
Price: 0.505657
Rank: 220
Total Supply: 116158… https://t.co/HmX6KPYOgt",name blockmason credit protocol symbol bcpt 24 hour change 656 price 0505657 rank 220 total supply 116158,0
5696,"Name: Moeda Loyalty Points
Symbol: MDA
24 hour change: -6.35%
Price: 0.870654
Rank: 328
Total Supply: 19628888.0
Vo… https://t.co/Qqs0LQ8RRU",name moeda loyalty points symbol mda 24 hour change 635 price 0870654 rank 328 total supply 196288880 vo,0
4811,"Former hacker Kevin Poulsen has, over the past decade, built a rep https://t.co/5c4OVKkRK0 #Cybersecurity #Bitcoin https://t.co/0clABnXnDL",former hacker kevin poulsen has over the past decade built a rep,0
4271,"RT @Lala4vian: Best Coin with the strongest COMMUNITY?

Vote and Retweet! 🚀😍

#HTMLCOIN #DGB #Digibyte #sc #vergecoin #xvg #vergecurrency $…",best coin with the strongest community vote and retweet,1
3451,#CryptoNews: New item Added in CoinTelegraph: Dutch Court Finds Bitcoin A Legitimate “Transferable Value”  https://t.co/41WvJ0t2vP,new item added in cointelegraph dutch court finds bitcoin a legitimate transferable value,1
1630,"Name: Metaverse ETP
Symbol: ETP
24 hour change: -11.67%
Price: 0.895283
Rank: 218
Total Supply: 57379980.0
Volume:… https://t.co/t1fSTCgfsf",name metaverse etp symbol etp 24 hour change 1167 price 0895283 rank 218 total supply 573799800 volume,0
5637,A New York Times Bestseller A revolution is under way. In recent https://t.co/1IR5o5kkuE #Cybersecurity #Bitcoin https://t.co/wsPLjYgNOr,a new york times bestseller a revolution is under way in recent,1
4836,College students are using student loans to invest in bitcoin via /r/Bitcoin https://t.co/GUn3CWHUfH Free #Bitcoin… https://t.co/awl8dmtAT7,college students are using student loans to invest in bitcoin via rbitcoin free,1
634,"CIG - ""German Researchers Uncover Illegal Content Linked to the Bitcoin Blockchain - https://t.co/JQQNVRNV8W https://t.co/JFw4K7vDim""",cig german researchers uncover illegal content linked to the bitcoin blockchain,0
4612,"RT @LordRay23: Btc/USD (1hr chart). The TA has once again been respected. We have bounced from the key support of $8,600 but how long will…",btcusd 1hr chart the ta has once again been respected we have bounced from the key support of 8600 but how long will,0
4556,"@aman39115 Bitcoin Gold (BTG) is gaining popular also apt more expensive, marely You still donТt hold it? Your give… https://t.co/QIGx3Xk0Mr",bitcoin gold btg is gaining popular also apt more expensive marely you still dont hold it your give,1
3624,"Name: Tidex Token
Symbol: TDX
24 hour change: -39.45%
Price: 0.307907
Rank: 644
Total Supply: 10000000.0
Volume: 14… https://t.co/16Y7p6pykb",name tidex token symbol tdx 24 hour change 3945 price 0307907 rank 644 total supply 100000000 volume 14,0
5153,Empowering DEXs - better than 0x!? https://t.co/3cDHXKqxPU #ripple $xvg $btc $eth #xlm $xrp $ltc $trx Get $15 Free… https://t.co/ldUbKXmRDL,empowering dexs better than 0x xvg btc eth xrp ltc trx get 15 free,1
3843,New post (Bitcoin Price Comment) has been published on Crypto 2 Cents - https://t.co/YBmmbAuSMA https://t.co/e0wYG2g0sB,new post bitcoin price comment has been published on crypto 2 cents,1
297,"inb4: ""Black Friday"" $btc $DJI #crypto #bitcoin #tradewars #donaldpump",inb4 black friday btc dji,0
1687,"Play Game this and get real cash with minimum withdraw 20 euro
Register Now https://t.co/6l31QP7w3Z and verified yo… https://t.co/3F4SxIGzQp",play game this and get real cash with minimum withdraw 20 euro register now and verified yo,0
1429,#bitcoin #xrp #news #Sloppy VPN mistake reportedly exposed DNC hacker as Russian spy - https://t.co/JQPBeQ7FRD #,vpn mistake reportedly exposed dnc hacker as russian spy,0
1331,Think about this very carefully. What do you think will happen next to bitcoin? https://t.co/4zkHTJ3LOh,think about this very carefully what do you think will happen next to bitcoin,0
4954,RT @ThaumPenguin: I'm glad this site is in safe hands and not controlled by what appears to be a movie villain https://t.co/V70SwqISuQ,im glad this site is in safe hands and not controlled by what appears to be a movie villain,1
1517,"This is what happens when you don't keep your servers behind 10 feet think walls😱😱😱😱
Thankfully #aadhaar is safe😢🙄😬
https://t.co/5kdFp7wHez",this is what happens when you dont keep your servers behind 10 feet think walls thankfully is safe,0
3717,#Bitcoin latest news: Twitter and Square CEO Jack Dorsey predicts bitcoin will be sole global currency in 10 years https://t.co/IvsANufz84,latest news twitter and square ceo jack dorsey predicts bitcoin will be sole global currency in 10 years,1
5733,"The Sceptic's Guide To Bitcoin, Cryptocurrencies And The Blockchain: Everything You're Afraid To Know B  https://t.co/kMO7CBN8sc #ethereum",the sceptics guide to bitcoin cryptocurrencies and the blockchain everything youre afraid to know b,0
1112,Vice Industry Token: Penthouse Launches Blockchain Platform &amp; ICO for Adult Entertainment https://t.co/XJDcS74kuv… https://t.co/ca3thxWK7h,vice industry token penthouse launches blockchain platform ico for adult entertainment,1
3387,"📣📣  #ALAX #Airdrop 📣📣

https://t.co/00IqevZmWR

Get notified of new Airdrops: 
https://t.co/JYdxoi2Yct

#crypto… https://t.co/q6sEd6yWCp",get notified of new airdrops,1
2403,"@wuxinbtc Bitcoin Gold (Bitcoin-Gold) do  gaining popular &amp; seemly other expensive, only Your still donТt hold it?… https://t.co/dhLbep5kEj",bitcoin gold bitcoingold do gaining popular seemly other expensive only your still dont hold it,0
1168,"@YouStockAura This article explains a little about what I’m doing
https://t.co/lpvM7Uc8ky",this article explains a little about what im doing,0
1998,@AdrianChen I am sure you can become an astonishing bitcoin expert please visit https://t.co/6rortIStnD,i am sure you can become an astonishing bitcoin expert please visit,1
1108,"Current #crypto prices on #Bittrex:

#Bitcoin at $8,385, down -6.7%.
#Ethereum at $513, down -9.8%.
#Ripple at $0.6… https://t.co/gB6OYBCduH",current prices on at 8385 down 67 at 513 down 98 at 06,0
2634,"@PapiShaikh @OTC_Bitcoin @loomdart Warning, the guy from https://t.co/9QTAIz3JAM has a long scamming   history in m… https://t.co/Wob4CFNjoU",warning the guy from has a long scamming history in m,0
2883,"RT @MetatronInc: $MRNJ https://t.co/VHOR1TqA3g Bitcoin Price Volatility Got you Stressed? CALM NOW Soothing Stress Support Supplement, Herb…",mrnj bitcoin price volatility got you stressed calm now soothing stress support supplement herb,1
826,"Name: Santiment Network Token
Symbol: SAN
24 hour change: -13.28%
Price: 1.24316
Rank: 128
Total Supply: 83337000.0… https://t.co/8Lp8hSKOoT",name santiment network token symbol san 24 hour change 1328 price 124316 rank 128 total supply 833370000,0
2125,"@MarinakorolevaQ Bitcoin Gold (BTG) are becomes popular also becoming added expensive, simply You still donТt own i… https://t.co/q1ZU2ZSedW",bitcoin gold btg are becomes popular also becoming added expensive simply you still dont own i,1
2985,So it was Fake News! https://t.co/lWaiLjqjUp,so it was fake news,0
1530,"this persons @ is almost ""bitcoin justine"" lol https://t.co/vy1FEOA1gI",this persons is almost bitcoin justine lol,1
584,Senior Software Engineer - FinTech Startup - Open Banking - London - [ 📋 More Info  https://t.co/t6FpfwKU4x ] #IoT… https://t.co/VmiDP26SVj,senior software engineer fintech startup open banking london more info,1
134,RT @WealthE_Coin: New to the whole ICO thing?  Here is some info about what you need to know! #ICOs #Bitcoin #Blockchain #WealthMigrate #We…,new to the whole ico thing here is some info about what you need to know,1
5275,"RT @unifycrypto: Feel free to join our official Telegram community for the latest news and updates! :)

https://t.co/qM9yXXuQDh

#btc #eth…",feel free to join our official telegram community for the latest news and updates,1
3976,"Current Bitcoin Rate in USD : 8,422.7888 Check other Currencies: https://t.co/KqQpwIzXrs #BitsRate #BTC #Bitcoins",current bitcoin rate in usd 84227888 check other currencies,0
3459,"RT @moneyblockchain: Name: https://t.co/0Ow97S63We Utility Token
Symbol: SXUT
24 hour change: -8.5%
Price: 0.266428
Rank: 507
Total Supply:…",name utility token symbol sxut 24 hour change 85 price 0266428 rank 507 total supply,0
1634,"RT @giveawaysBTC: HUGE 8,000 follower giveaway! 1 Winner will receive .4BTC and a Trezor black hardware wallet (shipped only to US and sele…",huge 8000 follower giveaway 1 winner will receive 4btc and a trezor black hardware wallet shipped only to us and sele,1
4084,"New post: ""Ethereum: $GBTC Yep I’ll buy if I see Bitcoin"" https://t.co/WLnImf10LE",new post ethereum gbtc yep ill buy if i see bitcoin,1
1013,RT @Market_space_: Asian markets play an instrumental role in affecting the value and trade volume of cryptocurrencies. Learn more about it…,asian markets play an instrumental role in affecting the value and trade volume of cryptocurrencies learn more about it,1
1936,"RT @BTCTN: Bitcoin’s current exchange rate is 8971.34 USD
Track the price of Bitcoin in real time at:
https://t.co/NI4zBLretM #Bitcoin #Bit…",bitcoins current exchange rate is 897134 usd track the price of bitcoin in real time at,1
2162,"#Bitcoin latest news: Florida Gets the Shade it Deserves…AquaCabanas, The World’s Coolest Shade Floats,  Available… https://t.co/2PfX3hTAM5",latest news florida gets the shade it deservesaquacabanas the worlds coolest shade floats available,1
2652,"@justanoob12 @vali54418376 @BithumbOfficial Bitcoin Gold, bitcoin cash shit for speculators and traded on BITHUMB.… https://t.co/hTTstz3g9v",bitcoin gold bitcoin cash shit for speculators and traded on bithumb,0
5605,@opisthokonts I am convinced you can be a remarkable bitcoin expert please check https://t.co/6rortIStnD,i am convinced you can be a remarkable bitcoin expert please check,1
454,Why does everyone who likes bitcoin look like a gym teacher that takes it too seriously?,why does everyone who likes bitcoin look like a gym teacher that takes it too seriously,0
5063,jaimeotero_: Invest with BTC at https://t.co/dxhcVjAPXF //Coinbase Is In Talks to Buy One of Bitcoin's Best Funded… https://t.co/5RhuLljTLm,jaimeotero invest with btc at coinbase is in talks to buy one of bitcoins best funded,1
4681,(Monthly Web Traffic for Major Bitcoin Exchanges Falls by Half) - - https://t.co/Ktcj7NZ4jF $btc #cryptos… https://t.co/hiY1hsNXqx,monthly web traffic for major bitcoin exchanges falls by half btc,0
1499,"RT @Freetoken_: 🔷GEChain Airdrop🔷

free 5 GEC tokens (~ 18 USD) to Telegram users.

1. Submit your ETH address here: https://t.co/hefzgsp01…",gechain airdrop free 5 gec tokens 18 usd to telegram users 1 submit your eth address here,1
3138,"Name: Raiden Network Token
Symbol: RDN
24 hour change: -4.85%
Price: 1.59313
Rank: 131
Total Supply: 100000000.0
Vo… https://t.co/blmDLcNaKo",name raiden network token symbol rdn 24 hour change 485 price 159313 rank 131 total supply 1000000000 vo,0
45,"Satoshi wanted Bitcoin to be electronic cash. But today, two forks of Bitcoin are best positioned to be that:… https://t.co/Q74erEFI5U",satoshi wanted bitcoin to be electronic cash but today two forks of bitcoin are best positioned to be that,1
5270,In Detail Mastering Kali Linux for Advanced Penetration Testing w https://t.co/xvgCWW25aZ #Cybersecurity #Bitcoin https://t.co/7Wq4JSGq45,in detail mastering kali linux for advanced penetration testing w,1
2584,RT @psycho_sage: @lopp @naval How do u explain bitcoin to a child in a few sentences?,how do u explain bitcoin to a child in a few sentences,0
2028,"RT @DaveCryptos: 9 days left for the launch of #tron #trx TestNet 😎 ready?

#HODL #tron #crypto #cryptocurrency #btc #eth #ltc #bitcoin #to…",9 days left for the launch of testnet ready,1
1867,"Current #crypto prices on #Bittrex:

#Bitcoin at $8,360, down -6.8%.
#Ethereum at $515, down -9.3%.
#Ripple at $0.6… https://t.co/Ypr9jFIjIu",current prices on at 8360 down 68 at 515 down 93 at 06,0
3187,An Askhole to @jpmorgan @HuffPost @business and other paid media outlets will be successful in #cryptocurrency… https://t.co/6zInCTzfAG,an askhole to and other paid media outlets will be successful in,1
1446,Daily Update (3/22/2018) | Binance hit by fake news as Bitcoin approache... https://t.co/Lj31Hi4I8R via @YouTube,daily update 3222018 binance hit by fake news as bitcoin approache via,0
1026,"RT @BitcoinsDubai: Earn #Bitcoins while using Google Chrome https://t.co/Hl9rWBijvo

ITS #FREE !

#Bitcoin #Mining #Cryptocurrency https://…",earn while using google chrome its,1
3456,"Name: SunContract
Symbol: SNC
24 hour change: -4.46%
Price: 0.190188
Rank: 282
Total Supply: 122707503.0
Volume: 46… https://t.co/tkk18vpKEa",name suncontract symbol snc 24 hour change 446 price 0190188 rank 282 total supply 1227075030 volume 46,0
2023,The worlds first bitcoin mastery school https://t.co/ncOsZRaxdg #bitcoin #bitcoins #bitcoinschool #whatisbitcoin #bitcoinworld,the worlds first bitcoin mastery school,1
3725,"@PraiseDuarte_ Bitcoin BTG(OFFICIAL) (Bitcoin Gold) go gaining popularity ^&amp;^ right extra expensive, simply Your st… https://t.co/53ja7ec7Fk",bitcoin btgofficial bitcoin gold go gaining popularity right extra expensive simply your st,0
2585,One Bitcoin now worth $8413.81@bitstamp. High $9055.330. Low $8342.000. Market Cap $142.481 Billion #bitcoin,one bitcoin now worth 841381 high 9055330 low 8342000 market cap 142481 billion,1
2118,"When the FUD season cools down, #Bitcoin will go back up again. End of story. #HODL https://t.co/4SVAlwSmna

When t… https://t.co/nXFqAq2yet",when the fud season cools down will go back up again end of story when t,0
2297,"Bitcoin Will Become the World’s 'Single Currency,' Says Twitter CEO – CoinSpeaker ⋆ Tech Talk https://t.co/ddx4rryAUo",bitcoin will become the worlds single currency says twitter ceo coinspeaker tech talk,0
418,RT @Altcoinbuzzio: Twitter CEO @jack say Bitcoin will be Single Currency https://t.co/5EB7CgHLoh by @Seb_Ifversen https://t.co/8IwJamRFv4,twitter ceo say bitcoin will be single currency by,0
5599,Monero Miners In Uproar After Panic Algorithm Change Due to ... - Bitcoin News (press release) https://t.co/aVZOdJsn03,monero miners in uproar after panic algorithm change due to bitcoin news press release,0
3343,"Name: Asch
Symbol: XAS
24 hour change: -12.34%
Price: 0.720606
Rank: 141
Total Supply: 114855331.0
Volume: 4978880.… https://t.co/piGLGJ9X92",name asch symbol xas 24 hour change 1234 price 0720606 rank 141 total supply 1148553310 volume 4978880,0
21,"Name: BlockMason Credit Protocol
Symbol: BCPT
24 hour change: -9.14%
Price: 0.493775
Rank: 220
Total Supply: 116158… https://t.co/6NZzYxPAyj",name blockmason credit protocol symbol bcpt 24 hour change 914 price 0493775 rank 220 total supply 116158,0
4157,RT @Ihubpennys: #siliconvalley #stock #trading at a #penny and a half per #share @arrayit_corporation #arrayit $ARYC #pennystock #pennystoc…,at a and a half per aryc,0
128,"RT @robinplawrie: . @_Feirm are a #London #blockchain #startup and are running a competiton to win a #masternode. Simply follow @_feirm, li…",are a and are running a competiton to win a simply follow li,1
3905,"bonheurchasse: RT DonnieWahlberg: #DeepThoughtsFromThe80s

Critics: “New Kids On The Block’s 15 minutes of fame are… https://t.co/W80ZgfBl5a",bonheurchasse donniewahlberg critics new kids on the blocks 15 minutes of fame are,1
5444,"@cryptocubaba Bitcoin Gold (BTG) and gaining popularity and right more expensive, simply You still donТt hold it? Y… https://t.co/BU5HyhFjar",bitcoin gold btg and gaining popularity and right more expensive simply you still dont hold it y,1
954,The latest Cyber War Brief! https://t.co/CRWrhU3i2b Thanks to @uplevelsecurity @mikebex @iortyange #cybersecurity #bitcoin,the latest cyber war brief thanks to,1
300,#BTC #bitcoin #BTCUSD #Crypto not looking good heading into next week - Bearish https://t.co/b3Yi1kSlbO,not looking good heading into next week bearish,1
2571,"Name: Metaverse ETP
Symbol: ETP
24 hour change: -6.79%
Price: 0.92693
Rank: 219
Total Supply: 57377830.0
Volume: 12… https://t.co/iRs56irV99",name metaverse etp symbol etp 24 hour change 679 price 092693 rank 219 total supply 573778300 volume 12,0
1420,His short exist recent worker number exist value nor politics hope but best five #Bitcoin,his short exist recent worker number exist value nor politics hope but best five,0
88,"RT @eco: Getting better, still some room for improvement :) https://t.co/YxpaKgJbim",getting better still some room for improvement,1
5350,"join THRIVE ICO
Among the most promising #ICO with tangible business proposition and huge potential growth ! Recomm… https://t.co/yEc2VkI6pJ",join thrive ico among the most promising with tangible business proposition and huge potential growth recomm,1
2833,"RT @jsblokland: #Stocks down
#Oil down
#HighYield down
#Gold down
#Bitcoin down https://t.co/p6i2Klw8zT",down down down down down,0
1513,"Name: Eidoo
Symbol: EDO
24 hour change: -12.96%
Price: 1.60526
Rank: 174
Total Supply: 90208328.0
Volume: 6436690.0… https://t.co/i6Z9Wl5kkx",name eidoo symbol edo 24 hour change 1296 price 160526 rank 174 total supply 902083280 volume 64366900,0
764,RT @giaoduc24h: Another use case for #blockchain and #Tipper. The #TipperEconomy  can unseat Facebook and change everything! ICO Live Now!…,another use case for and the can unseat facebook and change everything ico live now,1
4165,RT @TheNvsibleHand: @Excellion The future will be built on a secure platform like #Litecoin #Bitcoin..  Makes no sense to use #Ethereum whi…,the future will be built on a secure platform like makes no sense to use whi,1
3869,"Name: ATBCoin
Symbol: ATB
24 hour change: -5.09%
Price: 0.243777
Rank: 433
Total Supply: 53120203.0
Volume: 2239400… https://t.co/TOT24eY55v",name atbcoin symbol atb 24 hour change 509 price 0243777 rank 433 total supply 531202030 volume 2239400,0
2864,"Name: Bodhi
Symbol: BOT
24 hour change: -8.18%
Price: 0.353754
Rank: 364
Total Supply: 100000000.0
Volume: 1217230.… https://t.co/62XMWiWAoZ",name bodhi symbol bot 24 hour change 818 price 0353754 rank 364 total supply 1000000000 volume 1217230,0
5240,@CarpeNoctom @RichardHeartWin Mr Gox should be beaten brutally and they should send to life imprisonment and their… https://t.co/ilusPo2qVq,mr gox should be beaten brutally and they should send to life imprisonment and their,0
4622,"@AirdropBlog Bitcoin -Gold (Bitcoin Gold) a gaining popularity also becoming extra expensive, simply Your still don… https://t.co/zfkBsUizcX",bitcoin gold bitcoin gold a gaining popularity also becoming extra expensive simply your still don,0
4178,"If the $wan listing is true, I’ll take that as a bullish signal. It seems like $wan wanted to see the market bottom… https://t.co/8PIBuucC9I",if the wan listing is true ill take that as a bullish signal it seems like wan wanted to see the market bottom,0
5668,"RT @RedNationRising: Weird News: City of Atlanta’s computers being held hostage by hacker demanding $51,000 ransom in bitcoin.",weird news city of atlantas computers being held hostage by hacker demanding 51000 ransom in bitcoin,0
1133,"Name: SunContract
Symbol: SNC
24 hour change: -4.1%
Price: 0.188158
Rank: 272
Total Supply: 122707503.0
Volume: 693… https://t.co/O8CuWBRmGT",name suncontract symbol snc 24 hour change 41 price 0188158 rank 272 total supply 1227075030 volume 693,0
4849,"When you thought you knew where $btc was going
#fail #Bitcoin #cryptocrash #crypto https://t.co/P02VOKtDkJ",when you thought you knew where btc was going,0
2496,We've created a user-friendly and affordable Blockchain service for everyone to trace and record cases of illegal u… https://t.co/T1fBXOQvap,weve created a userfriendly and affordable blockchain service for everyone to trace and record cases of illegal u,0
1600,From New York Times-bestselling author Nick Bilton comes a true-li https://t.co/jkilfT6Frn #Cybersecurity #Bitcoin https://t.co/0U2lVopFLi,from new york timesbestselling author nick bilton comes a trueli,1
1228,"Join our pump group for fast bitcoin

https://t.co/TUjj3RlB5f

$REQ $BNT $LTC $CDT $LRC $EVX $DLT $YOYO $SNT $SNGL… https://t.co/AuZEbHV42j",join our pump group for fast bitcoin req bnt ltc cdt lrc evx dlt yoyo snt sngl,1
5393,"Name: Everex
Symbol: EVX
24 hour change: -11.02%
Price: 1.2358
Rank: 286
Total Supply: 25000000.0
Volume: 2565220.0… https://t.co/dYWBowmmNb",name everex symbol evx 24 hour change 1102 price 12358 rank 286 total supply 250000000 volume 25652200,0
5714,"RT @campuscodi: DDoS attack takes down around 20% of the Lightning Bitcoin nodes.

Coinmarketcap has this coin ranked #1287

https://t.co/2…",ddos attack takes down around 20 of the lightning bitcoin nodes coinmarketcap has this coin ranked,0
810,#SUB Price is 0.00004690 (-0.00000024) #BTC / 0.393709 (-0.00216) #USD. Market rank is 115. #substratum #bitcoin #blockchain,price is 000004690 000000024 0393709 000216 market rank is 115,0
3107,"RT @BlockChainIRPR: ALERT:US SANCTIONS
#BTC #BITCOIN DOWN TO $7000 #ETH #ETHEREUM HACKED 📉
 DOWN WHILE US TREASURY TARGETS CRYPTO OMG!!! 
➡…",alertus sanctions down to 7000 hacked down while us treasury targets crypto omg,0
4115,"Just a little more #casinocoin coverage #bitcoin
https://t.co/lzcBIluZAg",just a little more coverage,1
1626,I've just posted a new blog: Bitcoin Price Rally Is Over https://t.co/7fUBRCn734,ive just posted a new blog bitcoin price rally is over,1
3424,"#surprise #presents #crypto #bitcoin #ethereum #litecoin #tron #blockchain #party #game #cryptonews

its awesome technology",its awesome technology,1
2629,Git is the version control system developed by Linus Torvalds for https://t.co/XX0MqDAYnj #Cybersecurity #Bitcoin https://t.co/Irvte122vn,git is the version control system developed by linus torvalds for,1
4312,That's a reasonable TL;DR summary of my article. Happy to see these ideas being discovered by the crypto community:… https://t.co/WWrBWXcs0H,thats a reasonable tldr summary of my article happy to see these ideas being discovered by the crypto community,1
1536,"RT @FractalStudies: What is Fractal Token and why is different from every other Token?
Read our WhitePaper: https://t.co/xOTDyqSkQM

The #B…",what is fractal token and why is different from every other token read our whitepaper the,0
2005,"Name: Propy
Symbol: PRO
24 hour change: -4.35%
Price: 0.760622
Rank: 369
Total Supply: 100000000.0
Volume: 5602890.… https://t.co/u1sSKERnwM",name propy symbol pro 24 hour change 435 price 0760622 rank 369 total supply 1000000000 volume 5602890,0
5375,Bitcoin Price Technical Analysis for 03/23/2018 – Another Reversal Pattern?Bitcoin price failed to break past the $… https://t.co/y0mr5ogAPM,bitcoin price technical analysis for 03232018 another reversal patternbitcoin price failed to break past the,0
4662,"#Bitcoin All Set to Replace the U.S #Dollar as World’s Single Currency, Says Twitter co-founder Jack Dorsey… https://t.co/hUUoaNyVrk",all set to replace the us as worlds single currency says twitter cofounder jack dorsey,0
1595,"RT @ebitToken: #Giveaway $100 in $ETH!

-Like
-Retweet
-Follow
-Comment down below with your #Ethereum (preferably) ERC20 address.

Like an…",100 in eth like retweet follow comment down below with your preferably erc20 address like an,0
685,"Thrive ICO is based on Ethereum smart contract with a total token supply of 200,000,000 THRT + Bonus. These tokens… https://t.co/M2OVAkpzYP",thrive ico is based on ethereum smart contract with a total token supply of 200000000 thrt bonus these tokens,1
3425,"Name: Moeda Loyalty Points
Symbol: MDA
24 hour change: -9.16%
Price: 0.846025
Rank: 328
Total Supply: 19628888.0
Vo… https://t.co/bbJr7f0t1Z",name moeda loyalty points symbol mda 24 hour change 916 price 0846025 rank 328 total supply 196288880 vo,0
4377,Love ordering from Amazon well as of right now you can get my learn everything about Bitcoin app now available on A… https://t.co/YMg5GGQ7Uy,love ordering from amazon well as of right now you can get my learn everything about bitcoin app now available on a,1
48,"Bitcoin's Blockchain Spreads Child Abuse Images, Dark Web Links, Wikileaks Files https://t.co/RiJOApjfBv",bitcoins blockchain spreads child abuse images dark web links wikileaks files,0
5312,Bitcoin-seeking Hackers Infect Atlanta’s Computers Marking First Such Attack on the Capital of the South: The city… https://t.co/yfG4SLN5YB,bitcoinseeking hackers infect atlantas computers marking first such attack on the capital of the south the city,1
3995,"With the increasing popularity of bitcoin and the like, this year’s tax campaign in Europe comes with many question… https://t.co/PEyoad6ZGn",with the increasing popularity of bitcoin and the like this years tax caign in europe comes with many question,1
66,RT @Cointelegraph: Most #cryptocurrencies are trying to pull back from recent lows. See what orders to place 💫 https://t.co/NJvOqAQr4G,most are trying to pull back from recent lows see what orders to place,1
422,(Everything you need to know about the week ahead for markets) has been published on Free Forex Signals - Forex/ Bi… https://t.co/qNqBnsFzyA,everything you need to know about the week ahead for markets has been published on free forex signals forex bi,1
1147,"RT @randybrito: #HechoEnSocialismo en #Venezuela:

https://t.co/JE3bXyvajT

1 VEF = 0.00000001 BTC

1 Bolivar is worth 1 satoshi

#BitcoinU…",en 1 vef 000000001 btc 1 bolivar is worth 1 satoshi,1
2961,Lol swear I didnt stole it m8 😂😂 https://t.co/oa7azurs2X,lol swear i didnt stole it m8,1
447,"When the market is acting like this you know it's time to get Long &amp; Strong💪🏻

1 - 100x Leverage ✅

▶️… https://t.co/aLH2O7aq7l",when the market is acting like this you know its time to get long strong 1 100x leverage,0
4939,"Friends! We welcome you to the seventh week of our video blog.

See the link: https://t.co/SYrKDzLzWO 
 #FLOGmall,… https://t.co/7dm3UGUzIA",friends we welcome you to the seventh week of our video blog see the link,1
5322,"New post: ""Here's Why Bitcoin, Ethereum, and Ripple Are Falling Today"" https://t.co/eeOLfVURDq",new post heres why bitcoin ethereum and ripple are falling today,1
3791,"XRB  Airdrop, bounty program (#Nano #nano #XRB #raiblocks) 

https://t.co/s7DE1XPCU3
Get XRB(Nano) free!

#Bounty… https://t.co/P0JafSA17d",xrb airdrop bounty program get xrbnano free,1
4878,1x Silver Bitcoin Commemorative Round Collectors Coin is Silver Plated Coin https://t.co/9IxYhGVydy https://t.co/AzztHEgKqQ,1x silver bitcoin commemorative round collectors coin is silver plated coin,0
3499,"Name: Santiment Network Token
Symbol: SAN
24 hour change: -12.79%
Price: 1.25205
Rank: 129
Total Supply: 83337000.0… https://t.co/vkMbunpr3g",name santiment network token symbol san 24 hour change 1279 price 125205 rank 129 total supply 833370000,0
1448,The average price of Bitcoin 8468.5 USD #bitcoin #btc #price https://t.co/BzPKIkGind,the average price of bitcoin 84685 usd,0
3774,@AshleyKjonaas @geraldfillion @nvigneaultrc Here is a little more info about the energy use https://t.co/eyybpFEN34,here is a little more info about the energy use,1
5705,"Meet #Saga, the offspring of very old and a very young monetary utopias, the SDR and cryptocurrencies. Was only a m… https://t.co/t0qA889sYK",meet the offspring of very old and a very young monetary utopias the sdr and cryptocurrencies was only a m,1
3972,"RT @ibrahimbapir: @bitcoingold we trust bitcoin gold more than bch ,
in future price be higher its civil coin !
but bch is monopoly bitmain…",we trust bitcoin gold more than bch in future price be higher its civil coin but bch is monopoly bitmain,1
919,"Due to the ever-evolving tactics of our enemies, the American inte https://t.co/7oYJO6Q7IB #Cybersecurity #Bitcoin https://t.co/DyjyxCwN1r",due to the everevolving tactics of our enemies the american inte,0
341,Because we'll be removing the destructive effects of govt inflationist control over money. This is what creates the… https://t.co/Db9PR6RzzF,because well be removing the destructive effects of govt inflationist control over money this is what creates the,0
607,RT @Quantummedical1: $DRWN Glad to see our shareholders saw we were undervalued. Way to go! We are building the bridge to higher valuation.…,drwn glad to see our shareholders saw we were undervalued way to go we are building the bridge to higher valuation,1
529,"Name: BlockMason Credit Protocol
Symbol: BCPT
24 hour change: -14.21%
Price: 0.465528
Rank: 222
Total Supply: 11615… https://t.co/o2U8z3SosL",name blockmason credit protocol symbol bcpt 24 hour change 1421 price 0465528 rank 222 total supply 11615,0
4632,"Name: Blocktix
Symbol: TIX
24 hour change: -12.71%
Price: 0.340559
Rank: 364
Total Supply: 62500000.0
Volume: 10693… https://t.co/Pydhjmyu3Z",name blocktix symbol tix 24 hour change 1271 price 0340559 rank 364 total supply 625000000 volume 10693,0
5245,"@grockrecords2 Bitcoin -Gold (Bitcoin-Gold) are become popularity and seemly extra expensive, only Your still donТt… https://t.co/OLxNjnna1U",bitcoin gold bitcoingold are become popularity and seemly extra expensive only your still dont,0
3779,Join #CIBUS #ICO Food Ecosystem On blockchain. Less than 4 days ICO will end! Have CIBUS Token Now by signing up an… https://t.co/zjRSDW8oB9,join food ecosystem on blockchain less than 4 days ico will end have cibus token now by signing up an,0
2423,"RT @rossobianchi_: @ledgerstatus This is true. 

For the next few years at least. People speculating that a recession will be good for bitc…",this is true for the next few years at least people speculating that a recession will be good for bitc,1
3243,RT @BitcoinForumCom: “Bitcoin will overtake the dollar in importance as it becomes the single global currency of the internet within a deca…,bitcoin will overtake the dollar in importance as it becomes the single global currency of the internet within a deca,0
3150,"RT @TJhcAEeZQ7SYsgI: @AirdropKitty Bitcoin BTG (Bitcoin-Gold) and become best news &amp; becoming added expensive, simply You still donТt hold…",bitcoin btg bitcoingold and become best news becoming added expensive simply you still dont hold,1
4869,"Name: NuBits
Symbol: USNBT
24 hour change: -5.21%
Price: 0.747521
Rank: 478
Total Supply: 70359639.0
Volume: 162074… https://t.co/qg5FwIwVIo",name nubits symbol usnbt 24 hour change 521 price 0747521 rank 478 total supply 703596390 volume 162074,0
238,"The unfortunate events of September 11, 2001 have caused a renewed https://t.co/xf6h0Kebwo #Cybersecurity #Bitcoin https://t.co/qtMlfSeM6K",the unfortunate events of september 11 2001 have caused a renewed,0
3716,"RT @LetsBuyCrypto: Be part of the first decentralized cryptocurrency #exchange
#Anonym, #fast and #secure: https://t.co/UfgYPGIWxu

Registe…",be part of the first decentralized cryptocurrency and registe,1
5814,"Just in case you were wondering whether to leave your children with precious metals or cryptocurrencies:

https://t.co/TvAHDazlR1",just in case you were wondering whether to leave your children with precious metals or cryptocurrencies,1
2202,"Name: Centra
Symbol: CTR
24 hour change: -5.43%
Price: 0.445826
Rank: 232
Total Supply: 98272765.0
Volume: 15176600… https://t.co/VZoHIMpgNS",name centra symbol ctr 24 hour change 543 price 0445826 rank 232 total supply 982727650 volume 15176600,0
436,"Name: DADI
Symbol: DADI
24 hour change: -14.31%
Price: 0.186684
Rank: 358
Total Supply: 100000000.0
Volume: 2587780… https://t.co/axPp1e5G18",name dadi symbol dadi 24 hour change 1431 price 0186684 rank 358 total supply 1000000000 volume 2587780,0
1776,WONDERFUL!! https://t.co/csBpd0ZY2F,wonderful,1
262,"The newly appointed head of China's Central Bank just said ""Bitcoin is a currency that provides freedom to anyone t… https://t.co/j8iedeg2i2",the newly appointed head of chinas central bank just said bitcoin is a currency that provides freedom to anyone t,1
3601,"Name: Metaverse ETP
Symbol: ETP
24 hour change: -12.4%
Price: 0.881549
Rank: 220
Total Supply: 57380343.0
Volume: 1… https://t.co/wVAsD6vt3B",name metaverse etp symbol etp 24 hour change 124 price 0881549 rank 220 total supply 573803430 volume 1,0
1639,@crypto_chimp @BCHBitcoinCash @Markoola121 @CobraBitcoin @Blockstream @JihanWu What you FAIL to understand that Bit… https://t.co/b9egvTadRk,what you fail to understand that bit,0
4724,"Name: EZToken
Symbol: EZT
24 hour change: -7.52%
Price: 0.914494
Rank: 414
Total Supply: 50000000.0
Volume: 1152490… https://t.co/i7RbsQk382",name eztoken symbol ezt 24 hour change 752 price 0914494 rank 414 total supply 500000000 volume 1152490,0
547,"Name: Aeron
Symbol: ARN
24 hour change: -14.03%
Price: 1.22848
Rank: 335
Total Supply: 20000000.0
Volume: 1153360.0… https://t.co/HctVhcsrnb",name aeron symbol arn 24 hour change 1403 price 122848 rank 335 total supply 200000000 volume 11533600,0
5090,Bitcoin Will Be World's 'Single Currency' Says Twitter CEO https://t.co/Un06Ru2ziP by #MyCryptoWorks via @c0nvey https://t.co/qpNORkf6yh,bitcoin will be worlds single currency says twitter ceo by via,0
3983,"Name: Groestlcoin
Symbol: GRS
24 hour change: -13.03%
Price: 0.478676
Rank: 224
Total Supply: 69677309.0
Volume: 13… https://t.co/tMZbknn6Rw",name groestlcoin symbol grs 24 hour change 1303 price 0478676 rank 224 total supply 696773090 volume 13,0
2157,@derek_hsue They have the ability to groom a successor or hire young talent that they know will be better than them… https://t.co/8Hgas7mtLK,they have the ability to groom a successor or hire young talent that they know will be better than them,1
426,RT @SmartTaylorApp: Very exciting news to be published in the next few hours! Take advantage of the lower price: https://t.co/N263iriduB .…,very exciting news to be published in the next few hours take advantage of the lower price,1
380,"Name: WaBi
Symbol: WABI
24 hour change: -4.75%
Price: 0.794533
Rank: 206
Total Supply: 99218023.0
Volume: 4522820.0… https://t.co/39U3TdyBzW",name wabi symbol wabi 24 hour change 475 price 0794533 rank 206 total supply 992180230 volume 45228200,0
4956,"Name: AdEx
Symbol: ADX
24 hour change: -5.03%
Price: 0.776241
Rank: 155
Total Supply: 100000000.0
Volume: 6922640.0… https://t.co/hkqBxC9hE6",name adex symbol adx 24 hour change 503 price 0776241 rank 155 total supply 1000000000 volume 69226400,0
2195,If China crushes the US dollar what happens to @Bitcoin and other dollar denominated currencies. @bantigito… https://t.co/svMe3BWwGz,if china crushes the us dollar what happens to and other dollar denominated currencies,0
4223,RT @bitstein: The worst part is @arstechnica insulting @spudowiar and the quality of his work because of his age. They should be running a…,the worst part is insulting and the quality of his work because of his age they should be running a,0
1432,"RT @marcosluis2186: What I´m reading these days? 
1. The interesting whitepapers from @genesis_vision &amp; @ArdorPlatform 
2. The exclusive re…",what im reading these days 1 the interesting whitepapers from 2 the exclusive re,1
4278,📰 There is a powerful reason for creating the UTEMIS cryptocurrency token!  Read our executive summary 🔥==&gt;&gt; (link:… https://t.co/wrM6PaeLVd,there is a powerful reason for creating the utemis cryptocurrency token read our executive summary gtgt link,1
1571,"Name: Mercury
Symbol: MER
24 hour change: -9.6%
Price: 0.198471
Rank: 294
Total Supply: 100000000.0
Volume: 1267840… https://t.co/GcfsdJVpvb",name mercury symbol mer 24 hour change 96 price 0198471 rank 294 total supply 1000000000 volume 1267840,0
1970,RT @GiftcoinCrypto: There's still time to get whitelisted before the token sale goes live! We're opening up our Giftcoin Crypto Sale in 10…,theres still time to get whitelisted before the token sale goes live were opening up our giftcoin crypto sale in 10,1
5186,"RT @adamludwin: 4/And no, I’m not talking about Bitcoin as a “store of value.” There’s nothing wrong with thinking of Bitcoin as digital go…",4and no im not talking about bitcoin as a store of value theres nothing wrong with thinking of bitcoin as digital go,0
84,"@SarahWilde88 Bitcoin -Gold (BTG) do  becomes best news ^&amp;^ seemly more expensive, but Your still donТt own it? You… https://t.co/z8YqQLj6UU",bitcoin gold btg do becomes best news seemly more expensive but your still dont own it you,1
5604,"Some signs of weakness, but it might reverse.",some signs of weakness but it might reverse,0
4798,"RT @coinhive_live: ""Bitcoin isn't safe"" is probably the biggest lie being told to us by governments and banks. In this true awesome short l…",bitcoin isnt safe is probably the biggest lie being told to us by governments and banks in this true awesome short l,1
3521,#SUB Price is 0.00004558 (-0.00000025) #BTC / 0.382547 (-0.00151) #USD. Market rank is 116. #substratum #bitcoin #blockchain,price is 000004558 000000025 0382547 000151 market rank is 116,0
1667,"#blockchain #btc #crypto #cryptocurrency #bitcoin #Ethereum #ETH 46 
 The first blockchain platform to power sports… https://t.co/9PpOlev1vS",46 the first blockchain platform to power sports,1
4193,"#Forex

I leave the LOSING

To the LOSER :) 

More: https://t.co/1gFbcxLTfa #Bitcoin https://t.co/EwGOWijlyH",i leave the losing to the loser more,1
1897,"imagine winning big? This Friday we have a huge jackpot of 50 Bitcoins currently worth $410,992,90! thats a huge am… https://t.co/1K4fvkrcfG",imagine winning big this friday we have a huge jackpot of 50 bitcoins currently worth 41099290 thats a huge am,1
704,#BITCOIN drops 200$ in 60 sec. #CRYPTOCURRENCY #BLOCKCHAIN — Steemit https://t.co/B9o2wF8MA5,drops 200 in 60 sec steemit,0
5735,"Name: Raiden Network Token
Symbol: RDN
24 hour change: -9.6%
Price: 1.5285
Rank: 130
Total Supply: 100000000.0
Volu… https://t.co/TVXS7MUOCj",name raiden network token symbol rdn 24 hour change 96 price 15285 rank 130 total supply 1000000000 volu,0
2539,Perhaps Dorsey’s prediction is spot on. Perhaps there will be a single digital currency for the Internet 10 years f… https://t.co/7Ltb9N1D9K,perhaps dorseys prediction is spot on perhaps there will be a single digital currency for the internet 10 years f,0
4428,"#CCA #ICO #Crowdsale #Bitcoin   Great news. I like the company grow. Believe in your success this year.
Carefully f… https://t.co/YyqOSXA52u",great news i like the company grow believe in your success this year carefully f,1
1631,Join this great airdrop https://t.co/s7EW6vHUOL,join this great airdrop,1
2106,"Friday 23/3/2018 Retracement on Bitcoin Whats Love got to do with it 8,403.12",friday 2332018 retracement on bitcoin whats love got to do with it 840312,1
1117,This dude in class has been preaching all day about how amazing it is to sit up front like we’ve all missed this am… https://t.co/eSpnEiMdCa,this dude in class has been preaching all day about how amazing it is to sit up front like weve all missed this am,1
2211,"Name: CRYPTO20
Symbol: C20
24 hour change: -7.74%
Price: 1.29462
Rank: 165
Total Supply: 40656082.0
Volume: 2546580… https://t.co/3VuwLVKZ8t",name crypto20 symbol c20 24 hour change 774 price 129462 rank 165 total supply 406560820 volume 2546580,0
80,"RT @PumpIndicator: #NobleCoin is insane, just found this coin and I love it's concept. It seems to have a lot of momentum at the moment, ca…",is insane just found this coin and i love its concept it seems to have a lot of momentum at the moment ca,0
474,"@coinlerinkrali Bitcoin -Gold (BTG) a gaining popular ^&amp;^ becoming extra expensive, simply You still donТt hold it?… https://t.co/oFGaXGeHvv",bitcoin gold btg a gaining popular becoming extra expensive simply you still dont hold it,1
2752,What other crypto investors should know about Ripple/XRP https://t.co/2KaN2YsSRQ #ripple #hodl #cryptocoin $xvg… https://t.co/O5RSykfY6o,what other crypto investors should know about ripplexrp xvg,0
1679,@Sicarious_ A trading tool for more Bitcoin.,a trading tool for more bitcoin,1
4796,@Melt_Dem @La__Cuen I highly doubt Satoshi was one person. Someone would have to test Bitcoin p2p with at least one… https://t.co/ujlDOLU535,i highly doubt satoshi was one person someone would have to test bitcoin p2p with at least one,0
1167,"@dfitzgeraldart IMO one can at least increase level of privacy if they really cared:
vpn
encrypted email and messag… https://t.co/S0NbQhnaZR",imo one can at least increase level of privacy if they really cared vpn encrypted email and messag,0
507,"@zepaev911 Bitcoin BTG(OFFICIAL) (BTG) do  gaining popularity and becoming extra expensive, but Your still donТt ho… https://t.co/3njCsbUssX",bitcoin btgofficial btg do gaining popularity and becoming extra expensive but your still dont ho,0
2285,"Name: WaBi
Symbol: WABI
24 hour change: -5.66%
Price: 0.795498
Rank: 208
Total Supply: 99218023.0
Volume: 4332140.0… https://t.co/SOBkhZ9apR",name wabi symbol wabi 24 hour change 566 price 0795498 rank 208 total supply 992180230 volume 43321400,0
2007,"Name: NuBits
Symbol: USNBT
24 hour change: -6.74%
Price: 0.752916
Rank: 476
Total Supply: 70359639.0
Volume: 173046… https://t.co/LwcqRnU31q",name nubits symbol usnbt 24 hour change 674 price 0752916 rank 476 total supply 703596390 volume 173046,0
2700,"@Billyisgreat123 LOL, obviously your clueless, bitcoin is good, just not as good as it once was",lol obviously your clueless bitcoin is good just not as good as it once was,1
5463,@BarstoolBigCat now that you can’t be associated with Seagal... be a real shame if you dipped your toe in Escobar’s… https://t.co/PqauAfga7x,now that you cant be associated with seagal be a real shame if you dipped your toe in escobars,1
3806,Jack Dorsey believes Bitcoin will become the single global currency in 10 years via /r/btc https://t.co/omUskEVvc1,jack dorsey believes bitcoin will become the single global currency in 10 years via rbtc,0
430,"RT @JohnGalviso: @Marlo85389383 @CBitcoinNetwork I ddnt make it when crazy time was live but i have no complaints about that, coz i love #C…",i ddnt make it when crazy time was live but i have no complaints about that coz i love,1
2443,"RT @CoinText: Remember the original promise of permissionless, borderless, honest money to the unbanked around the world? $BCH #BitcoinCash…",remember the original promise of permissionless borderless honest money to the unbanked around the world bch,1
108,"Name: Edgeless
Symbol: EDG
24 hour change: -6.44%
Price: 0.743863
Rank: 144
Total Supply: 132046997.0
Volume: 10422… https://t.co/2XNfGJYXOj",name edgeless symbol edg 24 hour change 644 price 0743863 rank 144 total supply 1320469970 volume 10422,0
1734,How To Earn Bitcoins Fast And Easy 2018 [ Make Money With Bitcoin 1K in ... https://t.co/CulGYbM8v7 qua @YouTube,how to earn bitcoins fast and easy 2018 make money with bitcoin 1k in qua,1
5300,"Name: Wings
Symbol: WINGS
24 hour change: -6.98%
Price: 0.459735
Rank: 189
Total Supply: 100000000.0
Volume: 183099… https://t.co/gPO4F8rIye",name wings symbol wings 24 hour change 698 price 0459735 rank 189 total supply 1000000000 volume 183099,0
1500,"Seeing bitcoin’s sporadic behavior can suck at times, but it is quite entertaining seeing these TA “professionals”… https://t.co/mTqO6qv25O",seeing bitcoins sporadic behavior can suck at times but it is quite entertaining seeing these ta professionals,1
820,"Name: Aeron
Symbol: ARN
24 hour change: -12.26%
Price: 1.25425
Rank: 334
Total Supply: 20000000.0
Volume: 1111130.0… https://t.co/OmnOhvNxQA",name aeron symbol arn 24 hour change 1226 price 125425 rank 334 total supply 200000000 volume 11111300,0
2720,"Name: Bread
Symbol: BRD
24 hour change: -11.49%
Price: 0.459268
Rank: 215
Total Supply: 88862718.0
Volume: 1359820.… https://t.co/h9xasIBnsW",name bread symbol brd 24 hour change 1149 price 0459268 rank 215 total supply 888627180 volume 1359820,0
5492,New post (What Does the Dow Jones Toppling Mean for Cryptocurrencies?) has been published on  -… https://t.co/2BWNWdzhqT,new post what does the dow jones toppling mean for cryptocurrencies has been published on,0
3977,"Name: Eidoo
Symbol: EDO
24 hour change: -4.77%
Price: 1.72031
Rank: 170
Total Supply: 90208328.0
Volume: 5839240.0… https://t.co/U7fTHjvsGx",name eidoo symbol edo 24 hour change 477 price 172031 rank 170 total supply 902083280 volume 58392400,0
5788,"I Just Made $50.12 In Bitcoin Just NOW!
Hi there,

Look...I won't keep you long just take a look at what I'm making… https://t.co/MxzjfqidZd",i just made 5012 in bitcoin just now hi there looki wont keep you long just take a look at what im making,0
695,"RT @FarmaTrust: If this was to become true, it should definitely help with the current condition of the #crypto #market. What do you guys t…",if this was to become true it should definitely help with the current condition of the what do you guys t,1
5559,RT @ITPro: Slow speeds on your browser could be a sign that it's been enthralled by a #cryptocurrency miner https://t.co/WElwypXceI #bitcoi…,slow speeds on your browser could be a sign that its been enthralled by a miner,0
4825,This effective study guide delivers 100% coverage of all topics on https://t.co/jmisbgOEv9 #Cybersecurity #Bitcoin https://t.co/NhIcvRnoMJ,this effective study guide delivers 100 coverage of all topics on,1
590,"@InsurChain Bitcoin BTG (Bitcoin-Gold) a gaining best news &amp; right added expensive, just You still donТt hold it? Y… https://t.co/SqX3CpZkT6",bitcoin btg bitcoingold a gaining best news right added expensive just you still dont hold it y,1
616,New post (The US Postal Service Is Looking at Backing Up Data With Blockchain - CoinDesk) has been published on  -… https://t.co/iq0UVWsFTf,new post the us postal service is looking at backing up data with blockchain coindesk has been published on,1
4107,"@hatice_bayk Bitcoin Gold (Bitcoin Gold) do  becomes popularity also attractive more expensive, just You still donТ… https://t.co/B66Bt3soZO",bitcoin gold bitcoin gold do becomes popularity also attractive more expensive just you still don,1
4255,I added a video to a @YouTube playlist https://t.co/Ne0QzudRjK How to Open Free Account in Mellow Ads and Earn Bitcoin Satoshi,i added a video to a playlist how to open free account in mellow ads and earn bitcoin satoshi,1
274,"@JakeNTech New options: 
1. Water Cooled Laptop, WetCoin™!
2. Two Computa, Two BitCoin!",new options 1 water cooled laptop wetcoin 2 two computa two bitcoin,1
4720,bonheurchasse: RT JLRD1978: I wonder how many fools have been pitied.  #DeepThoughtsFromThe80s https://t.co/EVhAjMa013,bonheurchasse jlrd1978 i wonder how many fools have been pitied,1
749,"Name: https://t.co/0Ow97S63We Utility Token
Symbol: SXUT
24 hour change: -8.5%
Price: 0.266428
Rank: 507
Total Supp… https://t.co/hkDwwzspYH",name utility token symbol sxut 24 hour change 85 price 0266428 rank 507 total supp,0
138,Don’t think #wan will dump everyone waiting for the dump will get left behind paying 2-3times the opening price ...… https://t.co/0suFMemZnL,dont think will dump everyone waiting for the dump will get left behind paying 23times the opening price,0
5120,"RT @Steveonomics: Unless you went all in yesterday, you're probably ok. https://t.co/tfNtU4JTYB",unless you went all in yesterday youre probably ok,1
2922,"Current Bitcoin Rate in USD : 8,402.1088 Check other Currencies: https://t.co/KqQpwIzXrs #BitsRate #BTC #Bitcoins",current bitcoin rate in usd 84021088 check other currencies,0
1764,DRAGONMINT BITCOIN MINER! Most Efficient BTC Miner Yet! 16TH/s https://t.co/vdZEgzq1Bh,dragonmint bitcoin miner most efficient btc miner yet 16ths,1
2613,"Wow my tweet is getting deleted about @usbank not processing crypto transactions? What’s actually going on... 

#crypto
#BTCUSD 
#bitcoin",wow my tweet is getting deleted about not processing crypto transactions whats actually going on,1
984,"RT @LEXITco: ""The world ultimately will have a single currency, the internet will have a single currency. I personally believe that it will…",the world ultimately will have a single currency the internet will have a single currency i personally believe that it will,0
4019,"#Bitcoin #Ethereum #Blockchain Bitcoin Transaction Fees are Dropping to $1, Can This be Sustained Long https://t.co/rdhlHh1SLQ",bitcoin transaction fees are dropping to 1 can this be sustained long,0
5273,QuantH (QTH) Token ICO Official Live Launch #blockchain #ethereum #bitcoin #ICO #bountyhunters #BountyProgram… https://t.co/fUKfUf0ysr,quanth qth token ico official live launch,1
2694,"RT @obizcoin: ICO is now LIVE. Learn more about the attractive offers, bonus and referral commissions: https://t.co/xCdzbj4tyA
#Token #Bitc…",ico is now live learn more about the attractive offers bonus and referral commissions,1
4078,"RT @moneyblockchain: Name: True Chain
Symbol: TRUE
24 hour change: -5.51%
Price: 0.480939
Rank: 390
Total Supply: 100000000.0
Volume: 86219…",name true chain symbol true 24 hour change 551 price 0480939 rank 390 total supply 1000000000 volume 86219,0
1356,Accept Bitcoin and other crypto in your online store with CoinPayments https://t.co/X2m1d2homO #bitcoin #altcoins #CoinPayments,accept bitcoin and other crypto in your online store with coinpayments,0
4306,Install CryptoTab and mine Bitcoin! https://t.co/sDHQaIr2WH Refer your friends by sharing your unique link above to… https://t.co/wxq8ySOxpH,install cryptotab and mine bitcoin refer your friends by sharing your unique link above to,1
2475,"RT @nwoodfine: 3/ If you got into bitcoin, you could not avoid learning about the economics, politics and philosophy behind bitcoin's creat…",3 if you got into bitcoin you could not avoid learning about the economics politics and philosophy behind bitcoins creat,0
1518,An early #blogpost of mine about #bitcoin in #secondlife Gives a sense of what was going on in its early days… https://t.co/xxMNL593ia,an early of mine about in gives a sense of what was going on in its early days,1
2641,"RT @bexsta711: @prenmoodley @prenmoodley the #btcp are working really hard to ensure there is a group for everybody, here is the group for…",the are working really hard to ensure there is a group for everybody here is the group for,0
439,RT @Speedfrog66: Win free bitcoins every hour from this website&gt;&gt;&gt; https://t.co/kcZx2EtVxB #bitcoin #money @Bitcoin @cryptocurrency #crypto…,win free bitcoins every hour from this websitegtgtgt,1
1079,"1: Bitcoin average price is $8432.27 (-0.08% 1h)
2: Ethereum average price is $513.921 (-1.09% 1h)
3: Ripple averag… https://t.co/itlC61Op6s",1 bitcoin average price is 843227 008 1h 2 ethereum average price is 513921 109 1h 3 ripple averag,0
5549,New #bitcoin block 00000000000000000045b039632035f328a6dbbc05b69dbf562e103fb46bdf60 mined at height 514742.,new block 00000000000000000045b039632035f328a6dbbc05b69dbf562e103fb46bdf60 mined at height 514742,1
1577,"[me, hanging out with a bunch of pretentious hipsters]

“So bitcoin, amiright?”",me hanging out with a bunch of pretentious hipsters so bitcoin amiright,0
2719,"@easybtcearn Bitcoin -Gold (Bitcoin Gold) are become popularity also seemly extra expensive, simply Your still donТ… https://t.co/xRT4fBNZiw",bitcoin gold bitcoin gold are become popularity also seemly extra expensive simply your still don,0
732,"https://t.co/2AmKC67ngW #AutoFeedlyBot #

Secret Documents Reveal NSA Surveillance Program to Monitor Bitcoin Users… https://t.co/KRhmu5PnIX",secret documents reveal nsa surveillance program to monitor bitcoin users,0
2396,@chuckwoolery All the more reason to give gun owners and gun dealers reason to use Bitcoin!!,all the more reason to give gun owners and gun dealers reason to use bitcoin,1
5257,"@TheAirdrops Bitcoin BTG (BTG) do  gaining popular also right extra expensive, marely Your still donТt hold it? You… https://t.co/ul0vBG0Y0k",bitcoin btg btg do gaining popular also right extra expensive marely your still dont hold it you,1
3468,UK Crypto Exchange Will Launch First ‘Physically Delivered’ Bitcoin Futures Next Month – Crypto Feed https://t.co/HYVyG1vxOZ #crypto,uk crypto exchange will launch first physically delivered bitcoin futures next month crypto feed,1
382,Good man Pablo's wee bro. Satoshi mystery solved 😎 https://t.co/6ja0ueAyGv,good man pablos wee bro satoshi mystery solved,1
4099,"RT @_Kevin_Pham: Bitcoin is 9 years old and it's best days are ahead of it 

Facebook is 14 years old and it's best days are behind it.",bitcoin is 9 years old and its best days are ahead of it facebook is 14 years old and its best days are behind it,1
3653,"RT @murthaburke: Repair Your Credit! LexingtonLaw is the Best Way to Repair Credit That There is!
https://t.co/RdgEuz8Iki
#blockchain #cryp…",repair your credit lexingtonlaw is the best way to repair credit that there is,1
1037,"In late November 2014, Sony Pictures unwittingly found itself at t https://t.co/lGSLyQaHC4 #Cybersecurity #Bitcoin https://t.co/FKZK5IBzO6",in late november 2014 sony pictures unwittingly found itself at t,0
649,"Name: Matchpool
Symbol: GUP
24 hour change: -4.94%
Price: 0.202023
Rank: 354
Total Supply: 98855150.0
Volume: 31378… https://t.co/RPEr0dsESp",name matchpool symbol gup 24 hour change 494 price 0202023 rank 354 total supply 988551500 volume 31378,0
11,"Name: Arcblock
Symbol: ABT
24 hour change: -14.0%
Price: 0.681774
Rank: 142
Total Supply: 186000000.0
Volume: 46127… https://t.co/AAqfuxZXIV",name arcblock symbol abt 24 hour change 140 price 0681774 rank 142 total supply 1860000000 volume 46127,0
4899,Culture successful article inside table he remember write yard number stage society service window #Bitcoin,culture successful article inside table he remember write yard number stage society service window,0
594,"RT @Projectdiamond_: Website will be available on 23 (Tomorrow) with airdrop,Bounty program and whitepaper on 24 March

#Airdrop #live #Tok…",website will be available on 23 tomorrow with airdropbounty program and whitepaper on 24 march,1
2251,Ok it's time to get my Bitcoin Private coins #btcp into my #electrum wallet https://t.co/T4zfdFVD9W,ok its time to get my bitcoin private coins into my wallet,1
4009,Child Pornography That Researchers Found in the Blockchain Could Threaten Bitcoin's Very Existence https://t.co/Wmy60PeMNc,child pornography that researchers found in the blockchain could threaten bitcoins very existence,1
2258,@cirbnd @TechCrunch If you are trying to get started using Bitcoin Private you might to know how to claim free 1 BT… https://t.co/bBiClJgnxk,if you are trying to get started using bitcoin private you might to know how to claim free 1 bt,1
3409,"RT @CryptoComes: Marshal’s Office Sells 2,170 More Bitcoins https://t.co/sfqHS3jgy8  #Cryptocurrency  #USMarshals,#SilkRoad,#RossUlbricht,#…",marshals office sells 2170 more bitcoins,1
4991,Together we can change The Global Market and Aim for Financial Freedom by supporting each other financially and cre… https://t.co/ZX5VUVKPmv,together we can change the global market and aim for financial freedom by supporting each other financially and cre,1
1114,"ceo of https://t.co/1PIbfKUqeM ""our goal is to make bitcoin cash the most usable and used currency out there, and w… https://t.co/Zm1HUZoizj",ceo of our goal is to make bitcoin cash the most usable and used currency out there and w,1
327,"Average Bitcoin market price is: USD 8,401.86, EUR 6,812.67",average bitcoin market price is usd 840186 eur 681267,0
3370,WSJ: SEC To Examine Up To 100 Crypto-Related Hedge Funds - Cointelegraph via BTCnews #Bitcoin https://t.co/O3iGVmLDE6,wsj sec to examine up to 100 cryptorelated hedge funds cointelegraph via btcnews,0
3834,"@mybitcoin_jp Bitcoin BTG (BTG) a becomes popularity ^&amp;^ apt other expensive, marely Your still donТt hold it? You… https://t.co/C6UOmSwcVp",bitcoin btg btg a becomes popularity apt other expensive marely your still dont hold it you,0
1559,Someone with a bright mind that will is going to help the Chinese economy to prosper https://t.co/pCHDQsvvwy,someone with a bright mind that will is going to help the chinese economy to prosper,1
4656,"@_crypto_iceman @Coinneo1 @andreastzav @TheRealXinxi Congrats to you, but more than half the people in the world li… https://t.co/OjpElSCTHM",congrats to you but more than half the people in the world li,1
1534,"Current Bitcoin Rate in USD : 8,411.0225 Check other Currencies: https://t.co/KqQpwIzXrs #BitsRate #BTC #Bitcoins",current bitcoin rate in usd 84110225 check other currencies,0
1774,Latest News on bitcoin As Things starts Getting Worst For Bitcoin As Google Bans Cryptocurrency Ads While Bitcoin C… https://t.co/hjKfHdjBnD,latest news on bitcoin as things starts getting worst for bitcoin as google bans cryptocurrency ads while bitcoin c,0
4761,"🔔💰 Crypto Angel | Airdrop 💰🔔

Who reffered you? : @stylonius2

Link down below.

Don't miss out!  📢 📢
Telegram:… https://t.co/LCFms3a1zO",crypto angel airdrop who reffered you link down below dont miss out telegram,0
4714,Get your hands on the  hottest crypto currency which went up 100x in 2017 and is expected to exceed Bitcoin soon.… https://t.co/F4h3zlLfw7,get your hands on the hottest crypto currency which went up 100x in 2017 and is expected to exceed bitcoin soon,0
2095,"@DAGTofficial Bitcoin BTG (BTG) a become popularity also becoming other expensive, only You still donТt hold it? Yo… https://t.co/tjj4VINMKc",bitcoin btg btg a become popularity also becoming other expensive only you still dont hold it yo,0
2397,RT @AIRDROP_AGADIR: #Airdrop PhotoCoin Airdrop Round#2. 100 #PhotoCoin will be giving to everyone who complete the google form. Your accoun…,photocoin airdrop round 100 will be giving to everyone who complete the google form your accoun,1
5057,RT @nugget_alex: Wow. #Bitcoin vs #Fiat @JanKasparecArt https://t.co/wbs13sB13g,wow vs,1
5185,Bitcoin: Cryptocurrency Survey to build superior price-checking app and website experience for you - https://t.co/nmplePJmwS,bitcoin cryptocurrency survey to build superior pricechecking app and website experience for you,1
4587,@grisuy But alas https://t.co/8ERBEepQCp,but alas,0
4935,"Steps to build the great firewall of yourself.  

Must read @notsofast

https://t.co/eMfuJ8s0ri",steps to build the great firewall of yourself must read,1
60,"#Bitcoin is based on #blockchain. A public ledger of transactions that's safe, huge potential to be future currency. #bitcoinminer",is based on a public ledger of transactions thats safe huge potential to be future currency,1
4958,Probably and effect hope difficult myself beautiful election relate listen computer #Bitcoin,probably and effect hope difficult myself beautiful election relate listen computer,1
372,"#SETOKEN 1st Round of Token Sale starts in 2 days.

1st Round: 25,000,000 SET (5%) + 40% early-bird bonus

#ICO… https://t.co/9PRwJpKx95",1st round of token sale starts in 2 days 1st round 25000000 set 5 40 earlybird bonus,0
991,"Current Bitcoin Rate in USD : 8,383.7000 Check other Currencies: https://t.co/KqQpwIzXrs #BitsRate #BTC #Bitcoins",current bitcoin rate in usd 83837000 check other currencies,0
4375,"Fake news banning work Binance in Japan brought down the market of Bitcoin
the Director of Binance Changpeng Zhao r… https://t.co/8Ajgy7OwqQ",fake news banning work binance in japan brought down the market of bitcoin the director of binance changpeng zhao r,0
2894,"RT @minervasupports: #Giveaway $100 in $ETH!

-Like
-Retweet
-Follow
-Comment down below with your #Ethereum (preferably) ERC20 address.

L…",100 in eth like retweet follow comment down below with your preferably erc20 address l,0
2735,"RT nauticusen: #Nauticus was mentioned in an article, thanks to BTCTN!

#nauticusblockchain #crypto #cryptocurrency… https://t.co/M6AFfHim6q",nauticusen was mentioned in an article thanks to btctn,1
4485,1 Bitcoin Cash = 1017.03 USD. BCH has increased by 4.83 USD in 30 mins. Live price: https://t.co/SlFyfFfYJp #bitcoin #bch #cryptocurrency,1 bitcoin cash 101703 usd bch has increased by 483 usd in 30 mins live price,1
490,#SUB Price is 0.00004444 (-0.00000092) #BTC / 0.372594 (-0.00866) #USD. Market rank is 117. #substratum #bitcoin #blockchain,price is 000004444 000000092 0372594 000866 market rank is 117,0
697,"Name: NuBits
Symbol: USNBT
24 hour change: -14.42%
Price: 0.698651
Rank: 482
Total Supply: 70359638.0
Volume: 59498… https://t.co/hWTnosHtzw",name nubits symbol usnbt 24 hour change 1442 price 0698651 rank 482 total supply 703596380 volume 59498,0
405,"Now first time ever, you can mine Bitcoin using Google Chrome. thats really cool ....  https://t.co/rNsZq4aQyO",now first time ever you can mine bitcoin using google chrome thats really cool,1
2401,"MFChain ⭐⭐⭐

-Bridging crypto gap between merchants and consumers with blockchain smart contract platform.

Est. va… https://t.co/pBFiK0ckdT",mfchain bridging crypto gap between merchants and consumers with blockchain smart contract platform est va,1
195,"Nice to have it.
@UurEski4 
@dada99110 
@hiboat2 
@ejddowk871 
@airdropcuu https://t.co/bkMHIhZ1pn",nice to have it,1
2338,#DisruptAllHub Bitcoin: Crypto Collectibles Are Worthless Without a Website https://t.co/kFNqBuXQ31 #Bitcoin… https://t.co/zZFurXYGq8,bitcoin crypto collectibles are worthless without a website,0
4122,MIAMI Ultra-Luxury Real Estate #OceanSkyHomes &amp; BITCOIN is the largest implementation of blockchain technology to d… https://t.co/hDvVFSPIgl,miami ultraluxury real estate bitcoin is the largest implementation of blockchain technology to d,1
5281,"@icoinfospace Bitcoin -Gold (Bitcoin-Gold) and become best news ^&amp;^ attractive other expensive, marely You still do… https://t.co/KOeK1RIIk7",bitcoin gold bitcoingold and become best news attractive other expensive marely you still do,1
4379,"RT @badcrypto: Tell your children to go play outside, because it’s the no-holds-barred, completely raw and uncensored episode #100 of The B…",tell your children to go play outside because its the noholdsbarred completely raw and uncensored episode of the b,0
4371,"RT @mineZcash: @Snowden talks about the problems with a having a public Blockchain, #Zcash is still the most interesting alternative: https…",talks about the problems with a having a public blockchain is still the most interesting alternative,1
2825,"EASY STEPS TO BUY MEXC TOKENS

Stage Two of #crowdsale will end in 18 hours !
With very low ETH price now, it is th… https://t.co/f5Re5FHTjO",easy steps to buy mexc tokens stage two of will end in 18 hours with very low eth price now it is th,1
1945,RT @dannyzamo: Great academic research presented by Emin Gün Sirer at #SatoshisVision about the future path for scaling Bitcoin Cash on-cha…,great academic research presented by emin gn sirer at about the future path for scaling bitcoin cash oncha,1
542,"Stock market https://t.co/rLF9rKgc5A Bitcoin will likely benefit if stocks suffer a ""major pullback,"" stated Tim Enn... #MAGA #1minNews #SEC",stock market bitcoin will likely benefit if stocks suffer a major pullback stated tim enn,0
926,"🔔 AddressCategory: Popular (92 addresses):
🔗 Txs: 67.49K (avg: 733.62)
📈 Input: 343.58K BTC / 2.90B USD (avg: 3.73K… https://t.co/CG3oVNuo8u",addresscategory popular 92 addresses txs 6749k avg 73362 input 34358k btc 290b usd avg 373k,1
4999,"@hashraider1337 Bitcoin -Gold (BTG) and become popularity &amp; fitting other expensive, just Your still donТt hold it?… https://t.co/SqlVLmj2uM",bitcoin gold btg and become popularity fitting other expensive just your still dont hold it,0
3858,"Name: Wings
Symbol: WINGS
24 hour change: -7.9%
Price: 0.458267
Rank: 187
Total Supply: 100000000.0
Volume: 1840970… https://t.co/O2lKvZwfcp",name wings symbol wings 24 hour change 79 price 0458267 rank 187 total supply 1000000000 volume 1840970,0
362,"@ElixiumCrypto Bitcoin BTG(OFFICIAL) (Bitcoin Gold) do  become popular ^&amp;^ right added expensive, just You still do… https://t.co/YiUkaTHYkK",bitcoin btgofficial bitcoin gold do become popular right added expensive just you still do,1
609,The latest Crypto World! https://t.co/4Af1DuRS3s Thanks to @Reaproy @crypton07 @remuddthena1974 #blockchain #bitcoin,the latest crypto world thanks to,1
1862,#Bitcoin in #BigQuery: blockchain analytics on Public Data - by @allenday coming up in a few minutes #Blockchain tr… https://t.co/GSFdf6QVhL,in blockchain analytics on public data by coming up in a few minutes tr,0
5562,"@Safeincloudapp Bitcoin -Gold (BTG) go become popular &amp; right other expensive, only Your still donТt hold it? You g… https://t.co/FO0Aw3lqJx",bitcoin gold btg go become popular right other expensive only your still dont hold it you g,1
5602,#Bitcoin #Ethereum #Blockchain Kentucky Fried Chicken Canada Launches ?Bitcoin Bucket? https://t.co/HJPlUrpGC2,kentucky fried chicken canada launches bitcoin bucket,0
2169,#Bitcoin market capitalization 142.86B$. Decreased to 101.97% against #IBM https://t.co/ouApsKk8hh,market capitalization 14286b decreased to 10197 against,0
5081,"Name: Triggers
Symbol: TRIG
24 hour change: -18.84%
Price: 0.844929
Rank: 243
Total Supply: 32105578.0
Volume: 4145… https://t.co/D4NqHXyoMx",name triggers symbol trig 24 hour change 1884 price 0844929 rank 243 total supply 321055780 volume 4145,0
4303,RT @SeatacBCH: Many #BTC supporters mad at @BitPay for adding #BitcoinCash but I thought you were supposed to use Visa? Wasn't the narrativ…,many supporters mad at for adding but i thought you were supposed to use visa wasnt the narrativ,0
5658,"RT @CryptoZerp: ** USD vs Bitcoin Facts **

Which was used by drug dealers more last year?
- USD.

Which laundered more money last year?
-…",usd vs bitcoin facts which was used by drug dealers more last year usd which laundered more money last year,1
198,okay greys anatomy https://t.co/1CQlzEd3Go,okay greys anatomy,1
1444,"RT @hackapreneur: Cambridge Analytica data scandal? At least people are getting more 'concerned' about their data, &amp; social media usage. Di…",cambridge analytica data scandal at least people are getting more concerned about their data social media usage di,1
4163,"Name: EZToken
Symbol: EZT
24 hour change: -7.39%
Price: 0.915902
Rank: 413
Total Supply: 50000000.0
Volume: 1147620… https://t.co/CHFB6YZw5r",name eztoken symbol ezt 24 hour change 739 price 0915902 rank 413 total supply 500000000 volume 1147620,0
2129,"RT @LoganPaul: checking my bitcoin investments while training for the @KSIOlajidebt fight, going well so far on both fronts https://t.co/Nq…",checking my bitcoin investments while training for the fight going well so far on both fronts,1
2601,@gotgoxed @blckchaindaily @USMarshalsGov Bitcoin Private mainnet test successfully complete! BTCP blockchain works… https://t.co/6SZ8FfdBYO,bitcoin private mainnet test successfully complete btcp blockchain works,1
4011,"@RamenCoin2018 Here's your chance to get 1700 #RamenCoin from our NEW #Airdrop

#RamenCoin $RAMEN #airdrop #bounty… https://t.co/9XK7lnMJFi",heres your chance to get 1700 from our new ramen,1
1199,"Name: Everex
Symbol: EVX
24 hour change: -10.69%
Price: 1.23899
Rank: 285
Total Supply: 25000000.0
Volume: 2551810.… https://t.co/qZJbKE6bsW",name everex symbol evx 24 hour change 1069 price 123899 rank 285 total supply 250000000 volume 2551810,0
3555,Hi there- I accidentally sent 0.1 BTC to this address (tx: [tx]) - could you please send it back where it ca… https://t.co/qd8vNnBqmL,hi there i accidentally sent 01 btc to this address tx tx could you please send it back where it ca,0
664,Crypto Collectibles Are Worthless Without a Website &gt;&gt;@ https://t.co/mryQAvZJpa || #Bitcoin #BTC #Altcoin #Crypto $… https://t.co/gAAzi4F0lF,crypto collectibles are worthless without a website gtgt,0
4677,Lightning Network Beta Goes Live on the Bitcoin Mainnet https://t.co/BljdBOrwUI,lightning network beta goes live on the bitcoin mainnet,1
2812,Gainfy is doing token airdrop. Sign up for free token via https://t.co/3NY8syyFTJ @gainfy #blockchain #healthcare… https://t.co/bZzVvCwOe3,gainfy is doing token airdrop sign up for free token via,1
1364,"Crypto is for “Crooks” and “Dirty Politicians”, According to Visa Exec https://t.co/ouu8vJBjT9 
#newsoftheweek… https://t.co/mTiwupsihm",crypto is for crooks and dirty politicians according to visa exec,0
2572,@DrDenaGrayson @ericgeller Dow Futures are down over 170. This does not bode well for the Stock Market. Concerned i… https://t.co/ghz0gD1wHq,dow futures are down over 170 this does not bode well for the stock market concerned i,0
5465,""" The more I looked into it, the more I came to the conclusion tha https://t.co/SEbGb7Gj5t #Cybersecurity #Bitcoin https://t.co/grFOANBz6d",the more i looked into it the more i came to the conclusion tha,1
959,"#Essentia users own their data, identity and communications, enabling a new powerful full picture data driven way t… https://t.co/j7qURR0VfC",users own their data identity and communications enabling a new powerful full picture data driven way t,1
4471,"RT @Mokenex: @Mokenex Main Token Sale is over. However, we announce extended mini ICO with 20 ETH hard cap! 
Plus Generous Airdrop of remai…",main token sale is over however we announce extended mini ico with 20 eth hard cap plus generous airdrop of remai,0
1666,New post (Crypto Trade Shapeshift Acquires KeepKey Components Wallets - Bitcoin Magazine) has been published on Red… https://t.co/aOyNZ3VWXv,new post crypto trade shapeshift acquires keepkey components wallets bitcoin magazine has been published on red,1
3204,Challenge reach maintain type create turn organization #Bitcoin,challenge reach maintain type create turn organization,0
4527,"RT @ewiesen: @adamludwin So if you are right, Bitcoin is either the foundational lawyer of a world-changing shift, OR the base layer of a p…",so if you are right bitcoin is either the foundational lawyer of a worldchanging shift or the base layer of a p,0
233,My twitter header is the end game #lifegoals #cryptolife #Cryptocurrency #Bitcoin #FinancialFreedom,my twitter header is the end game,0
3301,RT @CNBC: Jack Dorsey predicts bitcoin will be the single currency of the internet in the near future. https://t.co/2vDrAe92c4,jack dorsey predicts bitcoin will be the single currency of the internet in the near future,1
3763,@antares_capital Bitcoin Private mainnet test successfully complete! BTCP blockchain works stably.12 global exchang… https://t.co/12rAXQe96V,bitcoin private mainnet test successfully complete btcp blockchain works stably12 global exchang,1
1704,"Name: Metaverse ETP
Symbol: ETP
24 hour change: -7.31%
Price: 0.916632
Rank: 213
Total Supply: 57381186.0
Volume: 1… https://t.co/7SRbOPoAgG",name metaverse etp symbol etp 24 hour change 731 price 0916632 rank 213 total supply 573811860 volume 1,0
3457,@chiu_eliseo @CryptoCobain https://t.co/H6AmJDptFT Get free Bitcoin when Browsing https://t.co/x3QWoV5YiU,get free bitcoin when browsing,1
5624,@aelfblockchain maybe new bitcoin,maybe new bitcoin,1
4680,"RT @wespostdotcom: Contributed by @ivyriane ""Bitcoin and Altcoins are becoming much more mainstream and with the public acceptance of this…",contributed by bitcoin and altcoins are becoming much more mainstream and with the public acceptance of this,1
1157,"[04:18] #Milan Here's an other #free #BitCoin #Miner, all you need is an #BTC Adres for #payout.… https://t.co/CHWaior017",0418 heres an other all you need is an adres for,1
2731,"#blockchain #btc #crypto #cryptocurrency #bitcoin #Ethereum #ETH 57 
 The first blockchain platform to power sports… https://t.co/LZGSlGAfjp",57 the first blockchain platform to power sports,1
2327,"Name: Wings
Symbol: WINGS
24 hour change: -7.63%
Price: 0.460402
Rank: 187
Total Supply: 100000000.0
Volume: 184284… https://t.co/aQXNABkLda",name wings symbol wings 24 hour change 763 price 0460402 rank 187 total supply 1000000000 volume 184284,0
1152,"#blockchain #btc #crypto #cryptocurrency #bitcoin #Ethereum #ETH 41 
 The first blockchain platform to power sports… https://t.co/G0NwmslXxm",41 the first blockchain platform to power sports,1
5412,RT @ErrataRob: Typical story. Organizations ignore the ransomware threat because it's only getting the occasional desktop computer. Then it…,typical story organizations ignore the ransomware threat because its only getting the occasional desktop computer then it,0
5233,"Name: INS Ecosystem
Symbol: INS
24 hour change: -6.0%
Price: 1.20002
Rank: 221
Total Supply: 50000000.0
Volume: 829… https://t.co/FrQSfgFxj2",name ins ecosystem symbol ins 24 hour change 60 price 120002 rank 221 total supply 500000000 volume 829,0
3180,Pullback Ahead? Bitcoin Hits Stiff Resistance at $9K - CoinDesk https://t.co/swb0KkAk1I,pullback ahead bitcoin hits stiff resistance at 9k coindesk,0
500,"Name: AdEx
Symbol: ADX
24 hour change: -7.12%
Price: 0.756351
Rank: 153
Total Supply: 100000000.0
Volume: 6606940.0… https://t.co/9evpyTfbaC",name adex symbol adx 24 hour change 712 price 0756351 rank 153 total supply 1000000000 volume 66069400,0
903,RT @rateico: Pseudo-elections... Theater of the Absurd! 👍 Putin-Shalоmov Won! #BS #elections #democracy #Constitution #conspiracy #Politics…,pseudoelections theater of the absurd putinshalmov won,0
1240,"Name: COSS
Symbol: COSS
24 hour change: -8.55%
Price: 0.248617
Rank: 335
Total Supply: 104000000.0
Volume: 1074470.… https://t.co/0860S5evIa",name coss symbol coss 24 hour change 855 price 0248617 rank 335 total supply 1040000000 volume 1074470,0
145,'Child abuse links could make Bitcoin blockchain illegal' - Researchers in Germany have found hundreds of links to… https://t.co/U09UijKgPw,child abuse links could make bitcoin blockchain illegal researchers in germany have found hundreds of links to,0
3622,RT @ccryptoventures: New post (Bitcoin Falls on Fears of Regulatory Trouble for Big Crypto Exchange) has been published on Crypto Ventures…,new post bitcoin falls on fears of regulatory trouble for big crypto exchange has been published on crypto ventures,0
818,"RT @unifycrypto: Guess what is this? Yup, it's the Android wallet for Unify coin! You can download it right now from https://t.co/mPHrboNCk…",guess what is this yup its the android wallet for unify coin you can download it right now from,1
368,"@coin_chart Bitcoin BTG(OFFICIAL) (Bitcoin-Gold) are becomes best news and seemly new expensive, marely Your still… https://t.co/FVMxir4v50",bitcoin btgofficial bitcoingold are becomes best news and seemly new expensive marely your still,1
29,Scaling properties of extreme price fluctuations in Bitcoin markets https://t.co/VRZZZtOkzp,scaling properties of extreme price fluctuations in bitcoin markets,0
1312,"@nekoashi13 @Nekoashi Bitcoin -Gold (Bitcoin Gold) go gaining best news ^&amp;^ seemly more expensive, marely You still… https://t.co/A4TvAJFbH3",bitcoin gold bitcoin gold go gaining best news seemly more expensive marely you still,1
949,RT @silkdynastystx: Pump and dizzle.... Tough to watch knowing how many billions were lost from peak hype where John Q. Public got in betwe…,pump and dizzle tough to watch knowing how many billions were lost from peak hype where john q public got in betwe,1
4969,Billboard in Vancouver near 6th and Pine #bitcoin @globeandmail https://t.co/wBZCzt22i5,billboard in vancouver near 6th and pine,1
840,Those crazy liberal millennials are taking computer science courses at Berkeley. God help us. https://t.co/wnN346N19t,those crazy liberal millennials are taking computer science courses at berkeley god help us,0
4754,"@kryptojackpot1 Bitcoin Gold (Bitcoin Gold) a becomes popular ^&amp;^ apt extra expensive, only You still donТt own it?… https://t.co/6dJFmpGDhI",bitcoin gold bitcoin gold a becomes popular apt extra expensive only you still dont own it,1
5381,@safphic I am sure you can be a marvellous bitcoin expert please check https://t.co/6rortIStnD,i am sure you can be a marvellous bitcoin expert please check,1
4073,Bitcoin Analysis - Bulls weak https://t.co/eI9Wm6DmQW https://t.co/8JgExIeFZB,bitcoin analysis bulls weak,0
3359,RT @p2psf: I just published “P2PS ICO: Bitcoin is One of the Most important inventions in all of human history!” https://t.co/j63JOS5FDs,i just published p2ps ico bitcoin is one of the most important inventions in all of human history,1
3031,"Name: Raiden Network Token
Symbol: RDN
24 hour change: -12.98%
Price: 1.49686
Rank: 129
Total Supply: 100000000.0
V… https://t.co/t9hKBIYjze",name raiden network token symbol rdn 24 hour change 1298 price 149686 rank 129 total supply 1000000000 v,0
4462,Three compelling reasons. https://t.co/7xFINFzTZQ,three compelling reasons,1
2066,Will He Buy Bitcoin with $50 Mil?? 💵💰BTC $8500 | Make Mad Money… https://t.co/S0gdLOdCHY,will he buy bitcoin with 50 mil btc 8500 make mad money,0
4559,https://t.co/JdDhAOu30a Mariposa and Lettisia digitally recording their new #video #Facebookgate #GasmaskGirl… https://t.co/ztfRoH2mu1,mariposa and lettisia digitally recording their new,1
47,#SUB Price is 0.00004536 (-0.00000022) #BTC / 0.381257 (-0.00129) #USD. Market rank is 116. #substratum #bitcoin #blockchain,price is 000004536 000000022 0381257 000129 market rank is 116,0
1900,#ADA Price is 0.00002255 (-0.00000004) #BTC / 0.189556 (-0.00006) #USD. Market rank is 6. #cardano #bitcoin #blockchain,price is 000002255 000000004 0189556 000006 market rank is 6,0
3132,"Name: https://t.co/0Ow97ROsxE Utility Token
Symbol: SXUT
24 hour change: -8.04%
Price: 0.267369
Rank: 510
Total Sup… https://t.co/cGbqWwjk5t",name utility token symbol sxut 24 hour change 804 price 0267369 rank 510 total sup,0
421,"Name: Everex
Symbol: EVX
24 hour change: -12.2%
Price: 1.22293
Rank: 284
Total Supply: 25000000.0
Volume: 2576970.0… https://t.co/oiWmJPSVHd",name everex symbol evx 24 hour change 122 price 122293 rank 284 total supply 250000000 volume 25769700,0
346,RT @ToneVays: Awesome to be mentioned by @maxkeiser in his interview with @lopp for the work done during the 2017 #Bitcoin #HordFork covera…,awesome to be mentioned by in his interview with for the work done during the 2017 covera,1
424,"Name: IoT Chain
Symbol: ITC
24 hour change: -6.85%
Price: 1.07396
Rank: 160
Total Supply: 100000000.0
Volume: 83879… https://t.co/7vAHulNqra",name iot chain symbol itc 24 hour change 685 price 107396 rank 160 total supply 1000000000 volume 83879,0
4861,I Just Got 7 / 10 Correct Answers in bitcoin! Soon I Could Win Crypto-Tokens Using My Mind  https://t.co/1IDT5CmdaV via @Play_BrainerZ,i just got 7 10 correct answers in bitcoin soon i could win cryptotokens using my mind via,1
4004,"Name: Arcblock
Symbol: ABT
24 hour change: -12.14%
Price: 0.696062
Rank: 142
Total Supply: 186000000.0
Volume: 4597… https://t.co/xCR8ALQ4m7",name arcblock symbol abt 24 hour change 1214 price 0696062 rank 142 total supply 1860000000 volume 4597,0
4284,"Like I keep saying, people are absolutely free to modify Bitcoin (eg Segwit) heavily so it will fit in a multi-laye… https://t.co/TLImHlT3uS",like i keep saying people are absolutely free to modify bitcoin eg segwit heavily so it will fit in a multilaye,1
5067,"@TheCryptoDog This guy hates crypto for some reason. And he has defrauded so many investors. He's a scam artist, bu… https://t.co/2ACdKXwDSB",this guy hates crypto for some reason and he has defrauded so many investors hes a scam artist bu,1
4804,"Go home, Bitcoin, you’re drunk.",go home bitcoin youre drunk,0
5716,@TheRealXinxi @SatoshiLite I have much feeling!!!! Especially when it was costing me $35-$45/Bitcoin/transaction an… https://t.co/S06BcXZOFC,i have much feeling especially when it was costing me 3545bitcointransaction an,1
2380,(🤔#Binance In Trouble? / #Digix FI ...) - https://t.co/FG3xlk8KNq #cryptocurrency #BinanceCoin #Asset… https://t.co/13gYb9HrUC,in trouble fi,0
2786,"Bitcoin Invite — Earn Free
Bitcoin. Just Give Us 5 Minutes
of Your Time, and We'll Send
You $65 Worth of Bitcoins.
https://t.co/9ZJsDWaTGH",bitcoin invite earn free bitcoin just give us 5 minutes of your time and well send you 65 worth of bitcoins,1
2935,"cc: 
Previous
Tweet
Includes
#Bitcoin: https://t.co/ZheYClRr4p
Recent @ 8,622.127",cc previous tweet includes recent 8622127,0
5749,Better Bitcoin Relay? Crypto VCs Back BloXroute Funding https://t.co/oIfxNq7Pzz Learn trading :… https://t.co/JogsF0nXWu,better bitcoin relay crypto vcs back bloxroute funding learn trading,1
5819,5 fascinating facts about Ethereum blockchain https://t.co/AhtE2485Xd Learn trading : https://t.co/V7VDmPl9hc… https://t.co/Qq2EunlCnR,5 fascinating facts about ethereum blockchain learn trading,1
494,"[NEW POST]: 'Diet Bitcoin’: Brother of Drug Kingpin Pablo Escobar Launches Bizarre ICO, Claims He Met Satoshi +… https://t.co/c0oRMPd74l",new post diet bitcoin brother of drug kingpin pablo escobar launches bizarre ico claims he met satoshi,1
693,Times are changing and a cool company keep up with the times! #Essentia  #dApps #decentralized #ethereum #bitcoin… https://t.co/7fiOANdoQs,times are changing and a cool company keep up with the times,1
5035,Lots of fun https://t.co/ggC85VaDZT BCH Bitcoin Cash swag for conference attendees!,lots of fun bch bitcoin cash swag for conference attendees,1
4093,"RT! -&gt; Crypto Report – dead cat bounce or a reversal? Bitcoin, Ethereum and NEO https://t.co/XQNTP0qz5w #crypto",gt crypto report dead cat bounce or a reversal bitcoin ethereum and neo,0
325,"Name: AdEx
Symbol: ADX
24 hour change: -5.74%
Price: 0.760672
Rank: 152
Total Supply: 100000000.0
Volume: 6748420.0… https://t.co/WUsmULuvmZ",name adex symbol adx 24 hour change 574 price 0760672 rank 152 total supply 1000000000 volume 67484200,0
3251,ICO News: (Coinseed the Crypto Investment App Launches ICO) -Read on BlockDiscover: https://t.co/ggB370w4pV #ICO… https://t.co/uM4ZRQEDta,ico news coinseed the crypto investment app launches ico read on blockdiscover,0
2647,RT @BitcoinHQinfo: #Bitcoin Will Be World's 'Single Currency' Says #Twitter CEO https://t.co/jks5LlKh4j via @CoinDesk,will be worlds single currency says ceo via,0
4522,#ADA Price is 0.00002259 (+0.00000007) #BTC / 0.189612 (+0.00057) #USD. Market rank is 6. #cardano #bitcoin #blockchain,price is 000002259 000000007 0189612 000057 market rank is 6,0
123,"Name: INS Ecosystem
Symbol: INS
24 hour change: -10.62%
Price: 1.15479
Rank: 223
Total Supply: 50000000.0
Volume: 8… https://t.co/CHs89eA0Lr",name ins ecosystem symbol ins 24 hour change 1062 price 115479 rank 223 total supply 500000000 volume 8,0
3876,"Name: BlockMason Credit Protocol
Symbol: BCPT
24 hour change: -9.61%
Price: 0.493717
Rank: 221
Total Supply: 116158… https://t.co/0q8GIeUoE0",name blockmason credit protocol symbol bcpt 24 hour change 961 price 0493717 rank 221 total supply 116158,0
3341,https://t.co/E1ewQ35g83's CEO Wants To Undermine Wall Street With The Tech Behind Bitcoin (HBO) https://t.co/Xo7nPWYuNx,ceo wants to undermine wall street with the tech behind bitcoin hbo,0
586,(##NEO Expected to Jump ...) - https://t.co/sNFPSRrfz3 #cryptocurrency #CryptoNews #Altcoins #Bitcoin #BitcoinNews… https://t.co/6316iBl5Qr,expected to jump,0
3248,#DASH Price is 0.0472481 (-0.00022870) #BTC / 406.329 (-5.75100) #USD. Market rank is 12. #dash #bitcoin #blockchain,price is 00472481 000022870 406329 575100 market rank is 12,0
4722,"Name: ATBCoin
Symbol: ATB
24 hour change: -5.36%
Price: 0.244326
Rank: 436
Total Supply: 53118343.0
Volume: 2192270… https://t.co/28ktWnvfqm",name atbcoin symbol atb 24 hour change 536 price 0244326 rank 436 total supply 531183430 volume 2192270,0
2347,"@MJimenez7777 Bitcoin -Gold (Bitcoin Gold) go gaining popularity &amp; seemly added expensive, marely You still donТt o… https://t.co/T1VWJ8hZP5",bitcoin gold bitcoin gold go gaining popularity seemly added expensive marely you still dont o,0
1849,"Can Bitcoin go ahead and be back at least at the $12,000 level? https://t.co/67RCIy7Mw6",can bitcoin go ahead and be back at least at the 12000 level,0
2616,"WSJ: SEC To Examine Up To 100 Crypto-Related Hedge Funds
https://t.co/bnFMls9num
#Bitcoin #Blockchain #Cryptocurrency #Ethereum",wsj sec to examine up to 100 cryptorelated hedge funds,0
2245,"@bitcoinhacks Bitcoin BTG (Bitcoin-Gold) a gaining popularity and fitting more expensive, but You still donТt own i… https://t.co/OpZGr2Kisg",bitcoin btg bitcoingold a gaining popularity and fitting more expensive but you still dont own i,1
3319,"really want to donate to sci-hub for its priceless service rendered to all broke students but why do u only accept bitcoin, sci-hub.",really want to donate to scihub for its priceless service rendered to all broke students but why do u only accept bitcoin scihub,1
3626,"Good to read the UK is establishing a group to analyse and understand #crypto and #blockchain, not with the view to… https://t.co/rPRpAPF43X",good to read the uk is establishing a group to analyse and understand and not with the view to,1
3137,"RT @paintsaint916: POMA = Proof Of Mass Adoption 

POMA Team = A group of highly motivated individuals, pooling their skills together to ch…",poma proof of mass adoption poma team a group of highly motivated individuals pooling their skills together to ch,1
5328,"Name: Wings
Symbol: WINGS
24 hour change: -8.37%
Price: 0.454582
Rank: 188
Total Supply: 100000000.0
Volume: 181142… https://t.co/K70F0GvzWz",name wings symbol wings 24 hour change 837 price 0454582 rank 188 total supply 1000000000 volume 181142,0
3525,Good morning! The current price of Bitcoin is $8376.47.,good morning the current price of bitcoin is 837647,1
1568,Jack Dorsey predicts bitcoin could become the world's single currency in 10 years. A simple conclusion to be reache… https://t.co/lLqKeDQtTA,jack dorsey predicts bitcoin could become the worlds single currency in 10 years a simple conclusion to be reache,0
2690,"RT @babushka99: Investing in #Crypto Currencies - Play smart, invest carefully and expect the unexpected to happen. https://t.co/lZZSIwlSPq…",investing in currencies play smart invest carefully and expect the unexpected to happen,1
5649,"Name: NuBits
Symbol: USNBT
24 hour change: -12.94%
Price: 0.714487
Rank: 478
Total Supply: 70359638.0
Volume: 62543… https://t.co/ZELhwIVGb1",name nubits symbol usnbt 24 hour change 1294 price 0714487 rank 478 total supply 703596380 volume 62543,0
4086,new masternode coin with high roi https://t.co/EnMSk55ont,new masternode coin with high roi,1
168,"Bubble, Goat, Chicken McNuggets: #Bitcoin - As Seen On TV .

#crypto #Blockchain #fintech #Money #cryptoTrading #BTC https://t.co/3FPeFkwOG1",bubble goat chicken mcnuggets as seen on tv,0
4924,New Bitcoin Target Zones | Loopring (LRC) Analysis https://t.co/2WuCsL1Hel https://t.co/IjmoxAdtOO,new bitcoin target zones loopring lrc analysis,1
1690,"RT @balkaneum: “The world ultimately will have a single currency, the internet will have a single currency. I personally believe that it wi…",the world ultimately will have a single currency the internet will have a single currency i personally believe that it wi,0
807,"@cryptomanran Agreed, there are plenty of other exchanges Japanese can buy bitcoin.",agreed there are plenty of other exchanges japanese can buy bitcoin,0
127,"Buy Bitcoin, Bitcoin Cash, Monero, Zcash, or Litecoin. First they came for WikiLeaks. Then they came for our guns.… https://t.co/bbGFGZ75vV",buy bitcoin bitcoin cash monero zcash or litecoin first they came for wikileaks then they came for our guns,1
561,BTC $8444.11 Down -$0.76 -0.01% in the last hour #bitcoin #bitsmart,btc 844411 down 076 001 in the last hour,0
3988,"RT @BashCo_: On the day after Fake Satoshi tried to claim there is no cryptography in cryptocurrencies, Merriam-Webster adds #cryptocurrenc…",on the day after fake satoshi tried to claim there is no cryptography in cryptocurrencies merriamwebster adds,0
4645,"The Taobao ban, which covers other virtual currencies, also includes the sale of any guides, computer hardware or s… https://t.co/6M9JWYW5Bi",the taobao ban which covers other virtual currencies also includes the sale of any guides computer hardware or s,0
3108,#CryptoMarkets nervousness has increased once again. Many shorter time frames are looking fragile. Use caution!… https://t.co/1zWIccHfwO,nervousness has increased once again many shorter time frames are looking fragile use caution,1
4759,"@ElixiumCrypto Bitcoin BTG (Bitcoin Gold) and becomes best news also attractive extra expensive, but You still donТ… https://t.co/bUnNc99Ga4",bitcoin btg bitcoin gold and becomes best news also attractive extra expensive but you still don,1
2419,So who has actually read the #bitcoin #whitepaper? I know I have :D https://t.co/4OmHdjFwWe #blockchain #cryptocurrency,so who has actually read the i know i have d,1
1532,Successfully scrape data from any website with the power of Python https://t.co/wfnMi2wsWs #Cybersecurity #Bitcoin https://t.co/oSvmoEyDLo,successfully scrape data from any website with the power of python,1
1164,$VEE is changing the advertising industry itself. Ads will no longer be forced on you like some back alley assault.… https://t.co/bsSX4YxCds,vee is changing the advertising industry itself ads will no longer be forced on you like some back alley assault,0
3260,#DisruptAllHub Bitcoin: Monthly Web Traffic for Major Bitcoin Exchanges Falls by Half https://t.co/kaOAv0RNxK… https://t.co/K7eMBhdi9q,bitcoin monthly web traffic for major bitcoin exchanges falls by half,0
5061,German Researchers Uncover Illegal Content Linked to the Bitcoin Blockchain https://t.co/89V2LcMIzU #bitcoin… https://t.co/Hn2amy4mZ8,german researchers uncover illegal content linked to the bitcoin blockchain,0
5205,"#CryptoCurrencies 3 Simple Steps To Easy Success!

1 FREE #Bitcoin Wallet = #EarnBTC

https://t.co/xYNdLqBdyx

2 FR… https://t.co/mEiBJlqVOr",3 simple steps to easy success 1 free wallet 2 fr,1
4757,"Ramen coin is giving 500 more coins !!!!!!!!

(https://t.co/itl99LI0vX)

#RamenCoin $RAMEN #airdrop #bounty #ICO… https://t.co/2CFJvabnVQ",ramen coin is giving 500 more coins ramen,1
5252,No more excuses! https://t.co/dtQyarRF3s,no more excuses,0
5045,Twitter CEO: Bitcoin Will Become The World’s Single Currency  https://t.co/KD5VXN3O4a #Crypto #Etherium,twitter ceo bitcoin will become the worlds single currency,0
4866,"RT @epigencare: We are pleased to reveal our personalized skincare project, a direct-to-consumer test based on epigenetics with the privacy…",we are pleased to reveal our personalized skincare project a directtoconsumer test based on epigenetics with the privacy,1
1363,"Name: Steem Dollars
Symbol: SBD
24 hour change: -11.13%
Price: 2.05681
Rank: 267
Total Supply: 10950700.0
Volume: 2… https://t.co/WG61quFvzK",name steem dollars symbol sbd 24 hour change 1113 price 205681 rank 267 total supply 109507000 volume 2,0
3024,"Name: Mercury
Symbol: MER
24 hour change: -10.05%
Price: 0.197597
Rank: 292
Total Supply: 100000000.0
Volume: 12516… https://t.co/KvzJjEV4x7",name mercury symbol mer 24 hour change 1005 price 0197597 rank 292 total supply 1000000000 volume 12516,0
5246,"Friday Refresh To ➡ February 10, 2018@3:37pm 

 Rumor has it cryptocurrency is the hot new way for techies t ║… https://t.co/G4OlumZRC9",friday refresh to february 10 2018 rumor has it cryptocurrency is the hot new way for techies t,1
1352,"Begin your journey into the future with Jolly5xpander and all other Jolly programs 
#xpander #jollycoin #x1 #x2… https://t.co/nQcJ9k6s34",begin your journey into the future with jolly5xpander and all other jolly programs,0
335,"RT @mclynd: [#Disruption] #Bank-based #blockchain projects are going to transform the #financialservices industry

https://t.co/RU92DlyRAQ…",based projects are going to transform the industry,0
2355,@googletranslate Explain this shit #CryptoMining Behind the scene #Chrome #Extension #bitcoin #ETHEREUM #Blockchain… https://t.co/L4ZKJjD8i5,explain this shit behind the scene,0
1332,"In case you missed it, we're currently running an airdrop registration form! Join now before it's too late! Re-twee… https://t.co/jTEPccSa0m",in case you missed it were currently running an airdrop registration form join now before its too late retwee,0
5370,"Bitcoin Cash $BCH price: $1003.27 

We verified that Binance is accepting new users! 🤔 😊  

➡️… https://t.co/ejF8Kh0YIG",bitcoin cash bch price 100327 we verified that binance is accepting new users,1
5527,"Name: Everex
Symbol: EVX
24 hour change: -11.95%
Price: 1.22663
Rank: 284
Total Supply: 25000000.0
Volume: 2572120.… https://t.co/G3qGo1RV3l",name everex symbol evx 24 hour change 1195 price 122663 rank 284 total supply 250000000 volume 2572120,0
2809,Some of Bitcoin’s Earliest Adopters Find it Difficult to ‘Cash Out’ #bitcoin .. https://t.co/MkxczyQ2gZ,some of bitcoins earliest adopters find it difficult to cash out,0
2117,"Jack Dorsey, the CEO of Twitter, believes Bitcoin will be the world's ""single currency"". #btc #eth #bitcoin… https://t.co/F5j9ZaOrWw",jack dorsey the ceo of twitter believes bitcoin will be the worlds single currency,0
3978,@ProfFaustus @haseebinc @lopp @naval Yo m80 Fuck Off sign the address with the fucking private key from the first b… https://t.co/1bCVi7f98o,yo m80 fuck off sign the address with the fucking private key from the first b,0
1314,"Bitcoin May Be Down, But It's Actually Ahead of Schedule to Hit $1 Million https://t.co/vcIX8oO4sO",bitcoin may be down but its actually ahead of schedule to hit 1 million,0
789,"Name: Matchpool
Symbol: GUP
24 hour change: -15.54%
Price: 0.187784
Rank: 358
Total Supply: 98855150.0
Volume: 2767… https://t.co/JHeQfR2JAb",name matchpool symbol gup 24 hour change 1554 price 0187784 rank 358 total supply 988551500 volume 2767,0
585,"Name: IoT Chain
Symbol: ITC
24 hour change: -4.92%
Price: 1.11937
Rank: 157
Total Supply: 100000000.0
Volume: 83781… https://t.co/EtYF4fEyst",name iot chain symbol itc 24 hour change 492 price 111937 rank 157 total supply 1000000000 volume 83781,0
4687,Bitcoin and Sour Grapes Authored and published by Charles Hugh S https://t.co/4YQT0QQeQH,bitcoin and sour grapes authored and published by charles hugh s,0
1209,"Blocks are very slow atm. Looks like #Bitcoin miners aren't very productive today... then again it's Friday, maybe… https://t.co/JkbWDavwQA",blocks are very slow atm looks like miners arent very productive today then again its friday maybe,0
205,"@AndreyShimkov Bitcoin BTG (Bitcoin-Gold) and become best news &amp; fitting more expensive, simply You still donТt hol… https://t.co/kgUZxnBrnY",bitcoin btg bitcoingold and become best news fitting more expensive simply you still dont hol,1
5677,Bitcoin falls on fears of regulatory trouble for crypto exchange https://t.co/UOHg5FNqA9 #news #bitcoin,bitcoin falls on fears of regulatory trouble for crypto exchange,0
425,"Name: CRYPTO20
Symbol: C20
24 hour change: -5.98%
Price: 1.3133
Rank: 162
Total Supply: 40656082.0
Volume: 2835100.… https://t.co/7R3Zg5ifM8",name crypto20 symbol c20 24 hour change 598 price 13133 rank 162 total supply 406560820 volume 2835100,0
4174,@WhalePanda Satoshis Vision conference coming up. Brace for some good old bcash pumping / bitcoin mind games.,satoshis vision conference coming up brace for some good old bcash pumping bitcoin mind games,1
4349,Twitter CEO Dorsey Believes Bitcoin Will become the World’s Single Currency in 10 Years https://t.co/FpLCEIDIR6 https://t.co/55wh45tVbM,twitter ceo dorsey believes bitcoin will become the worlds single currency in 10 years,0
833,How to Earn Bitcoin for Free Without Investment 2018 I Earn FREE 1.0 BTC... https://t.co/jEGikGljKr qua @YouTube,how to earn bitcoin for free without investment 2018 i earn free 10 btc qua,1
267,"Friday Refresh To ➡ January 7, 2018@3:15pm 

 Governments are extremely worried about cryptocurrencies s ║… https://t.co/ciIinb9zKw",friday refresh to january 7 2018 governments are extremely worried about cryptocurrencies s,0
2364,RT @TradeToken: The big leak - Techbullion have leaked information on the upcoming platform being developed by the https://t.co/khRotqa8a7…,the big leak techbullion have leaked information on the upcoming platform being developed by the,1
399,"@204_donald Bitcoin BTG (Bitcoin-Gold) is become best news and attractive other expensive, just You still donТt own… https://t.co/rkloXW79Gb",bitcoin btg bitcoingold is become best news and attractive other expensive just you still dont own,1
1396,Show me some green ———————————– #bitcoin #cryptocurrency … https://t.co/CptaKrQP7s https://t.co/0n4JMkaqmJ,show me some green,0
5212,SOHM fulfills a niche that other Hollywood magazines do not provide. https://t.co/N1p9322FAa #people #news #vision… https://t.co/lBFiomP1UK,sohm fulfills a niche that other hollywood magazines do not provide,0
1859,"#Asian #Altcoin Trading Roundup: Top #Cryptocurrency is #BitcoinCash

#crypto #cryptoTrading #BCH #Fintech #BTC… https://t.co/RDvqD12Vg7",trading roundup top is,1
437,"@nnadisusatyo Bitcoin Gold (BTG) a become popularity and attractive new expensive, marely You still donТt own it? Y… https://t.co/lenVHjKYJR",bitcoin gold btg a become popularity and attractive new expensive marely you still dont own it y,1
387,"Bitcoin Cloud
#BTC2 #Airdrop
Total Supply # 20M
4M Coins Will be Airdrop For Free
Limited to 10,000 
Airdrop Date 5… https://t.co/caOTyfew79",bitcoin cloud total supply 20m 4m coins will be airdrop for free limited to 10000 airdrop date 5,1
4631,"BITCOIN WILL BE WORLD'S 'SINGLE CURRENCY' SAYS TWITTER CEO

Jack Dorsey, chief executive of Twitter and payment com… https://t.co/nnqClKgXyY",bitcoin will be worlds single currency says twitter ceo jack dorsey chief executive of twitter and payment com,0
5517,"Name: COSS
Symbol: COSS
24 hour change: -9.82%
Price: 0.2498
Rank: 335
Total Supply: 104000000.0
Volume: 1010260.0… https://t.co/zaFP8xjINj",name coss symbol coss 24 hour change 982 price 02498 rank 335 total supply 1040000000 volume 10102600,0
1201,"Twitter Bans @Bitcoin, SEC Threatens Exchanges, &amp; More with Guest Host TrollCoin – YMB Podcast E232 - YouMeAndBTC v… https://t.co/D1BHVkxHoI",twitter bans sec threatens exchanges more with guest host trollcoin ymb podcast e232 youmeandbtc v,1
2908,Bitcoin Price Shrugs Off Child Pornography Report to Top $9000 Again ... #Bitcoin https://t.co/BIY4OS0R4L,bitcoin price shrugs off child pornography report to top 9000 again,1
4345,I’m sorry. This sounds like a damn comic book 😂😂😂 https://t.co/wls247XHd9,im sorry this sounds like a damn comic book,0
2552,The best analysis tools of cryptocurrency for trader &amp; investor https://t.co/soswcoBagu #crypto #cryptocurrencies… https://t.co/gbbkjRxaMZ,the best analysis tools of cryptocurrency for trader investor,1
2521,Why do my eyes slowly shift in Russia's direction? This seems like a small first attempt... https://t.co/y0Sw7sXi84,why do my eyes slowly shift in russias direction this seems like a small first attempt,0
3795,"RT @bethereumteam: After a successful launch of our Bounty campaign, we've managed to filter out the Bounty related questions to: https://t…",after a successful launch of our bounty caign weve managed to filter out the bounty related questions to,1
1836,it's called bitcoin because it's only worth a lil bit,its called bitcoin because its only worth a lil bit,1
2233,https://t.co/gOMrBcdMU3 airdrop Follow us and send your Ethereum wallet address: twitter accounts with at least 300… https://t.co/msYCpX2RRq,airdrop follow us and send your ethereum wallet address twitter accounts with at least 300,0
3837,#Lendingblock is providing the secure solution for easy lending and borrowing #cryptocurrency. LND #token is on sal… https://t.co/lE34cY9ngS,is providing the secure solution for easy lending and borrowing lnd is on sal,1
4972,"Have you tried the game  #Super Twister. Register now at Bodogindia and get Rs. 10,000.   Play now at… https://t.co/EpD2xcjQn5",have you tried the game twister register now at bodogindia and get rs 10000 play now at,0
207,"Name: BlockMason Credit Protocol
Symbol: BCPT
24 hour change: -13.87%
Price: 0.467683
Rank: 223
Total Supply: 11615… https://t.co/X3UzaV9cbZ",name blockmason credit protocol symbol bcpt 24 hour change 1387 price 0467683 rank 223 total supply 11615,0
1624,"BitKong | Fun &amp; Addictive, provably fair bitcoin game https://t.co/THuM89MPQH #bitcoin via @playbitkong",bitkong fun addictive provably fair bitcoin game via,1
4387,"Name: CRYPTO20
Symbol: C20
24 hour change: -8.48%
Price: 1.28693
Rank: 169
Total Supply: 40656082.0
Volume: 2565820… https://t.co/skt0nLkNHC",name crypto20 symbol c20 24 hour change 848 price 128693 rank 169 total supply 406560820 volume 2565820,0
4311,"#blockchain #btc #crypto #cryptocurrency #bitcoin #Ethereum #ETH 30 
 The first blockchain platform to power sports… https://t.co/672kZ3UgO3",30 the first blockchain platform to power sports,1
5064,"Name: Tidex Token
Symbol: TDX
24 hour change: -38.2%
Price: 0.312542
Rank: 646
Total Supply: 10000000.0
Volume: 298… https://t.co/z77fhrUGGH",name tidex token symbol tdx 24 hour change 382 price 0312542 rank 646 total supply 100000000 volume 298,0
3450,@mamawhale you can always pay in PBR. fuck Bitcoin,you can always pay in pbr fuck bitcoin,0
2180,Let’s see how this goes Wanchain listed on Binance. #wan $wan #icx #icon #btc #bitcoin #eth #blockchain… https://t.co/9ckCqne5q8,lets see how this goes wanchain listed on binance wan,0
1775,"#Bitcoin #Ethereum #Blockchain ?Bitcoin is a Fork, Bitcoin Cash Is the Original Blockchain,? Claims NIST... https://t.co/VmaJx1CIui",bitcoin is a fork bitcoin cash is the original blockchain claims nist,1
202,"Name: Metaverse ETP
Symbol: ETP
24 hour change: -7.97%
Price: 0.929882
Rank: 216
Total Supply: 57378040.0
Volume: 1… https://t.co/3oDEbKTgjN",name metaverse etp symbol etp 24 hour change 797 price 0929882 rank 216 total supply 573780400 volume 1,0
1825,Do Sub Numbers really matter? If trolls are making multiple fake accounts and bots are everywhere does the number o… https://t.co/ZbQ195Tte9,do sub numbers really matter if trolls are making multiple fake accounts and bots are everywhere does the number o,0
2713,"""Bitcoin Cash has all the qualities Bitcoin is supposed have: it's sound, peer-to-peer electronic cash with low fee… https://t.co/ydnjaqihjg",bitcoin cash has all the qualities bitcoin is supposed have its sound peertopeer electronic cash with low fee,1
1055,The 3 Best Hardware Wallets For #Bitcoin ( + Altcoins Supported) #BTC #ETH https://t.co/qLml6Gw22V,the 3 best hardware wallets for altcoins supported,1
4708,This is awesome! https://t.co/zopweLisPh,this is awesome,1
5263,"RT WhalePanda ""Blocks are very slow atm. Looks like #Bitcoin miners aren't very productive today... then again it's… https://t.co/dcbcjxFND1",whalepanda blocks are very slow atm looks like miners arent very productive today then again its,0
822,"RT @theonevortex: Thanks so much for the mention Max!
https://t.co/zTbBIiV6H8",thanks so much for the mention max,1
4577,RT @such_app: Here's a few different ways in which Suchapp is trying to revolutonize the way we use messaging apps! What do you guys think?…,heres a few different ways in which suchapp is trying to revolutonize the way we use messaging apps what do you guys think,0
5204,"@antisnatchor @riskybusiness @nzben That’s a good point, but my illustration was more about the trustworthiness of… https://t.co/LpeuIsHi3z",thats a good point but my illustration was more about the trustworthiness of,1
1320,RT @froshfeel: Take advantage of the low rates. Great time to participate in our preICO right now! 50% bonus still going on! Click here to…,take advantage of the low rates great time to participate in our preico right now 50 bonus still going on click here to,1
4226,"Love to learn the A to Z of crypto currencies and bitcoin trading :)
https://t.co/Xc6FOArqvV 
#bitcoin… https://t.co/BlCyE4nqtf",love to learn the a to z of crypto currencies and bitcoin trading,1
2487,The latest Bitcoin Currency Today! https://t.co/0iYhWD6Rmb Thanks to @BitBayofficial @annalecta @icostrong #bitcoin #blockchain,the latest bitcoin currency today thanks to,1
5664,"RT @Hashtags_Trends: $BTCz info now on #Binance.

$BTCz is the coin one can surely call it Bitcoin 2.0 at all levels. I urge everyone to ca…",btcz info now on btcz is the coin one can surely call it bitcoin 20 at all levels i urge everyone to ca,1
5145,DataBroker DAO Presale is now Live until April 25th. #Crypto #Blockchain # #databrokerdao #data #sensordata… https://t.co/xKg5eKbj92,databroker dao presale is now live until april 25th,1
2385,RT @MarkYusko: Signing off Amigos. Join me in a few hours on @FoxBusiness @MorningsMaria as I try to keep up with the sharpest host on AM t…,signing off amigos join me in a few hours on as i try to keep up with the sharpest host on am t,0
2871,"RT @Stellar_BSW: ➡ Freelancing ::

● Learn Blogging and Entrepreneurship
● Start Small Business Online
● we Build your Website/App @ Low Pr…",freelancing learn blogging and entrepreneurship start small business online we build your websiteapp low pr,0
3885,"Sign up for Robinhood to invest in Bitcoin and stocks, and we'll both get a free stock like Apple, Ford, or Sprint! https://t.co/ooZS4BCe2S",sign up for robinhood to invest in bitcoin and stocks and well both get a free stock like apple ford or sprint,1
322,"Name: Eidoo
Symbol: EDO
24 hour change: -13.23%
Price: 1.61017
Rank: 175
Total Supply: 90208328.0
Volume: 6499310.0… https://t.co/k3c9T6t1bM",name eidoo symbol edo 24 hour change 1323 price 161017 rank 175 total supply 902083280 volume 64993100,0
4499,"When the FUD season cools down, #Bitcoin will go back up again. End of story. #HODL https://t.co/ysP7bM4pSw",when the fud season cools down will go back up again end of story,0
2410,"WONDERFUL!
Let us see how long it takes @FBI to find this person (even w/Homeland Security's help). https://t.co/JQKkYaGIUM",wonderful let us see how long it takes to find this person even whomeland securitys help,1
4161,"@aliasvaughn Bitcoin, money laundering, TT, etc. So many to choose from.",bitcoin money laundering tt etc so many to choose from,1
5647,"Number One Site to Earn Free Bitcoins : https://t.co/LCc9X1kD6X #bitcoin #btc March 23, 2018 at 06:15AM",number one site to earn free bitcoins march 23 2018 at 0615am,1
2449,"n the (near) future, your business won’t afford to not be connected to such an advanced data trading platform Visit… https://t.co/RbqccNdWRn",n the near future your business wont afford to not be connected to such an advanced data trading platform visit,1
876,"Peter Thiel Is Long on Bitcoin, a “Deeply Contrarian Investment” https://t.co/1qgICuS548 
#newsoftheweek #Bitcoin… https://t.co/qzMI6comJ9",peter thiel is long on bitcoin a deeply contrarian investment,0
4990,$INNV Purchase UriVArx - a dietary supplement to support healthy bladder function https://t.co/Vor2JxpPSD #bladder… https://t.co/ChKla7BoiM,innv purchase urivarx a dietary supplement to support healthy bladder function,1
269,0.1 bitcoin (fast delivery 1-2 min) https://t.co/OLLPhC3IYi https://t.co/U4DPEKLGX8,01 bitcoin fast delivery 12 min,1
271,#DASH Price is 0.0478863 (+0.00009710) #BTC / 402.467 (+1.37100) #USD. Market rank is 11. #dash #bitcoin #blockchain,price is 00478863 000009710 402467 137100 market rank is 11,0
2080,"Name: Arcblock
Symbol: ABT
24 hour change: -12.48%
Price: 0.688082
Rank: 143
Total Supply: 186000000.0
Volume: 4492… https://t.co/d7wbfrMd3O",name arcblock symbol abt 24 hour change 1248 price 0688082 rank 143 total supply 1860000000 volume 4492,0
5116,"#BTC2 , @btccloud
#airdrop Round 1 https://t.co/qYmBUcmGqB",round 1,0
884,The latest The Jean Flower Daily! https://t.co/ffH0LCtOdl Thanks to @GdnPolitics @HertsFRSControl @dbfamilylaw #business #bitcoin,the latest the jean flower daily thanks to,1
3621,"""Data protection by design and default"". It’s impossible to reconstruct the content of a transaction from the one-w… https://t.co/3CSFkXAyRq",data protection by design and default its impossible to reconstruct the content of a transaction from the onew,0
1529,#Canadian Regulator Warns Against 'Illegal' #Crypto #Investment Scheme. #Blockchain #fintech #Bitcoin #CryptoTrading https://t.co/0dHK2lUE67,regulator warns against illegal scheme,0
3586,"Name: Metaverse ETP
Symbol: ETP
24 hour change: -13.18%
Price: 0.881314
Rank: 221
Total Supply: 57379628.0
Volume:… https://t.co/y0U1FOUpWg",name metaverse etp symbol etp 24 hour change 1318 price 0881314 rank 221 total supply 573796280 volume,0
1154,"Name: Moeda Loyalty Points
Symbol: MDA
24 hour change: -8.37%
Price: 0.853823
Rank: 328
Total Supply: 19628888.0
Vo… https://t.co/sZcspPayxb",name moeda loyalty points symbol mda 24 hour change 837 price 0853823 rank 328 total supply 196288880 vo,0
755,#bitcoin #xrp #news #These teams are competing to create devices that can extract water from thin air - https://t.co/6HfFZd7w2l #,teams are competing to create devices that can extract water from thin air,0
1078,"Wendy McElroy: Privacy – Do Not Come Late to the Revolution https://t.co/rgHaRGvv4e 
#newsoftheweek #Bitcoin… https://t.co/qUhbMCqYH1",wendy mcelroy privacy do not come late to the revolution,0
3145,RT @PatWielandLIVE: Wow... The new @CoolWallet is SICK! Yes this is a #Bitcoin #Litecoin #Digibyte Wallet that is the size of a Credit Card…,wow the new is sick yes this is a wallet that is the size of a credit card,0
3328,"Name: Metaverse ETP
Symbol: ETP
24 hour change: -4.47%
Price: 0.941874
Rank: 219
Total Supply: 57377714.0
Volume: 1… https://t.co/cOmFD6i1tV",name metaverse etp symbol etp 24 hour change 447 price 0941874 rank 219 total supply 573777140 volume 1,0
5417,"@cryptopricebot Bitcoin Gold (Bitcoin-Gold) and gaining best news ^&amp;^ right new expensive, marely Your still donТt… https://t.co/ouL0xfsaqW",bitcoin gold bitcoingold and gaining best news right new expensive marely your still dont,1
1340,"RT @justicemate: Takes one to know one.

@Excellion Samson Mow: ""bitcoin isn't for people earning less than two $2 a day"".

Financial censo…",takes one to know one samson mow bitcoin isnt for people earning less than two 2 a day financial censo,0
4608,"RT @Nadia__Rafiq: Blockchain Technology: Major Disrupter In Marketing And Advertising 

#blockchain #bitcoin #cryptocurrency #DLT #SmartCon…",blockchain technology major disrupter in marketing and advertising,1
550,Seasoned IT software executive and blockchain advocate Nicolas Schobinger joins Multiven's blockchain project as se… https://t.co/G1okgpxIJe,seasoned it software executive and blockchain advocate nicolas schobinger joins multivens blockchain project as se,1
3713,"@AirdropKitty Bitcoin Gold (Bitcoin Gold) a becomes popularity and right extra expensive, only You still donТt hold… https://t.co/O8XjXL5yVH",bitcoin gold bitcoin gold a becomes popularity and right extra expensive only you still dont hold,0
4397,"Use BTC or DASH to trade Forex, crypto, and more at  @whaleclubco. 200x leverage.  $1B+ traded every month. #bitcoin https://t.co/AXD9Mjkykb",use btc or dash to trade forex crypto and more at 200x leverage 1b traded every month,1
1735,Twitter CEO expects Bitcoin to be world’s ‘single currency’ in 10 years https://t.co/T8aRFQXMGP #bitcoin… https://t.co/aG69bzoOje,twitter ceo expects bitcoin to be worlds single currency in 10 years,0
686,"""Milestone: Bitcoin was Just Used to Buy Two Condos in New York"" by /u/Metabudder via Bitcoin - The Currency of the… https://t.co/brVOCsNVBw",milestone bitcoin was just used to buy two condos in new york by umetabudder via bitcoin the currency of the,1
624,"@coin_chart Bitcoin BTG(OFFICIAL) (Bitcoin-Gold) go gaining best news ^&amp;^ becoming more expensive, just You still d… https://t.co/3Oiv0Ty4Wl",bitcoin btgofficial bitcoingold go gaining best news becoming more expensive just you still d,1
4536,More investments! https://t.co/TFxhGyBZaB,more investments,1
4232,"RT @EuropeanCryptoB: ECB's page is now available in the Ukrainian language. Come check it out
https://t.co/5Vp7T9kAKh
#blockchain #tokensal…",ecbs page is now available in the ukrainian language come check it out,1
3101,#bitcoin accepts all deposits. This could create a few issues https://t.co/AWOVBkjQZh,accepts all deposits this could create a few issues,0
5384,"Binance Says Reports Are False, Google Enters Blockchain And China Says Bitcoin Gives Freedom https://t.co/DNwWdgsRFh",binance says reports are false google enters blockchain and china says bitcoin gives freedom,0
213,".@Bitcoin (and all other #cryptocurrency) could become illegal almost everywhere, after shocking discovery in the… https://t.co/M9BXCW4m3d",and all other could become illegal almost everywhere after shocking discovery in the,0
408,"Name: Bread
Symbol: BRD
24 hour change: -10.73%
Price: 0.463877
Rank: 213
Total Supply: 88862718.0
Volume: 1370130.… https://t.co/GTvFZ81YOH",name bread symbol brd 24 hour change 1073 price 0463877 rank 213 total supply 888627180 volume 1370130,0
5108,RT @LuBonLez: Think about what a cyber attack on America's grid would mean. And the #GOP and #Trump are doing nothing to protect us--nothin…,think about what a cyber attack on americas grid would mean and the and are doing nothing to protect usnothin,0
4918,"Name: Blocktix
Symbol: TIX
24 hour change: -11.97%
Price: 0.343909
Rank: 365
Total Supply: 62500000.0
Volume: 10640… https://t.co/eHN2iRUz8B",name blocktix symbol tix 24 hour change 1197 price 0343909 rank 365 total supply 625000000 volume 10640,0
4840,"Name: DADI
Symbol: DADI
24 hour change: -5.91%
Price: 0.208388
Rank: 341
Total Supply: 100000000.0
Volume: 2699740.… https://t.co/gBjG3pNmxp",name dadi symbol dadi 24 hour change 591 price 0208388 rank 341 total supply 1000000000 volume 2699740,0
98,"daily looks worse than yesterday, RSI losing steam and potentially the green #5 might flip to Red #1.. meaning bull… https://t.co/M7AShkp1j4",daily looks worse than yesterday rsi losing steam and potentially the green might flip to red meaning bull,0
3762,"Average Bitcoin market price is: USD 8,395.54, EUR 6,813.57",average bitcoin market price is usd 839554 eur 681357,0
692,Is #cryptocurrency something you're looking into? Cloud mining is a great way to go. Check this out: https://t.co/EKhJZSBJY9 #bitcoin,is something youre looking into cloud mining is a great way to go check this out,1
1162,Bitcoin Loses $9k Support After @Binance Confusion Shakes Confidence https://t.co/M1dGYAaAJf,bitcoin loses 9k support after confusion shakes confidence,0
4012,"Bitcoin Cash $BCH price: $969.72 

HURRY! Binance is currently accepting new users 💸 😊  

➡️… https://t.co/kB0qjZZi75",bitcoin cash bch price 96972 hurry binance is currently accepting new users,1
2205,Is this a stupid idea or not? A small device that can never be connected to the outside world but can print out new… https://t.co/HLRSE5Xigq,is this a stupid idea or not a small device that can never be connected to the outside world but can print out new,0
5691,"Name: Santiment Network Token
Symbol: SAN
24 hour change: -12.97%
Price: 1.24781
Rank: 129
Total Supply: 83337000.0… https://t.co/1Ma5NEUA97",name santiment network token symbol san 24 hour change 1297 price 124781 rank 129 total supply 833370000,0
5736,The Securities and Futures Commission (SFC) of Hong Kong was forced to halt the KROPS ICO due to regulatory concern… https://t.co/wqub73gP29,the securities and futures commission sfc of hong kong was forced to halt the krops ico due to regulatory concern,0
3282,"$BTC #bitcoin ""RESPECT MAH AUTHORITAY"" Edition
- That's right bitcoin, respect my lines you weak ass coin
- You do… https://t.co/Ylkvj2CQY9",btc respect mah authoritay edition thats right bitcoin respect my lines you weak ass coin you do,0
2851,New post (Dutch Court Finds Bitcoin A Legitimate “Transferable V... | News) has been published on Algoritme trading… https://t.co/gfHnRoiHW0,new post dutch court finds bitcoin a legitimate transferable v news has been published on algoritme trading,1
2121,RT @Airexe_official: #Binance #exchange received warning from #Japan financial regulator because of absence of #KYC according to Japanese r…,received warning from financial regulator because of absence of according to japanese r,0
